2026-05-21 17:11:10.629 INFO  [background-preinit] o.h.validator.internal.util.Version - HV000001: Hibernate Validator 8.0.3.Final
2026-05-21 17:11:10.680 INFO  [restartedMain] c.k.a.AlgogaServerApplication - Starting AlgogaServerApplication using Java 17.0.18 with PID 30060 (C:\kidmily\algoga_server\build\classes\java\main started by user in C:\kidmily\algoga_server)
2026-05-21 17:11:10.681 INFO  [restartedMain] c.k.a.AlgogaServerApplication - No active profile set, falling back to 1 default profile: "default"
2026-05-21 17:11:10.726 INFO  [restartedMain] o.s.b.d.e.DevToolsPropertyDefaultsPostProcessor - Devtools property defaults active! Set 'spring.devtools.add-properties' to 'false' to disable
2026-05-21 17:11:10.726 INFO  [restartedMain] o.s.b.d.e.DevToolsPropertyDefaultsPostProcessor - For additional web related logging consider setting the 'logging.level.web' property to 'DEBUG'
2026-05-21 17:11:11.484 INFO  [restartedMain] o.s.d.r.c.RepositoryConfigurationDelegate - Bootstrapping Spring Data JPA repositories in DEFAULT mode.
2026-05-21 17:11:11.506 INFO  [restartedMain] o.s.d.r.c.RepositoryConfigurationDelegate - Finished Spring Data repository scanning in 13 ms. Found 0 JPA repository interfaces.
2026-05-21 17:11:12.167 INFO  [restartedMain] o.s.b.w.embedded.tomcat.TomcatWebServer - Tomcat initialized with port 15000 (http)
2026-05-21 17:11:12.181 INFO  [restartedMain] o.a.coyote.http11.Http11NioProtocol - Initializing ProtocolHandler ["http-nio-15000"]
2026-05-21 17:11:12.183 INFO  [restartedMain] o.apache.catalina.core.StandardService - Starting service [Tomcat]
2026-05-21 17:11:12.183 INFO  [restartedMain] o.apache.catalina.core.StandardEngine - Starting Servlet engine: [Apache Tomcat/10.1.54]
2026-05-21 17:11:12.245 INFO  [restartedMain] o.a.c.c.C.[Tomcat].[localhost].[/] - Initializing Spring embedded WebApplicationContext
2026-05-21 17:11:12.246 INFO  [restartedMain] o.s.b.w.s.c.ServletWebServerApplicationContext - Root WebApplicationContext: initialization completed in 1519 ms
2026-05-21 17:11:12.638 INFO  [restartedMain] o.hibernate.jpa.internal.util.LogHelper - HHH000204: Processing PersistenceUnitInfo [name: default]
2026-05-21 17:11:12.723 INFO  [restartedMain] org.hibernate.Version - HHH000412: Hibernate ORM core version 6.6.49.Final
2026-05-21 17:11:12.765 INFO  [restartedMain] o.h.c.internal.RegionFactoryInitiator - HHH000026: Second-level cache disabled
2026-05-21 17:11:13.043 INFO  [restartedMain] o.s.o.j.p.SpringPersistenceUnitInfo - No LoadTimeWeaver setup: ignoring JPA class transformer
2026-05-21 17:11:13.078 INFO  [restartedMain] com.zaxxer.hikari.HikariDataSource - HikariPool-1 - Starting...
2026-05-21 17:11:14.315 WARN  [restartedMain] o.h.engine.jdbc.spi.SqlExceptionHelper - SQL Error: 1044, SQLState: 42000
2026-05-21 17:11:14.316 ERROR [restartedMain] o.h.engine.jdbc.spi.SqlExceptionHelper - Access denied for user 'algoga'@'localhost' to database 'algogadb'
2026-05-21 17:11:14.318 WARN  [restartedMain] o.h.e.j.e.i.JdbcEnvironmentInitiator - HHH000342: Could not obtain connection to query metadata
org.hibernate.exception.SQLGrammarException: unable to obtain isolated JDBC connection [Access denied for user 'algoga'@'localhost' to database 'algogadb'] [n/a]
	at org.hibernate.exception.internal.SQLStateConversionDelegate.convert(SQLStateConversionDelegate.java:91)
	at org.hibernate.exception.internal.StandardSQLExceptionConverter.convert(StandardSQLExceptionConverter.java:58)
	at org.hibernate.engine.jdbc.spi.SqlExceptionHelper.convert(SqlExceptionHelper.java:108)
	at org.hibernate.engine.jdbc.spi.SqlExceptionHelper.convert(SqlExceptionHelper.java:94)
	at org.hibernate.resource.transaction.backend.jdbc.internal.JdbcIsolationDelegate.delegateWork(JdbcIsolationDelegate.java:116)
	at org.hibernate.engine.jdbc.env.internal.JdbcEnvironmentInitiator.getJdbcEnvironmentUsingJdbcMetadata(JdbcEnvironmentInitiator.java:334)
	at org.hibernate.engine.jdbc.env.internal.JdbcEnvironmentInitiator.initiateService(JdbcEnvironmentInitiator.java:129)
	at org.hibernate.engine.jdbc.env.internal.JdbcEnvironmentInitiator.initiateService(JdbcEnvironmentInitiator.java:81)
	at org.hibernate.boot.registry.internal.StandardServiceRegistryImpl.initiateService(StandardServiceRegistryImpl.java:130)
	at org.hibernate.service.internal.AbstractServiceRegistryImpl.createService(AbstractServiceRegistryImpl.java:263)
	at org.hibernate.service.internal.AbstractServiceRegistryImpl.initializeService(AbstractServiceRegistryImpl.java:238)
	at org.hibernate.service.internal.AbstractServiceRegistryImpl.getService(AbstractServiceRegistryImpl.java:215)
	at org.hibernate.boot.model.relational.Database.<init>(Database.java:45)
	at org.hibernate.boot.internal.InFlightMetadataCollectorImpl.getDatabase(InFlightMetadataCollectorImpl.java:226)
	at org.hibernate.boot.internal.InFlightMetadataCollectorImpl.<init>(InFlightMetadataCollectorImpl.java:194)
	at org.hibernate.boot.model.process.spi.MetadataBuildingProcess.complete(MetadataBuildingProcess.java:171)
	at org.hibernate.jpa.boot.internal.EntityManagerFactoryBuilderImpl.metadata(EntityManagerFactoryBuilderImpl.java:1442)
	at org.hibernate.jpa.boot.internal.EntityManagerFactoryBuilderImpl.build(EntityManagerFactoryBuilderImpl.java:1513)
	at org.springframework.orm.jpa.vendor.SpringHibernateJpaPersistenceProvider.createContainerEntityManagerFactory(SpringHibernateJpaPersistenceProvider.java:66)
	at org.springframework.orm.jpa.LocalContainerEntityManagerFactoryBean.createNativeEntityManagerFactory(LocalContainerEntityManagerFactoryBean.java:388)
	at org.springframework.orm.jpa.AbstractEntityManagerFactoryBean.buildNativeEntityManagerFactory(AbstractEntityManagerFactoryBean.java:419)
	at org.springframework.orm.jpa.AbstractEntityManagerFactoryBean.afterPropertiesSet(AbstractEntityManagerFactoryBean.java:400)
	at org.springframework.orm.jpa.LocalContainerEntityManagerFactoryBean.afterPropertiesSet(LocalContainerEntityManagerFactoryBean.java:364)
	at org.springframework.beans.factory.support.AbstractAutowireCapableBeanFactory.invokeInitMethods(AbstractAutowireCapableBeanFactory.java:1873)
	at org.springframework.beans.factory.support.AbstractAutowireCapableBeanFactory.initializeBean(AbstractAutowireCapableBeanFactory.java:1822)
	at org.springframework.beans.factory.support.AbstractAutowireCapableBeanFactory.doCreateBean(AbstractAutowireCapableBeanFactory.java:607)
	at org.springframework.beans.factory.support.AbstractAutowireCapableBeanFactory.createBean(AbstractAutowireCapableBeanFactory.java:529)
	at org.springframework.beans.factory.support.AbstractBeanFactory.lambda$doGetBean$0(AbstractBeanFactory.java:339)
	at org.springframework.beans.factory.support.DefaultSingletonBeanRegistry.getSingleton(DefaultSingletonBeanRegistry.java:373)
	at org.springframework.beans.factory.support.AbstractBeanFactory.doGetBean(AbstractBeanFactory.java:337)
	at org.springframework.beans.factory.support.AbstractBeanFactory.getBean(AbstractBeanFactory.java:207)
	at org.springframework.context.support.AbstractApplicationContext.finishBeanFactoryInitialization(AbstractApplicationContext.java:974)
	at org.springframework.context.support.AbstractApplicationContext.refresh(AbstractApplicationContext.java:628)
	at org.springframework.boot.web.servlet.context.ServletWebServerApplicationContext.refresh(ServletWebServerApplicationContext.java:146)
	at org.springframework.boot.SpringApplication.refresh(SpringApplication.java:752)
	at org.springframework.boot.SpringApplication.refreshContext(SpringApplication.java:439)
	at org.springframework.boot.SpringApplication.run(SpringApplication.java:318)
	at org.springframework.boot.SpringApplication.run(SpringApplication.java:1361)
	at org.springframework.boot.SpringApplication.run(SpringApplication.java:1350)
	at com.kidmily.algoga_server.AlgogaServerApplication.main(AlgogaServerApplication.java:10)
	at java.base/jdk.internal.reflect.NativeMethodAccessorImpl.invoke0(Native Method)
	at java.base/jdk.internal.reflect.NativeMethodAccessorImpl.invoke(NativeMethodAccessorImpl.java:77)
	at java.base/jdk.internal.reflect.DelegatingMethodAccessorImpl.invoke(DelegatingMethodAccessorImpl.java:43)
	at java.base/java.lang.reflect.Method.invoke(Method.java:569)
	at org.springframework.boot.devtools.restart.RestartLauncher.run(RestartLauncher.java:50)
Caused by: java.sql.SQLSyntaxErrorException: Access denied for user 'algoga'@'localhost' to database 'algogadb'
	at com.mysql.cj.jdbc.exceptions.SQLError.createSQLException(SQLError.java:112)
	at com.mysql.cj.jdbc.exceptions.SQLExceptionsMapping.translateException(SQLExceptionsMapping.java:114)
	at com.mysql.cj.jdbc.ConnectionImpl.createNewIO(ConnectionImpl.java:840)
	at com.mysql.cj.jdbc.ConnectionImpl.<init>(ConnectionImpl.java:416)
	at com.mysql.cj.jdbc.ConnectionImpl.getInstance(ConnectionImpl.java:237)
	at com.mysql.cj.jdbc.NonRegisteringDriver.connect(NonRegisteringDriver.java:180)
	at com.zaxxer.hikari.util.DriverDataSource.getConnection(DriverDataSource.java:144)
	at com.zaxxer.hikari.pool.PoolBase.newConnection(PoolBase.java:370)
	at com.zaxxer.hikari.pool.PoolBase.newPoolEntry(PoolBase.java:207)
	at com.zaxxer.hikari.pool.HikariPool.createPoolEntry(HikariPool.java:488)
	at com.zaxxer.hikari.pool.HikariPool.checkFailFast(HikariPool.java:576)
	at com.zaxxer.hikari.pool.HikariPool.<init>(HikariPool.java:97)
	at com.zaxxer.hikari.HikariDataSource.getConnection(HikariDataSource.java:111)
	at org.hibernate.engine.jdbc.connections.internal.DatasourceConnectionProviderImpl.getConnection(DatasourceConnectionProviderImpl.java:126)
	at org.hibernate.engine.jdbc.env.internal.JdbcEnvironmentInitiator$ConnectionProviderJdbcConnectionAccess.obtainConnection(JdbcEnvironmentInitiator.java:485)
	at org.hibernate.resource.transaction.backend.jdbc.internal.JdbcIsolationDelegate.delegateWork(JdbcIsolationDelegate.java:61)
	... 40 common frames omitted
2026-05-21 17:11:14.320 ERROR [restartedMain] o.s.o.j.LocalContainerEntityManagerFactoryBean - Failed to initialize JPA EntityManagerFactory: Unable to create requested service [org.hibernate.engine.jdbc.env.spi.JdbcEnvironment] due to: Unable to determine Dialect without JDBC metadata (please set 'jakarta.persistence.jdbc.url' for common cases or 'hibernate.dialect' when a custom Dialect implementation must be provided)
2026-05-21 17:11:14.321 WARN  [restartedMain] o.s.b.w.s.c.AnnotationConfigServletWebServerApplicationContext - Exception encountered during context initialization - cancelling refresh attempt: org.springframework.beans.factory.BeanCreationException: Error creating bean with name 'entityManagerFactory' defined in class path resource [org/springframework/boot/autoconfigure/orm/jpa/HibernateJpaConfiguration.class]: Unable to create requested service [org.hibernate.engine.jdbc.env.spi.JdbcEnvironment] due to: Unable to determine Dialect without JDBC metadata (please set 'jakarta.persistence.jdbc.url' for common cases or 'hibernate.dialect' when a custom Dialect implementation must be provided)
2026-05-21 17:11:14.325 INFO  [restartedMain] o.apache.catalina.core.StandardService - Stopping service [Tomcat]
2026-05-21 17:11:14.335 INFO  [restartedMain] o.s.b.a.l.ConditionEvaluationReportLogger - 

Error starting ApplicationContext. To display the condition evaluation report re-run your application with 'debug' enabled.
2026-05-21 17:11:14.360 ERROR [restartedMain] o.s.boot.SpringApplication - Application run failed
org.springframework.beans.factory.BeanCreationException: Error creating bean with name 'entityManagerFactory' defined in class path resource [org/springframework/boot/autoconfigure/orm/jpa/HibernateJpaConfiguration.class]: Unable to create requested service [org.hibernate.engine.jdbc.env.spi.JdbcEnvironment] due to: Unable to determine Dialect without JDBC metadata (please set 'jakarta.persistence.jdbc.url' for common cases or 'hibernate.dialect' when a custom Dialect implementation must be provided)
	at org.springframework.beans.factory.support.AbstractAutowireCapableBeanFactory.initializeBean(AbstractAutowireCapableBeanFactory.java:1826)
	at org.springframework.beans.factory.support.AbstractAutowireCapableBeanFactory.doCreateBean(AbstractAutowireCapableBeanFactory.java:607)
	at org.springframework.beans.factory.support.AbstractAutowireCapableBeanFactory.createBean(AbstractAutowireCapableBeanFactory.java:529)
	at org.springframework.beans.factory.support.AbstractBeanFactory.lambda$doGetBean$0(AbstractBeanFactory.java:339)
	at org.springframework.beans.factory.support.DefaultSingletonBeanRegistry.getSingleton(DefaultSingletonBeanRegistry.java:373)
	at org.springframework.beans.factory.support.AbstractBeanFactory.doGetBean(AbstractBeanFactory.java:337)
	at org.springframework.beans.factory.support.AbstractBeanFactory.getBean(AbstractBeanFactory.java:207)
	at org.springframework.context.support.AbstractApplicationContext.finishBeanFactoryInitialization(AbstractApplicationContext.java:974)
	at org.springframework.context.support.AbstractApplicationContext.refresh(AbstractApplicationContext.java:628)
	at org.springframework.boot.web.servlet.context.ServletWebServerApplicationContext.refresh(ServletWebServerApplicationContext.java:146)
	at org.springframework.boot.SpringApplication.refresh(SpringApplication.java:752)
	at org.springframework.boot.SpringApplication.refreshContext(SpringApplication.java:439)
	at org.springframework.boot.SpringApplication.run(SpringApplication.java:318)
	at org.springframework.boot.SpringApplication.run(SpringApplication.java:1361)
	at org.springframework.boot.SpringApplication.run(SpringApplication.java:1350)
	at com.kidmily.algoga_server.AlgogaServerApplication.main(AlgogaServerApplication.java:10)
	at java.base/jdk.internal.reflect.NativeMethodAccessorImpl.invoke0(Native Method)
	at java.base/jdk.internal.reflect.NativeMethodAccessorImpl.invoke(NativeMethodAccessorImpl.java:77)
	at java.base/jdk.internal.reflect.DelegatingMethodAccessorImpl.invoke(DelegatingMethodAccessorImpl.java:43)
	at java.base/java.lang.reflect.Method.invoke(Method.java:569)
	at org.springframework.boot.devtools.restart.RestartLauncher.run(RestartLauncher.java:50)
Caused by: org.hibernate.service.spi.ServiceException: Unable to create requested service [org.hibernate.engine.jdbc.env.spi.JdbcEnvironment] due to: Unable to determine Dialect without JDBC metadata (please set 'jakarta.persistence.jdbc.url' for common cases or 'hibernate.dialect' when a custom Dialect implementation must be provided)
	at org.hibernate.service.internal.AbstractServiceRegistryImpl.createService(AbstractServiceRegistryImpl.java:276)
	at org.hibernate.service.internal.AbstractServiceRegistryImpl.initializeService(AbstractServiceRegistryImpl.java:238)
	at org.hibernate.service.internal.AbstractServiceRegistryImpl.getService(AbstractServiceRegistryImpl.java:215)
	at org.hibernate.boot.model.relational.Database.<init>(Database.java:45)
	at org.hibernate.boot.internal.InFlightMetadataCollectorImpl.getDatabase(InFlightMetadataCollectorImpl.java:226)
	at org.hibernate.boot.internal.InFlightMetadataCollectorImpl.<init>(InFlightMetadataCollectorImpl.java:194)
	at org.hibernate.boot.model.process.spi.MetadataBuildingProcess.complete(MetadataBuildingProcess.java:171)
	at org.hibernate.jpa.boot.internal.EntityManagerFactoryBuilderImpl.metadata(EntityManagerFactoryBuilderImpl.java:1442)
	at org.hibernate.jpa.boot.internal.EntityManagerFactoryBuilderImpl.build(EntityManagerFactoryBuilderImpl.java:1513)
	at org.springframework.orm.jpa.vendor.SpringHibernateJpaPersistenceProvider.createContainerEntityManagerFactory(SpringHibernateJpaPersistenceProvider.java:66)
	at org.springframework.orm.jpa.LocalContainerEntityManagerFactoryBean.createNativeEntityManagerFactory(LocalContainerEntityManagerFactoryBean.java:388)
	at org.springframework.orm.jpa.AbstractEntityManagerFactoryBean.buildNativeEntityManagerFactory(AbstractEntityManagerFactoryBean.java:419)
	at org.springframework.orm.jpa.AbstractEntityManagerFactoryBean.afterPropertiesSet(AbstractEntityManagerFactoryBean.java:400)
	at org.springframework.orm.jpa.LocalContainerEntityManagerFactoryBean.afterPropertiesSet(LocalContainerEntityManagerFactoryBean.java:364)
	at org.springframework.beans.factory.support.AbstractAutowireCapableBeanFactory.invokeInitMethods(AbstractAutowireCapableBeanFactory.java:1873)
	at org.springframework.beans.factory.support.AbstractAutowireCapableBeanFactory.initializeBean(AbstractAutowireCapableBeanFactory.java:1822)
	... 20 common frames omitted
Caused by: org.hibernate.HibernateException: Unable to determine Dialect without JDBC metadata (please set 'jakarta.persistence.jdbc.url' for common cases or 'hibernate.dialect' when a custom Dialect implementation must be provided)
	at org.hibernate.engine.jdbc.dialect.internal.DialectFactoryImpl.determineDialect(DialectFactoryImpl.java:191)
	at org.hibernate.engine.jdbc.dialect.internal.DialectFactoryImpl.buildDialect(DialectFactoryImpl.java:87)
	at org.hibernate.engine.jdbc.env.internal.JdbcEnvironmentInitiator.getJdbcEnvironmentWithDefaults(JdbcEnvironmentInitiator.java:186)
	at org.hibernate.engine.jdbc.env.internal.JdbcEnvironmentInitiator.getJdbcEnvironmentUsingJdbcMetadata(JdbcEnvironmentInitiator.java:410)
	at org.hibernate.engine.jdbc.env.internal.JdbcEnvironmentInitiator.initiateService(JdbcEnvironmentInitiator.java:129)
	at org.hibernate.engine.jdbc.env.internal.JdbcEnvironmentInitiator.initiateService(JdbcEnvironmentInitiator.java:81)
	at org.hibernate.boot.registry.internal.StandardServiceRegistryImpl.initiateService(StandardServiceRegistryImpl.java:130)
	at org.hibernate.service.internal.AbstractServiceRegistryImpl.createService(AbstractServiceRegistryImpl.java:263)
	... 35 common frames omitted
2026-05-21 17:12:45.494 INFO  [background-preinit] o.h.validator.internal.util.Version - HV000001: Hibernate Validator 8.0.3.Final
2026-05-21 17:12:45.526 INFO  [restartedMain] c.k.a.AlgogaServerApplication - Starting AlgogaServerApplication using Java 17.0.18 with PID 7980 (C:\kidmily\algoga_server\build\classes\java\main started by user in C:\kidmily\algoga_server)
2026-05-21 17:12:45.527 INFO  [restartedMain] c.k.a.AlgogaServerApplication - No active profile set, falling back to 1 default profile: "default"
2026-05-21 17:12:45.558 INFO  [restartedMain] o.s.b.d.e.DevToolsPropertyDefaultsPostProcessor - Devtools property defaults active! Set 'spring.devtools.add-properties' to 'false' to disable
2026-05-21 17:12:45.559 INFO  [restartedMain] o.s.b.d.e.DevToolsPropertyDefaultsPostProcessor - For additional web related logging consider setting the 'logging.level.web' property to 'DEBUG'
2026-05-21 17:12:46.165 INFO  [restartedMain] o.s.d.r.c.RepositoryConfigurationDelegate - Bootstrapping Spring Data JPA repositories in DEFAULT mode.
2026-05-21 17:12:46.184 INFO  [restartedMain] o.s.d.r.c.RepositoryConfigurationDelegate - Finished Spring Data repository scanning in 11 ms. Found 0 JPA repository interfaces.
2026-05-21 17:12:46.685 INFO  [restartedMain] o.s.b.w.embedded.tomcat.TomcatWebServer - Tomcat initialized with port 15000 (http)
2026-05-21 17:12:46.694 INFO  [restartedMain] o.a.coyote.http11.Http11NioProtocol - Initializing ProtocolHandler ["http-nio-15000"]
2026-05-21 17:12:46.695 INFO  [restartedMain] o.apache.catalina.core.StandardService - Starting service [Tomcat]
2026-05-21 17:12:46.695 INFO  [restartedMain] o.apache.catalina.core.StandardEngine - Starting Servlet engine: [Apache Tomcat/10.1.54]
2026-05-21 17:12:46.743 INFO  [restartedMain] o.a.c.c.C.[Tomcat].[localhost].[/] - Initializing Spring embedded WebApplicationContext
2026-05-21 17:12:46.743 INFO  [restartedMain] o.s.b.w.s.c.ServletWebServerApplicationContext - Root WebApplicationContext: initialization completed in 1184 ms
2026-05-21 17:12:46.865 INFO  [restartedMain] o.hibernate.jpa.internal.util.LogHelper - HHH000204: Processing PersistenceUnitInfo [name: default]
2026-05-21 17:12:46.901 INFO  [restartedMain] org.hibernate.Version - HHH000412: Hibernate ORM core version 6.6.49.Final
2026-05-21 17:12:46.925 INFO  [restartedMain] o.h.c.internal.RegionFactoryInitiator - HHH000026: Second-level cache disabled
2026-05-21 17:12:47.114 INFO  [restartedMain] o.s.o.j.p.SpringPersistenceUnitInfo - No LoadTimeWeaver setup: ignoring JPA class transformer
2026-05-21 17:12:47.135 INFO  [restartedMain] com.zaxxer.hikari.HikariDataSource - HikariPool-1 - Starting...
2026-05-21 17:12:48.353 WARN  [restartedMain] o.h.engine.jdbc.spi.SqlExceptionHelper - SQL Error: 1044, SQLState: 42000
2026-05-21 17:12:48.353 ERROR [restartedMain] o.h.engine.jdbc.spi.SqlExceptionHelper - Access denied for user 'algoga'@'localhost' to database 'algogadb'
2026-05-21 17:12:48.355 WARN  [restartedMain] o.h.e.j.e.i.JdbcEnvironmentInitiator - HHH000342: Could not obtain connection to query metadata
org.hibernate.exception.SQLGrammarException: unable to obtain isolated JDBC connection [Access denied for user 'algoga'@'localhost' to database 'algogadb'] [n/a]
	at org.hibernate.exception.internal.SQLStateConversionDelegate.convert(SQLStateConversionDelegate.java:91)
	at org.hibernate.exception.internal.StandardSQLExceptionConverter.convert(StandardSQLExceptionConverter.java:58)
	at org.hibernate.engine.jdbc.spi.SqlExceptionHelper.convert(SqlExceptionHelper.java:108)
	at org.hibernate.engine.jdbc.spi.SqlExceptionHelper.convert(SqlExceptionHelper.java:94)
	at org.hibernate.resource.transaction.backend.jdbc.internal.JdbcIsolationDelegate.delegateWork(JdbcIsolationDelegate.java:116)
	at org.hibernate.engine.jdbc.env.internal.JdbcEnvironmentInitiator.getJdbcEnvironmentUsingJdbcMetadata(JdbcEnvironmentInitiator.java:334)
	at org.hibernate.engine.jdbc.env.internal.JdbcEnvironmentInitiator.initiateService(JdbcEnvironmentInitiator.java:129)
	at org.hibernate.engine.jdbc.env.internal.JdbcEnvironmentInitiator.initiateService(JdbcEnvironmentInitiator.java:81)
	at org.hibernate.boot.registry.internal.StandardServiceRegistryImpl.initiateService(StandardServiceRegistryImpl.java:130)
	at org.hibernate.service.internal.AbstractServiceRegistryImpl.createService(AbstractServiceRegistryImpl.java:263)
	at org.hibernate.service.internal.AbstractServiceRegistryImpl.initializeService(AbstractServiceRegistryImpl.java:238)
	at org.hibernate.service.internal.AbstractServiceRegistryImpl.getService(AbstractServiceRegistryImpl.java:215)
	at org.hibernate.boot.model.relational.Database.<init>(Database.java:45)
	at org.hibernate.boot.internal.InFlightMetadataCollectorImpl.getDatabase(InFlightMetadataCollectorImpl.java:226)
	at org.hibernate.boot.internal.InFlightMetadataCollectorImpl.<init>(InFlightMetadataCollectorImpl.java:194)
	at org.hibernate.boot.model.process.spi.MetadataBuildingProcess.complete(MetadataBuildingProcess.java:171)
	at org.hibernate.jpa.boot.internal.EntityManagerFactoryBuilderImpl.metadata(EntityManagerFactoryBuilderImpl.java:1442)
	at org.hibernate.jpa.boot.internal.EntityManagerFactoryBuilderImpl.build(EntityManagerFactoryBuilderImpl.java:1513)
	at org.springframework.orm.jpa.vendor.SpringHibernateJpaPersistenceProvider.createContainerEntityManagerFactory(SpringHibernateJpaPersistenceProvider.java:66)
	at org.springframework.orm.jpa.LocalContainerEntityManagerFactoryBean.createNativeEntityManagerFactory(LocalContainerEntityManagerFactoryBean.java:388)
	at org.springframework.orm.jpa.AbstractEntityManagerFactoryBean.buildNativeEntityManagerFactory(AbstractEntityManagerFactoryBean.java:419)
	at org.springframework.orm.jpa.AbstractEntityManagerFactoryBean.afterPropertiesSet(AbstractEntityManagerFactoryBean.java:400)
	at org.springframework.orm.jpa.LocalContainerEntityManagerFactoryBean.afterPropertiesSet(LocalContainerEntityManagerFactoryBean.java:364)
	at org.springframework.beans.factory.support.AbstractAutowireCapableBeanFactory.invokeInitMethods(AbstractAutowireCapableBeanFactory.java:1873)
	at org.springframework.beans.factory.support.AbstractAutowireCapableBeanFactory.initializeBean(AbstractAutowireCapableBeanFactory.java:1822)
	at org.springframework.beans.factory.support.AbstractAutowireCapableBeanFactory.doCreateBean(AbstractAutowireCapableBeanFactory.java:607)
	at org.springframework.beans.factory.support.AbstractAutowireCapableBeanFactory.createBean(AbstractAutowireCapableBeanFactory.java:529)
	at org.springframework.beans.factory.support.AbstractBeanFactory.lambda$doGetBean$0(AbstractBeanFactory.java:339)
	at org.springframework.beans.factory.support.DefaultSingletonBeanRegistry.getSingleton(DefaultSingletonBeanRegistry.java:373)
	at org.springframework.beans.factory.support.AbstractBeanFactory.doGetBean(AbstractBeanFactory.java:337)
	at org.springframework.beans.factory.support.AbstractBeanFactory.getBean(AbstractBeanFactory.java:207)
	at org.springframework.context.support.AbstractApplicationContext.finishBeanFactoryInitialization(AbstractApplicationContext.java:974)
	at org.springframework.context.support.AbstractApplicationContext.refresh(AbstractApplicationContext.java:628)
	at org.springframework.boot.web.servlet.context.ServletWebServerApplicationContext.refresh(ServletWebServerApplicationContext.java:146)
	at org.springframework.boot.SpringApplication.refresh(SpringApplication.java:752)
	at org.springframework.boot.SpringApplication.refreshContext(SpringApplication.java:439)
	at org.springframework.boot.SpringApplication.run(SpringApplication.java:318)
	at org.springframework.boot.SpringApplication.run(SpringApplication.java:1361)
	at org.springframework.boot.SpringApplication.run(SpringApplication.java:1350)
	at com.kidmily.algoga_server.AlgogaServerApplication.main(AlgogaServerApplication.java:10)
	at java.base/jdk.internal.reflect.NativeMethodAccessorImpl.invoke0(Native Method)
	at java.base/jdk.internal.reflect.NativeMethodAccessorImpl.invoke(NativeMethodAccessorImpl.java:77)
	at java.base/jdk.internal.reflect.DelegatingMethodAccessorImpl.invoke(DelegatingMethodAccessorImpl.java:43)
	at java.base/java.lang.reflect.Method.invoke(Method.java:569)
	at org.springframework.boot.devtools.restart.RestartLauncher.run(RestartLauncher.java:50)
Caused by: java.sql.SQLSyntaxErrorException: Access denied for user 'algoga'@'localhost' to database 'algogadb'
	at com.mysql.cj.jdbc.exceptions.SQLError.createSQLException(SQLError.java:112)
	at com.mysql.cj.jdbc.exceptions.SQLExceptionsMapping.translateException(SQLExceptionsMapping.java:114)
	at com.mysql.cj.jdbc.ConnectionImpl.createNewIO(ConnectionImpl.java:840)
	at com.mysql.cj.jdbc.ConnectionImpl.<init>(ConnectionImpl.java:416)
	at com.mysql.cj.jdbc.ConnectionImpl.getInstance(ConnectionImpl.java:237)
	at com.mysql.cj.jdbc.NonRegisteringDriver.connect(NonRegisteringDriver.java:180)
	at com.zaxxer.hikari.util.DriverDataSource.getConnection(DriverDataSource.java:144)
	at com.zaxxer.hikari.pool.PoolBase.newConnection(PoolBase.java:370)
	at com.zaxxer.hikari.pool.PoolBase.newPoolEntry(PoolBase.java:207)
	at com.zaxxer.hikari.pool.HikariPool.createPoolEntry(HikariPool.java:488)
	at com.zaxxer.hikari.pool.HikariPool.checkFailFast(HikariPool.java:576)
	at com.zaxxer.hikari.pool.HikariPool.<init>(HikariPool.java:97)
	at com.zaxxer.hikari.HikariDataSource.getConnection(HikariDataSource.java:111)
	at org.hibernate.engine.jdbc.connections.internal.DatasourceConnectionProviderImpl.getConnection(DatasourceConnectionProviderImpl.java:126)
	at org.hibernate.engine.jdbc.env.internal.JdbcEnvironmentInitiator$ConnectionProviderJdbcConnectionAccess.obtainConnection(JdbcEnvironmentInitiator.java:485)
	at org.hibernate.resource.transaction.backend.jdbc.internal.JdbcIsolationDelegate.delegateWork(JdbcIsolationDelegate.java:61)
	... 40 common frames omitted
2026-05-21 17:12:48.357 ERROR [restartedMain] o.s.o.j.LocalContainerEntityManagerFactoryBean - Failed to initialize JPA EntityManagerFactory: Unable to create requested service [org.hibernate.engine.jdbc.env.spi.JdbcEnvironment] due to: Unable to determine Dialect without JDBC metadata (please set 'jakarta.persistence.jdbc.url' for common cases or 'hibernate.dialect' when a custom Dialect implementation must be provided)
2026-05-21 17:12:48.358 WARN  [restartedMain] o.s.b.w.s.c.AnnotationConfigServletWebServerApplicationContext - Exception encountered during context initialization - cancelling refresh attempt: org.springframework.beans.factory.BeanCreationException: Error creating bean with name 'entityManagerFactory' defined in class path resource [org/springframework/boot/autoconfigure/orm/jpa/HibernateJpaConfiguration.class]: Unable to create requested service [org.hibernate.engine.jdbc.env.spi.JdbcEnvironment] due to: Unable to determine Dialect without JDBC metadata (please set 'jakarta.persistence.jdbc.url' for common cases or 'hibernate.dialect' when a custom Dialect implementation must be provided)
2026-05-21 17:12:48.362 INFO  [restartedMain] o.apache.catalina.core.StandardService - Stopping service [Tomcat]
2026-05-21 17:12:48.373 INFO  [restartedMain] o.s.b.a.l.ConditionEvaluationReportLogger - 

Error starting ApplicationContext. To display the condition evaluation report re-run your application with 'debug' enabled.
2026-05-21 17:12:48.388 ERROR [restartedMain] o.s.boot.SpringApplication - Application run failed
org.springframework.beans.factory.BeanCreationException: Error creating bean with name 'entityManagerFactory' defined in class path resource [org/springframework/boot/autoconfigure/orm/jpa/HibernateJpaConfiguration.class]: Unable to create requested service [org.hibernate.engine.jdbc.env.spi.JdbcEnvironment] due to: Unable to determine Dialect without JDBC metadata (please set 'jakarta.persistence.jdbc.url' for common cases or 'hibernate.dialect' when a custom Dialect implementation must be provided)
	at org.springframework.beans.factory.support.AbstractAutowireCapableBeanFactory.initializeBean(AbstractAutowireCapableBeanFactory.java:1826)
	at org.springframework.beans.factory.support.AbstractAutowireCapableBeanFactory.doCreateBean(AbstractAutowireCapableBeanFactory.java:607)
	at org.springframework.beans.factory.support.AbstractAutowireCapableBeanFactory.createBean(AbstractAutowireCapableBeanFactory.java:529)
	at org.springframework.beans.factory.support.AbstractBeanFactory.lambda$doGetBean$0(AbstractBeanFactory.java:339)
	at org.springframework.beans.factory.support.DefaultSingletonBeanRegistry.getSingleton(DefaultSingletonBeanRegistry.java:373)
	at org.springframework.beans.factory.support.AbstractBeanFactory.doGetBean(AbstractBeanFactory.java:337)
	at org.springframework.beans.factory.support.AbstractBeanFactory.getBean(AbstractBeanFactory.java:207)
	at org.springframework.context.support.AbstractApplicationContext.finishBeanFactoryInitialization(AbstractApplicationContext.java:974)
	at org.springframework.context.support.AbstractApplicationContext.refresh(AbstractApplicationContext.java:628)
	at org.springframework.boot.web.servlet.context.ServletWebServerApplicationContext.refresh(ServletWebServerApplicationContext.java:146)
	at org.springframework.boot.SpringApplication.refresh(SpringApplication.java:752)
	at org.springframework.boot.SpringApplication.refreshContext(SpringApplication.java:439)
	at org.springframework.boot.SpringApplication.run(SpringApplication.java:318)
	at org.springframework.boot.SpringApplication.run(SpringApplication.java:1361)
	at org.springframework.boot.SpringApplication.run(SpringApplication.java:1350)
	at com.kidmily.algoga_server.AlgogaServerApplication.main(AlgogaServerApplication.java:10)
	at java.base/jdk.internal.reflect.NativeMethodAccessorImpl.invoke0(Native Method)
	at java.base/jdk.internal.reflect.NativeMethodAccessorImpl.invoke(NativeMethodAccessorImpl.java:77)
	at java.base/jdk.internal.reflect.DelegatingMethodAccessorImpl.invoke(DelegatingMethodAccessorImpl.java:43)
	at java.base/java.lang.reflect.Method.invoke(Method.java:569)
	at org.springframework.boot.devtools.restart.RestartLauncher.run(RestartLauncher.java:50)
Caused by: org.hibernate.service.spi.ServiceException: Unable to create requested service [org.hibernate.engine.jdbc.env.spi.JdbcEnvironment] due to: Unable to determine Dialect without JDBC metadata (please set 'jakarta.persistence.jdbc.url' for common cases or 'hibernate.dialect' when a custom Dialect implementation must be provided)
	at org.hibernate.service.internal.AbstractServiceRegistryImpl.createService(AbstractServiceRegistryImpl.java:276)
	at org.hibernate.service.internal.AbstractServiceRegistryImpl.initializeService(AbstractServiceRegistryImpl.java:238)
	at org.hibernate.service.internal.AbstractServiceRegistryImpl.getService(AbstractServiceRegistryImpl.java:215)
	at org.hibernate.boot.model.relational.Database.<init>(Database.java:45)
	at org.hibernate.boot.internal.InFlightMetadataCollectorImpl.getDatabase(InFlightMetadataCollectorImpl.java:226)
	at org.hibernate.boot.internal.InFlightMetadataCollectorImpl.<init>(InFlightMetadataCollectorImpl.java:194)
	at org.hibernate.boot.model.process.spi.MetadataBuildingProcess.complete(MetadataBuildingProcess.java:171)
	at org.hibernate.jpa.boot.internal.EntityManagerFactoryBuilderImpl.metadata(EntityManagerFactoryBuilderImpl.java:1442)
	at org.hibernate.jpa.boot.internal.EntityManagerFactoryBuilderImpl.build(EntityManagerFactoryBuilderImpl.java:1513)
	at org.springframework.orm.jpa.vendor.SpringHibernateJpaPersistenceProvider.createContainerEntityManagerFactory(SpringHibernateJpaPersistenceProvider.java:66)
	at org.springframework.orm.jpa.LocalContainerEntityManagerFactoryBean.createNativeEntityManagerFactory(LocalContainerEntityManagerFactoryBean.java:388)
	at org.springframework.orm.jpa.AbstractEntityManagerFactoryBean.buildNativeEntityManagerFactory(AbstractEntityManagerFactoryBean.java:419)
	at org.springframework.orm.jpa.AbstractEntityManagerFactoryBean.afterPropertiesSet(AbstractEntityManagerFactoryBean.java:400)
	at org.springframework.orm.jpa.LocalContainerEntityManagerFactoryBean.afterPropertiesSet(LocalContainerEntityManagerFactoryBean.java:364)
	at org.springframework.beans.factory.support.AbstractAutowireCapableBeanFactory.invokeInitMethods(AbstractAutowireCapableBeanFactory.java:1873)
	at org.springframework.beans.factory.support.AbstractAutowireCapableBeanFactory.initializeBean(AbstractAutowireCapableBeanFactory.java:1822)
	... 20 common frames omitted
Caused by: org.hibernate.HibernateException: Unable to determine Dialect without JDBC metadata (please set 'jakarta.persistence.jdbc.url' for common cases or 'hibernate.dialect' when a custom Dialect implementation must be provided)
	at org.hibernate.engine.jdbc.dialect.internal.DialectFactoryImpl.determineDialect(DialectFactoryImpl.java:191)
	at org.hibernate.engine.jdbc.dialect.internal.DialectFactoryImpl.buildDialect(DialectFactoryImpl.java:87)
	at org.hibernate.engine.jdbc.env.internal.JdbcEnvironmentInitiator.getJdbcEnvironmentWithDefaults(JdbcEnvironmentInitiator.java:186)
	at org.hibernate.engine.jdbc.env.internal.JdbcEnvironmentInitiator.getJdbcEnvironmentUsingJdbcMetadata(JdbcEnvironmentInitiator.java:410)
	at org.hibernate.engine.jdbc.env.internal.JdbcEnvironmentInitiator.initiateService(JdbcEnvironmentInitiator.java:129)
	at org.hibernate.engine.jdbc.env.internal.JdbcEnvironmentInitiator.initiateService(JdbcEnvironmentInitiator.java:81)
	at org.hibernate.boot.registry.internal.StandardServiceRegistryImpl.initiateService(StandardServiceRegistryImpl.java:130)
	at org.hibernate.service.internal.AbstractServiceRegistryImpl.createService(AbstractServiceRegistryImpl.java:263)
	... 35 common frames omitted
2026-05-21 17:14:11.859 INFO  [background-preinit] o.h.validator.internal.util.Version - HV000001: Hibernate Validator 8.0.3.Final
2026-05-21 17:14:11.894 INFO  [restartedMain] c.k.a.AlgogaServerApplication - Starting AlgogaServerApplication using Java 17.0.18 with PID 4108 (C:\kidmily\algoga_server\build\classes\java\main started by user in C:\kidmily\algoga_server)
2026-05-21 17:14:11.895 INFO  [restartedMain] c.k.a.AlgogaServerApplication - No active profile set, falling back to 1 default profile: "default"
2026-05-21 17:14:11.926 INFO  [restartedMain] o.s.b.d.e.DevToolsPropertyDefaultsPostProcessor - Devtools property defaults active! Set 'spring.devtools.add-properties' to 'false' to disable
2026-05-21 17:14:11.926 INFO  [restartedMain] o.s.b.d.e.DevToolsPropertyDefaultsPostProcessor - For additional web related logging consider setting the 'logging.level.web' property to 'DEBUG'
2026-05-21 17:14:12.517 INFO  [restartedMain] o.s.d.r.c.RepositoryConfigurationDelegate - Bootstrapping Spring Data JPA repositories in DEFAULT mode.
2026-05-21 17:14:12.539 INFO  [restartedMain] o.s.d.r.c.RepositoryConfigurationDelegate - Finished Spring Data repository scanning in 12 ms. Found 0 JPA repository interfaces.
2026-05-21 17:14:13.034 INFO  [restartedMain] o.s.b.w.embedded.tomcat.TomcatWebServer - Tomcat initialized with port 15000 (http)
2026-05-21 17:14:13.042 INFO  [restartedMain] o.a.coyote.http11.Http11NioProtocol - Initializing ProtocolHandler ["http-nio-15000"]
2026-05-21 17:14:13.044 INFO  [restartedMain] o.apache.catalina.core.StandardService - Starting service [Tomcat]
2026-05-21 17:14:13.044 INFO  [restartedMain] o.apache.catalina.core.StandardEngine - Starting Servlet engine: [Apache Tomcat/10.1.54]
2026-05-21 17:14:13.079 INFO  [restartedMain] o.a.c.c.C.[Tomcat].[localhost].[/] - Initializing Spring embedded WebApplicationContext
2026-05-21 17:14:13.080 INFO  [restartedMain] o.s.b.w.s.c.ServletWebServerApplicationContext - Root WebApplicationContext: initialization completed in 1154 ms
2026-05-21 17:14:13.198 INFO  [restartedMain] o.hibernate.jpa.internal.util.LogHelper - HHH000204: Processing PersistenceUnitInfo [name: default]
2026-05-21 17:14:13.233 INFO  [restartedMain] org.hibernate.Version - HHH000412: Hibernate ORM core version 6.6.49.Final
2026-05-21 17:14:13.263 INFO  [restartedMain] o.h.c.internal.RegionFactoryInitiator - HHH000026: Second-level cache disabled
2026-05-21 17:14:13.456 INFO  [restartedMain] o.s.o.j.p.SpringPersistenceUnitInfo - No LoadTimeWeaver setup: ignoring JPA class transformer
2026-05-21 17:14:13.476 INFO  [restartedMain] com.zaxxer.hikari.HikariDataSource - HikariPool-1 - Starting...
2026-05-21 17:14:14.674 WARN  [restartedMain] o.h.engine.jdbc.spi.SqlExceptionHelper - SQL Error: 1044, SQLState: 42000
2026-05-21 17:14:14.674 ERROR [restartedMain] o.h.engine.jdbc.spi.SqlExceptionHelper - Access denied for user 'algoga'@'localhost' to database 'algogadb'
2026-05-21 17:14:14.675 WARN  [restartedMain] o.h.e.j.e.i.JdbcEnvironmentInitiator - HHH000342: Could not obtain connection to query metadata
org.hibernate.exception.SQLGrammarException: unable to obtain isolated JDBC connection [Access denied for user 'algoga'@'localhost' to database 'algogadb'] [n/a]
	at org.hibernate.exception.internal.SQLStateConversionDelegate.convert(SQLStateConversionDelegate.java:91)
	at org.hibernate.exception.internal.StandardSQLExceptionConverter.convert(StandardSQLExceptionConverter.java:58)
	at org.hibernate.engine.jdbc.spi.SqlExceptionHelper.convert(SqlExceptionHelper.java:108)
	at org.hibernate.engine.jdbc.spi.SqlExceptionHelper.convert(SqlExceptionHelper.java:94)
	at org.hibernate.resource.transaction.backend.jdbc.internal.JdbcIsolationDelegate.delegateWork(JdbcIsolationDelegate.java:116)
	at org.hibernate.engine.jdbc.env.internal.JdbcEnvironmentInitiator.getJdbcEnvironmentUsingJdbcMetadata(JdbcEnvironmentInitiator.java:334)
	at org.hibernate.engine.jdbc.env.internal.JdbcEnvironmentInitiator.initiateService(JdbcEnvironmentInitiator.java:129)
	at org.hibernate.engine.jdbc.env.internal.JdbcEnvironmentInitiator.initiateService(JdbcEnvironmentInitiator.java:81)
	at org.hibernate.boot.registry.internal.StandardServiceRegistryImpl.initiateService(StandardServiceRegistryImpl.java:130)
	at org.hibernate.service.internal.AbstractServiceRegistryImpl.createService(AbstractServiceRegistryImpl.java:263)
	at org.hibernate.service.internal.AbstractServiceRegistryImpl.initializeService(AbstractServiceRegistryImpl.java:238)
	at org.hibernate.service.internal.AbstractServiceRegistryImpl.getService(AbstractServiceRegistryImpl.java:215)
	at org.hibernate.boot.model.relational.Database.<init>(Database.java:45)
	at org.hibernate.boot.internal.InFlightMetadataCollectorImpl.getDatabase(InFlightMetadataCollectorImpl.java:226)
	at org.hibernate.boot.internal.InFlightMetadataCollectorImpl.<init>(InFlightMetadataCollectorImpl.java:194)
	at org.hibernate.boot.model.process.spi.MetadataBuildingProcess.complete(MetadataBuildingProcess.java:171)
	at org.hibernate.jpa.boot.internal.EntityManagerFactoryBuilderImpl.metadata(EntityManagerFactoryBuilderImpl.java:1442)
	at org.hibernate.jpa.boot.internal.EntityManagerFactoryBuilderImpl.build(EntityManagerFactoryBuilderImpl.java:1513)
	at org.springframework.orm.jpa.vendor.SpringHibernateJpaPersistenceProvider.createContainerEntityManagerFactory(SpringHibernateJpaPersistenceProvider.java:66)
	at org.springframework.orm.jpa.LocalContainerEntityManagerFactoryBean.createNativeEntityManagerFactory(LocalContainerEntityManagerFactoryBean.java:388)
	at org.springframework.orm.jpa.AbstractEntityManagerFactoryBean.buildNativeEntityManagerFactory(AbstractEntityManagerFactoryBean.java:419)
	at org.springframework.orm.jpa.AbstractEntityManagerFactoryBean.afterPropertiesSet(AbstractEntityManagerFactoryBean.java:400)
	at org.springframework.orm.jpa.LocalContainerEntityManagerFactoryBean.afterPropertiesSet(LocalContainerEntityManagerFactoryBean.java:364)
	at org.springframework.beans.factory.support.AbstractAutowireCapableBeanFactory.invokeInitMethods(AbstractAutowireCapableBeanFactory.java:1873)
	at org.springframework.beans.factory.support.AbstractAutowireCapableBeanFactory.initializeBean(AbstractAutowireCapableBeanFactory.java:1822)
	at org.springframework.beans.factory.support.AbstractAutowireCapableBeanFactory.doCreateBean(AbstractAutowireCapableBeanFactory.java:607)
	at org.springframework.beans.factory.support.AbstractAutowireCapableBeanFactory.createBean(AbstractAutowireCapableBeanFactory.java:529)
	at org.springframework.beans.factory.support.AbstractBeanFactory.lambda$doGetBean$0(AbstractBeanFactory.java:339)
	at org.springframework.beans.factory.support.DefaultSingletonBeanRegistry.getSingleton(DefaultSingletonBeanRegistry.java:373)
	at org.springframework.beans.factory.support.AbstractBeanFactory.doGetBean(AbstractBeanFactory.java:337)
	at org.springframework.beans.factory.support.AbstractBeanFactory.getBean(AbstractBeanFactory.java:207)
	at org.springframework.context.support.AbstractApplicationContext.finishBeanFactoryInitialization(AbstractApplicationContext.java:974)
	at org.springframework.context.support.AbstractApplicationContext.refresh(AbstractApplicationContext.java:628)
	at org.springframework.boot.web.servlet.context.ServletWebServerApplicationContext.refresh(ServletWebServerApplicationContext.java:146)
	at org.springframework.boot.SpringApplication.refresh(SpringApplication.java:752)
	at org.springframework.boot.SpringApplication.refreshContext(SpringApplication.java:439)
	at org.springframework.boot.SpringApplication.run(SpringApplication.java:318)
	at org.springframework.boot.SpringApplication.run(SpringApplication.java:1361)
	at org.springframework.boot.SpringApplication.run(SpringApplication.java:1350)
	at com.kidmily.algoga_server.AlgogaServerApplication.main(AlgogaServerApplication.java:10)
	at java.base/jdk.internal.reflect.NativeMethodAccessorImpl.invoke0(Native Method)
	at java.base/jdk.internal.reflect.NativeMethodAccessorImpl.invoke(NativeMethodAccessorImpl.java:77)
	at java.base/jdk.internal.reflect.DelegatingMethodAccessorImpl.invoke(DelegatingMethodAccessorImpl.java:43)
	at java.base/java.lang.reflect.Method.invoke(Method.java:569)
	at org.springframework.boot.devtools.restart.RestartLauncher.run(RestartLauncher.java:50)
Caused by: java.sql.SQLSyntaxErrorException: Access denied for user 'algoga'@'localhost' to database 'algogadb'
	at com.mysql.cj.jdbc.exceptions.SQLError.createSQLException(SQLError.java:112)
	at com.mysql.cj.jdbc.exceptions.SQLExceptionsMapping.translateException(SQLExceptionsMapping.java:114)
	at com.mysql.cj.jdbc.ConnectionImpl.createNewIO(ConnectionImpl.java:840)
	at com.mysql.cj.jdbc.ConnectionImpl.<init>(ConnectionImpl.java:416)
	at com.mysql.cj.jdbc.ConnectionImpl.getInstance(ConnectionImpl.java:237)
	at com.mysql.cj.jdbc.NonRegisteringDriver.connect(NonRegisteringDriver.java:180)
	at com.zaxxer.hikari.util.DriverDataSource.getConnection(DriverDataSource.java:144)
	at com.zaxxer.hikari.pool.PoolBase.newConnection(PoolBase.java:370)
	at com.zaxxer.hikari.pool.PoolBase.newPoolEntry(PoolBase.java:207)
	at com.zaxxer.hikari.pool.HikariPool.createPoolEntry(HikariPool.java:488)
	at com.zaxxer.hikari.pool.HikariPool.checkFailFast(HikariPool.java:576)
	at com.zaxxer.hikari.pool.HikariPool.<init>(HikariPool.java:97)
	at com.zaxxer.hikari.HikariDataSource.getConnection(HikariDataSource.java:111)
	at org.hibernate.engine.jdbc.connections.internal.DatasourceConnectionProviderImpl.getConnection(DatasourceConnectionProviderImpl.java:126)
	at org.hibernate.engine.jdbc.env.internal.JdbcEnvironmentInitiator$ConnectionProviderJdbcConnectionAccess.obtainConnection(JdbcEnvironmentInitiator.java:485)
	at org.hibernate.resource.transaction.backend.jdbc.internal.JdbcIsolationDelegate.delegateWork(JdbcIsolationDelegate.java:61)
	... 40 common frames omitted
2026-05-21 17:14:14.678 ERROR [restartedMain] o.s.o.j.LocalContainerEntityManagerFactoryBean - Failed to initialize JPA EntityManagerFactory: Unable to create requested service [org.hibernate.engine.jdbc.env.spi.JdbcEnvironment] due to: Unable to determine Dialect without JDBC metadata (please set 'jakarta.persistence.jdbc.url' for common cases or 'hibernate.dialect' when a custom Dialect implementation must be provided)
2026-05-21 17:14:14.678 WARN  [restartedMain] o.s.b.w.s.c.AnnotationConfigServletWebServerApplicationContext - Exception encountered during context initialization - cancelling refresh attempt: org.springframework.beans.factory.BeanCreationException: Error creating bean with name 'entityManagerFactory' defined in class path resource [org/springframework/boot/autoconfigure/orm/jpa/HibernateJpaConfiguration.class]: Unable to create requested service [org.hibernate.engine.jdbc.env.spi.JdbcEnvironment] due to: Unable to determine Dialect without JDBC metadata (please set 'jakarta.persistence.jdbc.url' for common cases or 'hibernate.dialect' when a custom Dialect implementation must be provided)
2026-05-21 17:14:14.681 INFO  [restartedMain] o.apache.catalina.core.StandardService - Stopping service [Tomcat]
2026-05-21 17:14:14.690 INFO  [restartedMain] o.s.b.a.l.ConditionEvaluationReportLogger - 

Error starting ApplicationContext. To display the condition evaluation report re-run your application with 'debug' enabled.
2026-05-21 17:14:14.703 ERROR [restartedMain] o.s.boot.SpringApplication - Application run failed
org.springframework.beans.factory.BeanCreationException: Error creating bean with name 'entityManagerFactory' defined in class path resource [org/springframework/boot/autoconfigure/orm/jpa/HibernateJpaConfiguration.class]: Unable to create requested service [org.hibernate.engine.jdbc.env.spi.JdbcEnvironment] due to: Unable to determine Dialect without JDBC metadata (please set 'jakarta.persistence.jdbc.url' for common cases or 'hibernate.dialect' when a custom Dialect implementation must be provided)
	at org.springframework.beans.factory.support.AbstractAutowireCapableBeanFactory.initializeBean(AbstractAutowireCapableBeanFactory.java:1826)
	at org.springframework.beans.factory.support.AbstractAutowireCapableBeanFactory.doCreateBean(AbstractAutowireCapableBeanFactory.java:607)
	at org.springframework.beans.factory.support.AbstractAutowireCapableBeanFactory.createBean(AbstractAutowireCapableBeanFactory.java:529)
	at org.springframework.beans.factory.support.AbstractBeanFactory.lambda$doGetBean$0(AbstractBeanFactory.java:339)
	at org.springframework.beans.factory.support.DefaultSingletonBeanRegistry.getSingleton(DefaultSingletonBeanRegistry.java:373)
	at org.springframework.beans.factory.support.AbstractBeanFactory.doGetBean(AbstractBeanFactory.java:337)
	at org.springframework.beans.factory.support.AbstractBeanFactory.getBean(AbstractBeanFactory.java:207)
	at org.springframework.context.support.AbstractApplicationContext.finishBeanFactoryInitialization(AbstractApplicationContext.java:974)
	at org.springframework.context.support.AbstractApplicationContext.refresh(AbstractApplicationContext.java:628)
	at org.springframework.boot.web.servlet.context.ServletWebServerApplicationContext.refresh(ServletWebServerApplicationContext.java:146)
	at org.springframework.boot.SpringApplication.refresh(SpringApplication.java:752)
	at org.springframework.boot.SpringApplication.refreshContext(SpringApplication.java:439)
	at org.springframework.boot.SpringApplication.run(SpringApplication.java:318)
	at org.springframework.boot.SpringApplication.run(SpringApplication.java:1361)
	at org.springframework.boot.SpringApplication.run(SpringApplication.java:1350)
	at com.kidmily.algoga_server.AlgogaServerApplication.main(AlgogaServerApplication.java:10)
	at java.base/jdk.internal.reflect.NativeMethodAccessorImpl.invoke0(Native Method)
	at java.base/jdk.internal.reflect.NativeMethodAccessorImpl.invoke(NativeMethodAccessorImpl.java:77)
	at java.base/jdk.internal.reflect.DelegatingMethodAccessorImpl.invoke(DelegatingMethodAccessorImpl.java:43)
	at java.base/java.lang.reflect.Method.invoke(Method.java:569)
	at org.springframework.boot.devtools.restart.RestartLauncher.run(RestartLauncher.java:50)
Caused by: org.hibernate.service.spi.ServiceException: Unable to create requested service [org.hibernate.engine.jdbc.env.spi.JdbcEnvironment] due to: Unable to determine Dialect without JDBC metadata (please set 'jakarta.persistence.jdbc.url' for common cases or 'hibernate.dialect' when a custom Dialect implementation must be provided)
	at org.hibernate.service.internal.AbstractServiceRegistryImpl.createService(AbstractServiceRegistryImpl.java:276)
	at org.hibernate.service.internal.AbstractServiceRegistryImpl.initializeService(AbstractServiceRegistryImpl.java:238)
	at org.hibernate.service.internal.AbstractServiceRegistryImpl.getService(AbstractServiceRegistryImpl.java:215)
	at org.hibernate.boot.model.relational.Database.<init>(Database.java:45)
	at org.hibernate.boot.internal.InFlightMetadataCollectorImpl.getDatabase(InFlightMetadataCollectorImpl.java:226)
	at org.hibernate.boot.internal.InFlightMetadataCollectorImpl.<init>(InFlightMetadataCollectorImpl.java:194)
	at org.hibernate.boot.model.process.spi.MetadataBuildingProcess.complete(MetadataBuildingProcess.java:171)
	at org.hibernate.jpa.boot.internal.EntityManagerFactoryBuilderImpl.metadata(EntityManagerFactoryBuilderImpl.java:1442)
	at org.hibernate.jpa.boot.internal.EntityManagerFactoryBuilderImpl.build(EntityManagerFactoryBuilderImpl.java:1513)
	at org.springframework.orm.jpa.vendor.SpringHibernateJpaPersistenceProvider.createContainerEntityManagerFactory(SpringHibernateJpaPersistenceProvider.java:66)
	at org.springframework.orm.jpa.LocalContainerEntityManagerFactoryBean.createNativeEntityManagerFactory(LocalContainerEntityManagerFactoryBean.java:388)
	at org.springframework.orm.jpa.AbstractEntityManagerFactoryBean.buildNativeEntityManagerFactory(AbstractEntityManagerFactoryBean.java:419)
	at org.springframework.orm.jpa.AbstractEntityManagerFactoryBean.afterPropertiesSet(AbstractEntityManagerFactoryBean.java:400)
	at org.springframework.orm.jpa.LocalContainerEntityManagerFactoryBean.afterPropertiesSet(LocalContainerEntityManagerFactoryBean.java:364)
	at org.springframework.beans.factory.support.AbstractAutowireCapableBeanFactory.invokeInitMethods(AbstractAutowireCapableBeanFactory.java:1873)
	at org.springframework.beans.factory.support.AbstractAutowireCapableBeanFactory.initializeBean(AbstractAutowireCapableBeanFactory.java:1822)
	... 20 common frames omitted
Caused by: org.hibernate.HibernateException: Unable to determine Dialect without JDBC metadata (please set 'jakarta.persistence.jdbc.url' for common cases or 'hibernate.dialect' when a custom Dialect implementation must be provided)
	at org.hibernate.engine.jdbc.dialect.internal.DialectFactoryImpl.determineDialect(DialectFactoryImpl.java:191)
	at org.hibernate.engine.jdbc.dialect.internal.DialectFactoryImpl.buildDialect(DialectFactoryImpl.java:87)
	at org.hibernate.engine.jdbc.env.internal.JdbcEnvironmentInitiator.getJdbcEnvironmentWithDefaults(JdbcEnvironmentInitiator.java:186)
	at org.hibernate.engine.jdbc.env.internal.JdbcEnvironmentInitiator.getJdbcEnvironmentUsingJdbcMetadata(JdbcEnvironmentInitiator.java:410)
	at org.hibernate.engine.jdbc.env.internal.JdbcEnvironmentInitiator.initiateService(JdbcEnvironmentInitiator.java:129)
	at org.hibernate.engine.jdbc.env.internal.JdbcEnvironmentInitiator.initiateService(JdbcEnvironmentInitiator.java:81)
	at org.hibernate.boot.registry.internal.StandardServiceRegistryImpl.initiateService(StandardServiceRegistryImpl.java:130)
	at org.hibernate.service.internal.AbstractServiceRegistryImpl.createService(AbstractServiceRegistryImpl.java:263)
	... 35 common frames omitted
2026-05-21 17:14:49.287 INFO  [background-preinit] o.h.validator.internal.util.Version - HV000001: Hibernate Validator 8.0.3.Final
2026-05-21 17:14:49.324 INFO  [restartedMain] c.k.a.AlgogaServerApplication - Starting AlgogaServerApplication using Java 17.0.18 with PID 17172 (C:\kidmily\algoga_server\build\classes\java\main started by user in C:\kidmily\algoga_server)
2026-05-21 17:14:49.325 INFO  [restartedMain] c.k.a.AlgogaServerApplication - No active profile set, falling back to 1 default profile: "default"
2026-05-21 17:14:49.355 INFO  [restartedMain] o.s.b.d.e.DevToolsPropertyDefaultsPostProcessor - Devtools property defaults active! Set 'spring.devtools.add-properties' to 'false' to disable
2026-05-21 17:14:49.355 INFO  [restartedMain] o.s.b.d.e.DevToolsPropertyDefaultsPostProcessor - For additional web related logging consider setting the 'logging.level.web' property to 'DEBUG'
2026-05-21 17:14:49.932 INFO  [restartedMain] o.s.d.r.c.RepositoryConfigurationDelegate - Bootstrapping Spring Data JPA repositories in DEFAULT mode.
2026-05-21 17:14:49.950 INFO  [restartedMain] o.s.d.r.c.RepositoryConfigurationDelegate - Finished Spring Data repository scanning in 12 ms. Found 0 JPA repository interfaces.
2026-05-21 17:14:50.459 INFO  [restartedMain] o.s.b.w.embedded.tomcat.TomcatWebServer - Tomcat initialized with port 15000 (http)
2026-05-21 17:14:50.466 INFO  [restartedMain] o.a.coyote.http11.Http11NioProtocol - Initializing ProtocolHandler ["http-nio-15000"]
2026-05-21 17:14:50.469 INFO  [restartedMain] o.apache.catalina.core.StandardService - Starting service [Tomcat]
2026-05-21 17:14:50.469 INFO  [restartedMain] o.apache.catalina.core.StandardEngine - Starting Servlet engine: [Apache Tomcat/10.1.54]
2026-05-21 17:14:50.520 INFO  [restartedMain] o.a.c.c.C.[Tomcat].[localhost].[/] - Initializing Spring embedded WebApplicationContext
2026-05-21 17:14:50.520 INFO  [restartedMain] o.s.b.w.s.c.ServletWebServerApplicationContext - Root WebApplicationContext: initialization completed in 1165 ms
2026-05-21 17:14:50.641 INFO  [restartedMain] o.hibernate.jpa.internal.util.LogHelper - HHH000204: Processing PersistenceUnitInfo [name: default]
2026-05-21 17:14:50.678 INFO  [restartedMain] org.hibernate.Version - HHH000412: Hibernate ORM core version 6.6.49.Final
2026-05-21 17:14:50.704 INFO  [restartedMain] o.h.c.internal.RegionFactoryInitiator - HHH000026: Second-level cache disabled
2026-05-21 17:14:50.894 INFO  [restartedMain] o.s.o.j.p.SpringPersistenceUnitInfo - No LoadTimeWeaver setup: ignoring JPA class transformer
2026-05-21 17:14:50.914 INFO  [restartedMain] com.zaxxer.hikari.HikariDataSource - HikariPool-1 - Starting...
2026-05-21 17:14:51.110 INFO  [restartedMain] com.zaxxer.hikari.pool.HikariPool - HikariPool-1 - Added connection com.mysql.cj.jdbc.ConnectionImpl@61f1ae07
2026-05-21 17:14:51.112 INFO  [restartedMain] com.zaxxer.hikari.HikariDataSource - HikariPool-1 - Start completed.
2026-05-21 17:14:51.191 INFO  [restartedMain] org.hibernate.orm.connections.pooling - HHH10001005: Database info:
	Database JDBC URL [Connecting through datasource 'HikariDataSource (HikariPool-1)']
	Database driver: undefined/unknown
	Database version: 8.0.45
	Autocommit mode: undefined/unknown
	Isolation level: undefined/unknown
	Minimum pool size: undefined/unknown
	Maximum pool size: undefined/unknown
2026-05-21 17:14:51.469 INFO  [restartedMain] o.h.e.t.j.p.i.JtaPlatformInitiator - HHH000489: No JTA platform available (set 'hibernate.transaction.jta.platform' to enable JTA platform integration)
2026-05-21 17:14:51.473 INFO  [restartedMain] o.s.o.j.LocalContainerEntityManagerFactoryBean - Initialized JPA EntityManagerFactory for persistence unit 'default'
2026-05-21 17:14:51.616 WARN  [restartedMain] o.s.b.a.o.j.JpaBaseConfiguration$JpaWebConfiguration - spring.jpa.open-in-view is enabled by default. Therefore, database queries may be performed during view rendering. Explicitly configure spring.jpa.open-in-view to disable this warning
2026-05-21 17:14:52.261 INFO  [restartedMain] o.s.b.d.a.OptionalLiveReloadServer - LiveReload server is running on port 35729
2026-05-21 17:14:52.285 INFO  [restartedMain] o.a.coyote.http11.Http11NioProtocol - Starting ProtocolHandler ["http-nio-15000"]
2026-05-21 17:14:52.298 INFO  [restartedMain] o.s.b.w.embedded.tomcat.TomcatWebServer - Tomcat started on port 15000 (http) with context path '/'
2026-05-21 17:14:52.305 INFO  [restartedMain] c.k.a.AlgogaServerApplication - Started AlgogaServerApplication in 3.378 seconds (process running for 3.827)
2026-05-21 17:14:52.307 WARN  [restartedMain] o.s.core.events.SpringDocAppInitializer - SpringDoc /v3/api-docs endpoint is enabled by default. To disable it in production, set the property 'springdoc.api-docs.enabled=false'
2026-05-21 17:14:52.308 WARN  [restartedMain] o.s.core.events.SpringDocAppInitializer - SpringDoc /swagger-ui.html endpoint is enabled by default. To disable it in production, set the property 'springdoc.swagger-ui.enabled=false'
2026-05-21 17:15:02.712 INFO  [http-nio-15000-exec-1] o.a.c.c.C.[Tomcat].[localhost].[/] - Initializing Spring DispatcherServlet 'dispatcherServlet'
2026-05-21 17:15:02.713 INFO  [http-nio-15000-exec-1] o.s.web.servlet.DispatcherServlet - Initializing Servlet 'dispatcherServlet'
2026-05-21 17:15:02.713 INFO  [http-nio-15000-exec-1] o.s.web.servlet.DispatcherServlet - Completed initialization in 0 ms
2026-05-21 17:15:03.214 INFO  [http-nio-15000-exec-7] o.springdoc.api.AbstractOpenApiResource - Init duration for springdoc-openapi is: 137 ms
2026-05-21 17:17:19.208 INFO  [File Watcher] o.s.b.d.a.LocalDevToolsAutoConfiguration$RestartingClassPathChangeChangedEventListener - Restarting due to 1 class path change (0 additions, 1 deletion, 0 modifications)
2026-05-21 17:17:19.209 INFO  [Thread-5] o.s.b.w.e.tomcat.GracefulShutdown - Commencing graceful shutdown. Waiting for active requests to complete
2026-05-21 17:17:19.212 INFO  [tomcat-shutdown] o.a.coyote.http11.Http11NioProtocol - Pausing ProtocolHandler ["http-nio-15000"]
2026-05-21 17:17:19.387 INFO  [tomcat-shutdown] o.s.b.w.e.tomcat.GracefulShutdown - Graceful shutdown complete
2026-05-21 17:17:19.388 INFO  [Thread-5] o.a.coyote.http11.Http11NioProtocol - Stopping ProtocolHandler ["http-nio-15000"]
2026-05-21 17:17:19.392 INFO  [Thread-5] o.s.o.j.LocalContainerEntityManagerFactoryBean - Closing JPA EntityManagerFactory for persistence unit 'default'
2026-05-21 17:17:19.392 INFO  [Thread-5] com.zaxxer.hikari.HikariDataSource - HikariPool-1 - Shutdown initiated...
2026-05-21 17:17:19.406 INFO  [Thread-5] com.zaxxer.hikari.HikariDataSource - HikariPool-1 - Shutdown completed.
2026-05-21 17:17:19.520 INFO  [restartedMain] c.k.a.AlgogaServerApplication - Starting AlgogaServerApplication using Java 17.0.18 with PID 17172 (C:\kidmily\algoga_server\build\classes\java\main started by user in C:\kidmily\algoga_server)
2026-05-21 17:17:19.520 INFO  [restartedMain] c.k.a.AlgogaServerApplication - No active profile set, falling back to 1 default profile: "default"
2026-05-21 17:17:19.764 INFO  [restartedMain] o.s.d.r.c.RepositoryConfigurationDelegate - Bootstrapping Spring Data JPA repositories in DEFAULT mode.
2026-05-21 17:17:19.771 INFO  [restartedMain] o.s.d.r.c.RepositoryConfigurationDelegate - Finished Spring Data repository scanning in 7 ms. Found 0 JPA repository interfaces.
2026-05-21 17:17:19.946 INFO  [restartedMain] o.s.b.w.embedded.tomcat.TomcatWebServer - Tomcat initialized with port 15000 (http)
2026-05-21 17:17:19.947 INFO  [restartedMain] o.a.coyote.http11.Http11NioProtocol - Initializing ProtocolHandler ["http-nio-15000"]
2026-05-21 17:17:19.947 INFO  [restartedMain] o.apache.catalina.core.StandardService - Starting service [Tomcat]
2026-05-21 17:17:19.948 INFO  [restartedMain] o.apache.catalina.core.StandardEngine - Starting Servlet engine: [Apache Tomcat/10.1.54]
2026-05-21 17:17:19.967 INFO  [restartedMain] o.a.c.c.C.[Tomcat].[localhost].[/] - Initializing Spring embedded WebApplicationContext
2026-05-21 17:17:19.967 INFO  [restartedMain] o.s.b.w.s.c.ServletWebServerApplicationContext - Root WebApplicationContext: initialization completed in 445 ms
2026-05-21 17:17:20.034 INFO  [restartedMain] o.hibernate.jpa.internal.util.LogHelper - HHH000204: Processing PersistenceUnitInfo [name: default]
2026-05-21 17:17:20.034 INFO  [restartedMain] o.h.c.internal.RegionFactoryInitiator - HHH000026: Second-level cache disabled
2026-05-21 17:17:20.051 INFO  [restartedMain] o.s.o.j.p.SpringPersistenceUnitInfo - No LoadTimeWeaver setup: ignoring JPA class transformer
2026-05-21 17:17:20.051 INFO  [restartedMain] com.zaxxer.hikari.HikariDataSource - HikariPool-2 - Starting...
2026-05-21 17:17:20.068 INFO  [restartedMain] com.zaxxer.hikari.pool.HikariPool - HikariPool-2 - Added connection com.mysql.cj.jdbc.ConnectionImpl@5fe6c2d
2026-05-21 17:17:20.068 INFO  [restartedMain] com.zaxxer.hikari.HikariDataSource - HikariPool-2 - Start completed.
2026-05-21 17:17:20.068 INFO  [restartedMain] org.hibernate.orm.connections.pooling - HHH10001005: Database info:
	Database JDBC URL [Connecting through datasource 'HikariDataSource (HikariPool-2)']
	Database driver: undefined/unknown
	Database version: 8.0.45
	Autocommit mode: undefined/unknown
	Isolation level: undefined/unknown
	Minimum pool size: undefined/unknown
	Maximum pool size: undefined/unknown
2026-05-21 17:17:20.147 INFO  [restartedMain] o.h.e.t.j.p.i.JtaPlatformInitiator - HHH000489: No JTA platform available (set 'hibernate.transaction.jta.platform' to enable JTA platform integration)
2026-05-21 17:17:20.147 INFO  [restartedMain] o.s.o.j.LocalContainerEntityManagerFactoryBean - Initialized JPA EntityManagerFactory for persistence unit 'default'
2026-05-21 17:17:20.228 WARN  [restartedMain] o.s.b.a.o.j.JpaBaseConfiguration$JpaWebConfiguration - spring.jpa.open-in-view is enabled by default. Therefore, database queries may be performed during view rendering. Explicitly configure spring.jpa.open-in-view to disable this warning
2026-05-21 17:17:20.646 INFO  [restartedMain] o.s.b.d.a.OptionalLiveReloadServer - LiveReload server is running on port 35729
2026-05-21 17:17:20.664 INFO  [restartedMain] o.a.coyote.http11.Http11NioProtocol - Starting ProtocolHandler ["http-nio-15000"]
2026-05-21 17:17:20.664 INFO  [restartedMain] o.s.b.w.embedded.tomcat.TomcatWebServer - Tomcat started on port 15000 (http) with context path '/'
2026-05-21 17:17:20.679 INFO  [restartedMain] c.k.a.AlgogaServerApplication - Started AlgogaServerApplication in 1.207 seconds (process running for 152.2)
2026-05-21 17:17:20.680 WARN  [restartedMain] o.s.core.events.SpringDocAppInitializer - SpringDoc /v3/api-docs endpoint is enabled by default. To disable it in production, set the property 'springdoc.api-docs.enabled=false'
2026-05-21 17:17:20.681 WARN  [restartedMain] o.s.core.events.SpringDocAppInitializer - SpringDoc /swagger-ui.html endpoint is enabled by default. To disable it in production, set the property 'springdoc.swagger-ui.enabled=false'
2026-05-21 17:17:20.681 INFO  [restartedMain] o.s.b.d.a.ConditionEvaluationDeltaLoggingListener - Condition evaluation unchanged
2026-05-21 17:17:22.083 INFO  [File Watcher] o.s.b.d.a.LocalDevToolsAutoConfiguration$RestartingClassPathChangeChangedEventListener - Restarting due to 1 class path change (1 addition, 0 deletions, 0 modifications)
2026-05-21 17:17:22.083 INFO  [Thread-7] o.s.b.w.e.tomcat.GracefulShutdown - Commencing graceful shutdown. Waiting for active requests to complete
2026-05-21 17:17:22.083 INFO  [tomcat-shutdown] o.a.coyote.http11.Http11NioProtocol - Pausing ProtocolHandler ["http-nio-15000"]
2026-05-21 17:17:22.313 INFO  [tomcat-shutdown] o.s.b.w.e.tomcat.GracefulShutdown - Graceful shutdown complete
2026-05-21 17:17:22.314 INFO  [Thread-7] o.a.coyote.http11.Http11NioProtocol - Stopping ProtocolHandler ["http-nio-15000"]
2026-05-21 17:17:22.314 INFO  [Thread-7] o.s.o.j.LocalContainerEntityManagerFactoryBean - Closing JPA EntityManagerFactory for persistence unit 'default'
2026-05-21 17:17:22.314 INFO  [Thread-7] com.zaxxer.hikari.HikariDataSource - HikariPool-2 - Shutdown initiated...
2026-05-21 17:17:22.314 INFO  [Thread-7] com.zaxxer.hikari.HikariDataSource - HikariPool-2 - Shutdown completed.
2026-05-21 17:17:22.430 INFO  [restartedMain] c.k.a.AlgogaServerApplication - Starting AlgogaServerApplication using Java 17.0.18 with PID 17172 (C:\kidmily\algoga_server\build\classes\java\main started by user in C:\kidmily\algoga_server)
2026-05-21 17:17:22.430 INFO  [restartedMain] c.k.a.AlgogaServerApplication - No active profile set, falling back to 1 default profile: "default"
2026-05-21 17:17:22.697 INFO  [restartedMain] o.s.d.r.c.RepositoryConfigurationDelegate - Bootstrapping Spring Data JPA repositories in DEFAULT mode.
2026-05-21 17:17:22.697 INFO  [restartedMain] o.s.d.r.c.RepositoryConfigurationDelegate - Finished Spring Data repository scanning in 6 ms. Found 0 JPA repository interfaces.
2026-05-21 17:17:22.847 INFO  [restartedMain] o.s.b.w.embedded.tomcat.TomcatWebServer - Tomcat initialized with port 15000 (http)
2026-05-21 17:17:22.847 INFO  [restartedMain] o.a.coyote.http11.Http11NioProtocol - Initializing ProtocolHandler ["http-nio-15000"]
2026-05-21 17:17:22.847 INFO  [restartedMain] o.apache.catalina.core.StandardService - Starting service [Tomcat]
2026-05-21 17:17:22.847 INFO  [restartedMain] o.apache.catalina.core.StandardEngine - Starting Servlet engine: [Apache Tomcat/10.1.54]
2026-05-21 17:17:22.880 INFO  [restartedMain] o.a.c.c.C.[Tomcat].[localhost].[/] - Initializing Spring embedded WebApplicationContext
2026-05-21 17:17:22.880 INFO  [restartedMain] o.s.b.w.s.c.ServletWebServerApplicationContext - Root WebApplicationContext: initialization completed in 450 ms
2026-05-21 17:17:22.947 INFO  [restartedMain] o.hibernate.jpa.internal.util.LogHelper - HHH000204: Processing PersistenceUnitInfo [name: default]
2026-05-21 17:17:22.964 INFO  [restartedMain] o.h.c.internal.RegionFactoryInitiator - HHH000026: Second-level cache disabled
2026-05-21 17:17:22.971 INFO  [restartedMain] o.s.o.j.p.SpringPersistenceUnitInfo - No LoadTimeWeaver setup: ignoring JPA class transformer
2026-05-21 17:17:22.971 INFO  [restartedMain] com.zaxxer.hikari.HikariDataSource - HikariPool-3 - Starting...
2026-05-21 17:17:22.980 INFO  [restartedMain] com.zaxxer.hikari.pool.HikariPool - HikariPool-3 - Added connection com.mysql.cj.jdbc.ConnectionImpl@39487369
2026-05-21 17:17:22.980 INFO  [restartedMain] com.zaxxer.hikari.HikariDataSource - HikariPool-3 - Start completed.
2026-05-21 17:17:22.980 INFO  [restartedMain] org.hibernate.orm.connections.pooling - HHH10001005: Database info:
	Database JDBC URL [Connecting through datasource 'HikariDataSource (HikariPool-3)']
	Database driver: undefined/unknown
	Database version: 8.0.45
	Autocommit mode: undefined/unknown
	Isolation level: undefined/unknown
	Minimum pool size: undefined/unknown
	Maximum pool size: undefined/unknown
2026-05-21 17:17:23.013 INFO  [restartedMain] o.h.e.t.j.p.i.JtaPlatformInitiator - HHH000489: No JTA platform available (set 'hibernate.transaction.jta.platform' to enable JTA platform integration)
2026-05-21 17:17:23.013 INFO  [restartedMain] o.s.o.j.LocalContainerEntityManagerFactoryBean - Initialized JPA EntityManagerFactory for persistence unit 'default'
2026-05-21 17:17:23.101 WARN  [restartedMain] o.s.b.a.o.j.JpaBaseConfiguration$JpaWebConfiguration - spring.jpa.open-in-view is enabled by default. Therefore, database queries may be performed during view rendering. Explicitly configure spring.jpa.open-in-view to disable this warning
2026-05-21 17:17:23.580 INFO  [restartedMain] o.s.b.d.a.OptionalLiveReloadServer - LiveReload server is running on port 35729
2026-05-21 17:17:23.597 INFO  [restartedMain] o.a.coyote.http11.Http11NioProtocol - Starting ProtocolHandler ["http-nio-15000"]
2026-05-21 17:17:23.597 INFO  [restartedMain] o.s.b.w.embedded.tomcat.TomcatWebServer - Tomcat started on port 15000 (http) with context path '/'
2026-05-21 17:17:23.613 INFO  [restartedMain] c.k.a.AlgogaServerApplication - Started AlgogaServerApplication in 1.216 seconds (process running for 155.133)
2026-05-21 17:17:23.614 WARN  [restartedMain] o.s.core.events.SpringDocAppInitializer - SpringDoc /v3/api-docs endpoint is enabled by default. To disable it in production, set the property 'springdoc.api-docs.enabled=false'
2026-05-21 17:17:23.614 WARN  [restartedMain] o.s.core.events.SpringDocAppInitializer - SpringDoc /swagger-ui.html endpoint is enabled by default. To disable it in production, set the property 'springdoc.swagger-ui.enabled=false'
2026-05-21 17:17:23.614 INFO  [restartedMain] o.s.b.d.a.ConditionEvaluationDeltaLoggingListener - Condition evaluation unchanged
2026-05-21 17:20:03.712 INFO  [File Watcher] o.s.b.d.a.LocalDevToolsAutoConfiguration$RestartingClassPathChangeChangedEventListener - Restarting due to 1 class path change (0 additions, 0 deletions, 1 modification)
2026-05-21 17:20:03.712 INFO  [Thread-11] o.s.b.w.e.tomcat.GracefulShutdown - Commencing graceful shutdown. Waiting for active requests to complete
2026-05-21 17:20:03.712 INFO  [tomcat-shutdown] o.a.coyote.http11.Http11NioProtocol - Pausing ProtocolHandler ["http-nio-15000"]
2026-05-21 17:20:03.897 INFO  [tomcat-shutdown] o.s.b.w.e.tomcat.GracefulShutdown - Graceful shutdown complete
2026-05-21 17:20:03.898 INFO  [Thread-11] o.a.coyote.http11.Http11NioProtocol - Stopping ProtocolHandler ["http-nio-15000"]
2026-05-21 17:20:03.900 INFO  [Thread-11] o.s.o.j.LocalContainerEntityManagerFactoryBean - Closing JPA EntityManagerFactory for persistence unit 'default'
2026-05-21 17:20:03.900 INFO  [Thread-11] com.zaxxer.hikari.HikariDataSource - HikariPool-3 - Shutdown initiated...
2026-05-21 17:20:03.900 INFO  [Thread-11] com.zaxxer.hikari.HikariDataSource - HikariPool-3 - Shutdown completed.
2026-05-21 17:20:03.986 INFO  [restartedMain] c.k.a.AlgogaServerApplication - Starting AlgogaServerApplication using Java 17.0.18 with PID 17172 (C:\kidmily\algoga_server\build\classes\java\main started by user in C:\kidmily\algoga_server)
2026-05-21 17:20:03.986 INFO  [restartedMain] c.k.a.AlgogaServerApplication - No active profile set, falling back to 1 default profile: "default"
2026-05-21 17:20:04.249 INFO  [restartedMain] o.s.d.r.c.RepositoryConfigurationDelegate - Bootstrapping Spring Data JPA repositories in DEFAULT mode.
2026-05-21 17:20:04.260 INFO  [restartedMain] o.s.d.r.c.RepositoryConfigurationDelegate - Finished Spring Data repository scanning in 7 ms. Found 0 JPA repository interfaces.
2026-05-21 17:20:04.394 INFO  [restartedMain] o.s.b.w.embedded.tomcat.TomcatWebServer - Tomcat initialized with port 15000 (http)
2026-05-21 17:20:04.394 INFO  [restartedMain] o.a.coyote.http11.Http11NioProtocol - Initializing ProtocolHandler ["http-nio-15000"]
2026-05-21 17:20:04.396 INFO  [restartedMain] o.apache.catalina.core.StandardService - Starting service [Tomcat]
2026-05-21 17:20:04.396 INFO  [restartedMain] o.apache.catalina.core.StandardEngine - Starting Servlet engine: [Apache Tomcat/10.1.54]
2026-05-21 17:20:04.426 INFO  [restartedMain] o.a.c.c.C.[Tomcat].[localhost].[/] - Initializing Spring embedded WebApplicationContext
2026-05-21 17:20:04.426 INFO  [restartedMain] o.s.b.w.s.c.ServletWebServerApplicationContext - Root WebApplicationContext: initialization completed in 438 ms
2026-05-21 17:20:04.496 INFO  [restartedMain] o.hibernate.jpa.internal.util.LogHelper - HHH000204: Processing PersistenceUnitInfo [name: default]
2026-05-21 17:20:04.500 INFO  [restartedMain] o.h.c.internal.RegionFactoryInitiator - HHH000026: Second-level cache disabled
2026-05-21 17:20:04.512 INFO  [restartedMain] o.s.o.j.p.SpringPersistenceUnitInfo - No LoadTimeWeaver setup: ignoring JPA class transformer
2026-05-21 17:20:04.513 INFO  [restartedMain] com.zaxxer.hikari.HikariDataSource - HikariPool-4 - Starting...
2026-05-21 17:20:04.526 INFO  [restartedMain] com.zaxxer.hikari.pool.HikariPool - HikariPool-4 - Added connection com.mysql.cj.jdbc.ConnectionImpl@7ed7f53f
2026-05-21 17:20:04.527 INFO  [restartedMain] com.zaxxer.hikari.HikariDataSource - HikariPool-4 - Start completed.
2026-05-21 17:20:04.528 INFO  [restartedMain] org.hibernate.orm.connections.pooling - HHH10001005: Database info:
	Database JDBC URL [Connecting through datasource 'HikariDataSource (HikariPool-4)']
	Database driver: undefined/unknown
	Database version: 8.0.45
	Autocommit mode: undefined/unknown
	Isolation level: undefined/unknown
	Minimum pool size: undefined/unknown
	Maximum pool size: undefined/unknown
2026-05-21 17:20:04.548 INFO  [restartedMain] o.h.e.t.j.p.i.JtaPlatformInitiator - HHH000489: No JTA platform available (set 'hibernate.transaction.jta.platform' to enable JTA platform integration)
2026-05-21 17:20:04.548 INFO  [restartedMain] o.s.o.j.LocalContainerEntityManagerFactoryBean - Initialized JPA EntityManagerFactory for persistence unit 'default'
2026-05-21 17:20:04.626 WARN  [restartedMain] o.s.b.a.o.j.JpaBaseConfiguration$JpaWebConfiguration - spring.jpa.open-in-view is enabled by default. Therefore, database queries may be performed during view rendering. Explicitly configure spring.jpa.open-in-view to disable this warning
2026-05-21 17:20:05.032 INFO  [restartedMain] o.s.b.d.a.OptionalLiveReloadServer - LiveReload server is running on port 35729
2026-05-21 17:20:05.049 INFO  [restartedMain] o.a.coyote.http11.Http11NioProtocol - Starting ProtocolHandler ["http-nio-15000"]
2026-05-21 17:20:05.060 INFO  [restartedMain] o.s.b.w.embedded.tomcat.TomcatWebServer - Tomcat started on port 15000 (http) with context path '/'
2026-05-21 17:20:05.066 INFO  [restartedMain] c.k.a.AlgogaServerApplication - Started AlgogaServerApplication in 1.12 seconds (process running for 316.587)
2026-05-21 17:20:05.066 WARN  [restartedMain] o.s.core.events.SpringDocAppInitializer - SpringDoc /v3/api-docs endpoint is enabled by default. To disable it in production, set the property 'springdoc.api-docs.enabled=false'
2026-05-21 17:20:05.066 WARN  [restartedMain] o.s.core.events.SpringDocAppInitializer - SpringDoc /swagger-ui.html endpoint is enabled by default. To disable it in production, set the property 'springdoc.swagger-ui.enabled=false'
2026-05-21 17:20:05.066 INFO  [restartedMain] o.s.b.d.a.ConditionEvaluationDeltaLoggingListener - Condition evaluation unchanged
2026-05-21 17:20:20.697 INFO  [File Watcher] o.s.b.d.a.LocalDevToolsAutoConfiguration$RestartingClassPathChangeChangedEventListener - Restarting due to 1 class path change (0 additions, 1 deletion, 0 modifications)
2026-05-21 17:20:20.697 INFO  [Thread-15] o.s.b.w.e.tomcat.GracefulShutdown - Commencing graceful shutdown. Waiting for active requests to complete
2026-05-21 17:20:20.697 INFO  [tomcat-shutdown] o.a.coyote.http11.Http11NioProtocol - Pausing ProtocolHandler ["http-nio-15000"]
2026-05-21 17:20:20.866 INFO  [tomcat-shutdown] o.s.b.w.e.tomcat.GracefulShutdown - Graceful shutdown complete
2026-05-21 17:20:20.866 INFO  [Thread-15] o.a.coyote.http11.Http11NioProtocol - Stopping ProtocolHandler ["http-nio-15000"]
2026-05-21 17:20:20.866 INFO  [Thread-15] o.s.o.j.LocalContainerEntityManagerFactoryBean - Closing JPA EntityManagerFactory for persistence unit 'default'
2026-05-21 17:20:20.866 INFO  [Thread-15] com.zaxxer.hikari.HikariDataSource - HikariPool-4 - Shutdown initiated...
2026-05-21 17:20:20.878 INFO  [Thread-15] com.zaxxer.hikari.HikariDataSource - HikariPool-4 - Shutdown completed.
2026-05-21 17:20:20.996 INFO  [restartedMain] c.k.a.AlgogaServerApplication - Starting AlgogaServerApplication using Java 17.0.18 with PID 17172 (C:\kidmily\algoga_server\build\classes\java\main started by user in C:\kidmily\algoga_server)
2026-05-21 17:20:20.996 INFO  [restartedMain] c.k.a.AlgogaServerApplication - No active profile set, falling back to 1 default profile: "default"
2026-05-21 17:20:21.236 INFO  [restartedMain] o.s.d.r.c.RepositoryConfigurationDelegate - Bootstrapping Spring Data JPA repositories in DEFAULT mode.
2026-05-21 17:20:21.245 INFO  [restartedMain] o.s.d.r.c.RepositoryConfigurationDelegate - Finished Spring Data repository scanning in 6 ms. Found 0 JPA repository interfaces.
2026-05-21 17:20:21.388 INFO  [restartedMain] o.s.b.w.embedded.tomcat.TomcatWebServer - Tomcat initialized with port 15000 (http)
2026-05-21 17:20:21.388 INFO  [restartedMain] o.a.coyote.http11.Http11NioProtocol - Initializing ProtocolHandler ["http-nio-15000"]
2026-05-21 17:20:21.388 INFO  [restartedMain] o.apache.catalina.core.StandardService - Starting service [Tomcat]
2026-05-21 17:20:21.388 INFO  [restartedMain] o.apache.catalina.core.StandardEngine - Starting Servlet engine: [Apache Tomcat/10.1.54]
2026-05-21 17:20:21.414 INFO  [restartedMain] o.a.c.c.C.[Tomcat].[localhost].[/] - Initializing Spring embedded WebApplicationContext
2026-05-21 17:20:21.414 INFO  [restartedMain] o.s.b.w.s.c.ServletWebServerApplicationContext - Root WebApplicationContext: initialization completed in 416 ms
2026-05-21 17:20:21.480 INFO  [restartedMain] o.hibernate.jpa.internal.util.LogHelper - HHH000204: Processing PersistenceUnitInfo [name: default]
2026-05-21 17:20:21.482 INFO  [restartedMain] o.h.c.internal.RegionFactoryInitiator - HHH000026: Second-level cache disabled
2026-05-21 17:20:21.482 INFO  [restartedMain] o.s.o.j.p.SpringPersistenceUnitInfo - No LoadTimeWeaver setup: ignoring JPA class transformer
2026-05-21 17:20:21.494 INFO  [restartedMain] com.zaxxer.hikari.HikariDataSource - HikariPool-5 - Starting...
2026-05-21 17:20:21.506 INFO  [restartedMain] com.zaxxer.hikari.pool.HikariPool - HikariPool-5 - Added connection com.mysql.cj.jdbc.ConnectionImpl@5ddc7670
2026-05-21 17:20:21.507 INFO  [restartedMain] com.zaxxer.hikari.HikariDataSource - HikariPool-5 - Start completed.
2026-05-21 17:20:21.508 INFO  [restartedMain] org.hibernate.orm.connections.pooling - HHH10001005: Database info:
	Database JDBC URL [Connecting through datasource 'HikariDataSource (HikariPool-5)']
	Database driver: undefined/unknown
	Database version: 8.0.45
	Autocommit mode: undefined/unknown
	Isolation level: undefined/unknown
	Minimum pool size: undefined/unknown
	Maximum pool size: undefined/unknown
2026-05-21 17:20:21.529 INFO  [restartedMain] o.h.e.t.j.p.i.JtaPlatformInitiator - HHH000489: No JTA platform available (set 'hibernate.transaction.jta.platform' to enable JTA platform integration)
2026-05-21 17:20:21.529 INFO  [restartedMain] o.s.o.j.LocalContainerEntityManagerFactoryBean - Initialized JPA EntityManagerFactory for persistence unit 'default'
2026-05-21 17:20:21.599 WARN  [restartedMain] o.s.b.a.o.j.JpaBaseConfiguration$JpaWebConfiguration - spring.jpa.open-in-view is enabled by default. Therefore, database queries may be performed during view rendering. Explicitly configure spring.jpa.open-in-view to disable this warning
2026-05-21 17:20:22.177 INFO  [restartedMain] o.s.b.d.a.OptionalLiveReloadServer - LiveReload server is running on port 35729
2026-05-21 17:20:22.191 INFO  [restartedMain] o.a.coyote.http11.Http11NioProtocol - Starting ProtocolHandler ["http-nio-15000"]
2026-05-21 17:20:22.191 INFO  [restartedMain] o.s.b.w.embedded.tomcat.TomcatWebServer - Tomcat started on port 15000 (http) with context path '/'
2026-05-21 17:20:22.202 INFO  [restartedMain] c.k.a.AlgogaServerApplication - Started AlgogaServerApplication in 1.253 seconds (process running for 333.723)
2026-05-21 17:20:22.202 WARN  [restartedMain] o.s.core.events.SpringDocAppInitializer - SpringDoc /v3/api-docs endpoint is enabled by default. To disable it in production, set the property 'springdoc.api-docs.enabled=false'
2026-05-21 17:20:22.202 WARN  [restartedMain] o.s.core.events.SpringDocAppInitializer - SpringDoc /swagger-ui.html endpoint is enabled by default. To disable it in production, set the property 'springdoc.swagger-ui.enabled=false'
2026-05-21 17:20:22.202 INFO  [restartedMain] o.s.b.d.a.ConditionEvaluationDeltaLoggingListener - Condition evaluation unchanged
2026-05-21 17:20:23.619 INFO  [File Watcher] o.s.b.d.a.LocalDevToolsAutoConfiguration$RestartingClassPathChangeChangedEventListener - Restarting due to 1 class path change (1 addition, 0 deletions, 0 modifications)
2026-05-21 17:20:23.619 INFO  [Thread-19] o.s.b.w.e.tomcat.GracefulShutdown - Commencing graceful shutdown. Waiting for active requests to complete
2026-05-21 17:20:23.619 INFO  [tomcat-shutdown] o.a.coyote.http11.Http11NioProtocol - Pausing ProtocolHandler ["http-nio-15000"]
2026-05-21 17:20:23.798 INFO  [tomcat-shutdown] o.s.b.w.e.tomcat.GracefulShutdown - Graceful shutdown complete
2026-05-21 17:20:23.798 INFO  [Thread-19] o.a.coyote.http11.Http11NioProtocol - Stopping ProtocolHandler ["http-nio-15000"]
2026-05-21 17:20:23.804 INFO  [Thread-19] o.s.o.j.LocalContainerEntityManagerFactoryBean - Closing JPA EntityManagerFactory for persistence unit 'default'
2026-05-21 17:20:23.804 INFO  [Thread-19] com.zaxxer.hikari.HikariDataSource - HikariPool-5 - Shutdown initiated...
2026-05-21 17:20:23.804 INFO  [Thread-19] com.zaxxer.hikari.HikariDataSource - HikariPool-5 - Shutdown completed.
2026-05-21 17:20:23.964 INFO  [restartedMain] c.k.a.AlgogaServerApplication - Starting AlgogaServerApplication using Java 17.0.18 with PID 17172 (C:\kidmily\algoga_server\build\classes\java\main started by user in C:\kidmily\algoga_server)
2026-05-21 17:20:23.964 INFO  [restartedMain] c.k.a.AlgogaServerApplication - No active profile set, falling back to 1 default profile: "default"
2026-05-21 17:20:24.299 INFO  [restartedMain] o.s.d.r.c.RepositoryConfigurationDelegate - Bootstrapping Spring Data JPA repositories in DEFAULT mode.
2026-05-21 17:20:24.315 INFO  [restartedMain] o.s.d.r.c.RepositoryConfigurationDelegate - Finished Spring Data repository scanning in 5 ms. Found 0 JPA repository interfaces.
2026-05-21 17:20:24.476 INFO  [restartedMain] o.s.b.w.embedded.tomcat.TomcatWebServer - Tomcat initialized with port 15000 (http)
2026-05-21 17:20:24.477 INFO  [restartedMain] o.a.coyote.http11.Http11NioProtocol - Initializing ProtocolHandler ["http-nio-15000"]
2026-05-21 17:20:24.477 INFO  [restartedMain] o.apache.catalina.core.StandardService - Starting service [Tomcat]
2026-05-21 17:20:24.477 INFO  [restartedMain] o.apache.catalina.core.StandardEngine - Starting Servlet engine: [Apache Tomcat/10.1.54]
2026-05-21 17:20:24.520 INFO  [restartedMain] o.a.c.c.C.[Tomcat].[localhost].[/] - Initializing Spring embedded WebApplicationContext
2026-05-21 17:20:24.520 INFO  [restartedMain] o.s.b.w.s.c.ServletWebServerApplicationContext - Root WebApplicationContext: initialization completed in 554 ms
2026-05-21 17:20:24.574 INFO  [restartedMain] o.hibernate.jpa.internal.util.LogHelper - HHH000204: Processing PersistenceUnitInfo [name: default]
2026-05-21 17:20:24.579 INFO  [restartedMain] o.h.c.internal.RegionFactoryInitiator - HHH000026: Second-level cache disabled
2026-05-21 17:20:24.591 INFO  [restartedMain] o.s.o.j.p.SpringPersistenceUnitInfo - No LoadTimeWeaver setup: ignoring JPA class transformer
2026-05-21 17:20:24.593 INFO  [restartedMain] com.zaxxer.hikari.HikariDataSource - HikariPool-6 - Starting...
2026-05-21 17:20:24.607 INFO  [restartedMain] com.zaxxer.hikari.pool.HikariPool - HikariPool-6 - Added connection com.mysql.cj.jdbc.ConnectionImpl@60ebf2f4
2026-05-21 17:20:24.607 INFO  [restartedMain] com.zaxxer.hikari.HikariDataSource - HikariPool-6 - Start completed.
2026-05-21 17:20:24.607 INFO  [restartedMain] org.hibernate.orm.connections.pooling - HHH10001005: Database info:
	Database JDBC URL [Connecting through datasource 'HikariDataSource (HikariPool-6)']
	Database driver: undefined/unknown
	Database version: 8.0.45
	Autocommit mode: undefined/unknown
	Isolation level: undefined/unknown
	Minimum pool size: undefined/unknown
	Maximum pool size: undefined/unknown
2026-05-21 17:20:24.625 INFO  [restartedMain] o.h.e.t.j.p.i.JtaPlatformInitiator - HHH000489: No JTA platform available (set 'hibernate.transaction.jta.platform' to enable JTA platform integration)
2026-05-21 17:20:24.625 INFO  [restartedMain] o.s.o.j.LocalContainerEntityManagerFactoryBean - Initialized JPA EntityManagerFactory for persistence unit 'default'
2026-05-21 17:20:24.691 WARN  [restartedMain] o.s.b.a.o.j.JpaBaseConfiguration$JpaWebConfiguration - spring.jpa.open-in-view is enabled by default. Therefore, database queries may be performed during view rendering. Explicitly configure spring.jpa.open-in-view to disable this warning
2026-05-21 17:20:25.105 INFO  [restartedMain] o.s.b.d.a.OptionalLiveReloadServer - LiveReload server is running on port 35729
2026-05-21 17:20:25.108 INFO  [restartedMain] o.a.coyote.http11.Http11NioProtocol - Starting ProtocolHandler ["http-nio-15000"]
2026-05-21 17:20:25.122 INFO  [restartedMain] o.s.b.w.embedded.tomcat.TomcatWebServer - Tomcat started on port 15000 (http) with context path '/'
2026-05-21 17:20:25.125 INFO  [restartedMain] c.k.a.AlgogaServerApplication - Started AlgogaServerApplication in 1.255 seconds (process running for 336.651)
2026-05-21 17:20:25.131 WARN  [restartedMain] o.s.core.events.SpringDocAppInitializer - SpringDoc /v3/api-docs endpoint is enabled by default. To disable it in production, set the property 'springdoc.api-docs.enabled=false'
2026-05-21 17:20:25.131 WARN  [restartedMain] o.s.core.events.SpringDocAppInitializer - SpringDoc /swagger-ui.html endpoint is enabled by default. To disable it in production, set the property 'springdoc.swagger-ui.enabled=false'
2026-05-21 17:20:25.131 INFO  [restartedMain] o.s.b.d.a.ConditionEvaluationDeltaLoggingListener - Condition evaluation unchanged
2026-05-21 17:21:02.403 INFO  [SpringApplicationShutdownHook] o.s.b.w.e.tomcat.GracefulShutdown - Commencing graceful shutdown. Waiting for active requests to complete
2026-05-21 17:21:02.488 INFO  [tomcat-shutdown] o.s.b.w.e.tomcat.GracefulShutdown - Graceful shutdown complete
2026-05-21 17:21:02.491 INFO  [SpringApplicationShutdownHook] o.s.o.j.LocalContainerEntityManagerFactoryBean - Closing JPA EntityManagerFactory for persistence unit 'default'
2026-05-21 17:21:02.491 INFO  [SpringApplicationShutdownHook] com.zaxxer.hikari.HikariDataSource - HikariPool-6 - Shutdown initiated...
2026-05-21 17:21:02.494 INFO  [SpringApplicationShutdownHook] com.zaxxer.hikari.HikariDataSource - HikariPool-6 - Shutdown completed.
2026-05-21 17:21:04.620 INFO  [background-preinit] o.h.validator.internal.util.Version - HV000001: Hibernate Validator 8.0.3.Final
2026-05-21 17:21:04.657 INFO  [restartedMain] c.k.a.AlgogaServerApplication - Starting AlgogaServerApplication using Java 17.0.18 with PID 24692 (C:\kidmily\algoga_server\build\classes\java\main started by user in C:\kidmily\algoga_server)
2026-05-21 17:21:04.658 INFO  [restartedMain] c.k.a.AlgogaServerApplication - No active profile set, falling back to 1 default profile: "default"
2026-05-21 17:21:04.697 INFO  [restartedMain] o.s.b.d.e.DevToolsPropertyDefaultsPostProcessor - Devtools property defaults active! Set 'spring.devtools.add-properties' to 'false' to disable
2026-05-21 17:21:04.697 INFO  [restartedMain] o.s.b.d.e.DevToolsPropertyDefaultsPostProcessor - For additional web related logging consider setting the 'logging.level.web' property to 'DEBUG'
2026-05-21 17:21:05.379 INFO  [restartedMain] o.s.d.r.c.RepositoryConfigurationDelegate - Bootstrapping Spring Data JPA repositories in DEFAULT mode.
2026-05-21 17:21:05.404 INFO  [restartedMain] o.s.d.r.c.RepositoryConfigurationDelegate - Finished Spring Data repository scanning in 16 ms. Found 0 JPA repository interfaces.
2026-05-21 17:21:05.915 INFO  [restartedMain] o.s.b.w.embedded.tomcat.TomcatWebServer - Tomcat initialized with port 15000 (http)
2026-05-21 17:21:05.923 INFO  [restartedMain] o.a.coyote.http11.Http11NioProtocol - Initializing ProtocolHandler ["http-nio-15000"]
2026-05-21 17:21:05.924 INFO  [restartedMain] o.apache.catalina.core.StandardService - Starting service [Tomcat]
2026-05-21 17:21:05.925 INFO  [restartedMain] o.apache.catalina.core.StandardEngine - Starting Servlet engine: [Apache Tomcat/10.1.54]
2026-05-21 17:21:05.964 INFO  [restartedMain] o.a.c.c.C.[Tomcat].[localhost].[/] - Initializing Spring embedded WebApplicationContext
2026-05-21 17:21:05.964 INFO  [restartedMain] o.s.b.w.s.c.ServletWebServerApplicationContext - Root WebApplicationContext: initialization completed in 1266 ms
2026-05-21 17:21:06.082 INFO  [restartedMain] o.hibernate.jpa.internal.util.LogHelper - HHH000204: Processing PersistenceUnitInfo [name: default]
2026-05-21 17:21:06.117 INFO  [restartedMain] org.hibernate.Version - HHH000412: Hibernate ORM core version 6.6.49.Final
2026-05-21 17:21:06.139 INFO  [restartedMain] o.h.c.internal.RegionFactoryInitiator - HHH000026: Second-level cache disabled
2026-05-21 17:21:06.337 INFO  [restartedMain] o.s.o.j.p.SpringPersistenceUnitInfo - No LoadTimeWeaver setup: ignoring JPA class transformer
2026-05-21 17:21:06.358 INFO  [restartedMain] com.zaxxer.hikari.HikariDataSource - HikariPool-1 - Starting...
2026-05-21 17:21:06.548 INFO  [restartedMain] com.zaxxer.hikari.pool.HikariPool - HikariPool-1 - Added connection com.mysql.cj.jdbc.ConnectionImpl@22a12f2d
2026-05-21 17:21:06.550 INFO  [restartedMain] com.zaxxer.hikari.HikariDataSource - HikariPool-1 - Start completed.
2026-05-21 17:21:06.608 INFO  [restartedMain] org.hibernate.orm.connections.pooling - HHH10001005: Database info:
	Database JDBC URL [Connecting through datasource 'HikariDataSource (HikariPool-1)']
	Database driver: undefined/unknown
	Database version: 8.0.45
	Autocommit mode: undefined/unknown
	Isolation level: undefined/unknown
	Minimum pool size: undefined/unknown
	Maximum pool size: undefined/unknown
2026-05-21 17:21:06.839 INFO  [restartedMain] o.h.e.t.j.p.i.JtaPlatformInitiator - HHH000489: No JTA platform available (set 'hibernate.transaction.jta.platform' to enable JTA platform integration)
2026-05-21 17:21:06.843 INFO  [restartedMain] o.s.o.j.LocalContainerEntityManagerFactoryBean - Initialized JPA EntityManagerFactory for persistence unit 'default'
2026-05-21 17:21:06.979 WARN  [restartedMain] o.s.b.a.o.j.JpaBaseConfiguration$JpaWebConfiguration - spring.jpa.open-in-view is enabled by default. Therefore, database queries may be performed during view rendering. Explicitly configure spring.jpa.open-in-view to disable this warning
2026-05-21 17:21:07.571 INFO  [restartedMain] o.s.b.d.a.OptionalLiveReloadServer - LiveReload server is running on port 35729
2026-05-21 17:21:07.595 INFO  [restartedMain] o.a.coyote.http11.Http11NioProtocol - Starting ProtocolHandler ["http-nio-15000"]
2026-05-21 17:21:07.609 INFO  [restartedMain] o.s.b.w.embedded.tomcat.TomcatWebServer - Tomcat started on port 15000 (http) with context path '/'
2026-05-21 17:21:07.616 INFO  [restartedMain] c.k.a.AlgogaServerApplication - Started AlgogaServerApplication in 3.48 seconds (process running for 3.994)
2026-05-21 17:21:07.618 WARN  [restartedMain] o.s.core.events.SpringDocAppInitializer - SpringDoc /v3/api-docs endpoint is enabled by default. To disable it in production, set the property 'springdoc.api-docs.enabled=false'
2026-05-21 17:21:07.618 WARN  [restartedMain] o.s.core.events.SpringDocAppInitializer - SpringDoc /swagger-ui.html endpoint is enabled by default. To disable it in production, set the property 'springdoc.swagger-ui.enabled=false'
2026-05-21 17:26:06.427 INFO  [File Watcher] o.s.b.d.a.LocalDevToolsAutoConfiguration$RestartingClassPathChangeChangedEventListener - Restarting due to 1 class path change (0 additions, 1 deletion, 0 modifications)
2026-05-21 17:26:06.428 INFO  [Thread-5] o.s.b.w.e.tomcat.GracefulShutdown - Commencing graceful shutdown. Waiting for active requests to complete
2026-05-21 17:26:06.428 INFO  [tomcat-shutdown] o.a.coyote.http11.Http11NioProtocol - Pausing ProtocolHandler ["http-nio-15000"]
2026-05-21 17:26:06.596 INFO  [tomcat-shutdown] o.s.b.w.e.tomcat.GracefulShutdown - Graceful shutdown complete
2026-05-21 17:26:06.596 INFO  [Thread-5] o.a.coyote.http11.Http11NioProtocol - Stopping ProtocolHandler ["http-nio-15000"]
2026-05-21 17:26:06.609 INFO  [Thread-5] o.s.o.j.LocalContainerEntityManagerFactoryBean - Closing JPA EntityManagerFactory for persistence unit 'default'
2026-05-21 17:26:06.612 INFO  [Thread-5] com.zaxxer.hikari.HikariDataSource - HikariPool-1 - Shutdown initiated...
2026-05-21 17:26:06.612 INFO  [Thread-5] com.zaxxer.hikari.HikariDataSource - HikariPool-1 - Shutdown completed.
2026-05-21 17:26:06.729 INFO  [restartedMain] c.k.a.AlgogaServerApplication - Starting AlgogaServerApplication using Java 17.0.18 with PID 24692 (C:\kidmily\algoga_server\build\classes\java\main started by user in C:\kidmily\algoga_server)
2026-05-21 17:26:06.729 INFO  [restartedMain] c.k.a.AlgogaServerApplication - No active profile set, falling back to 1 default profile: "default"
2026-05-21 17:26:07.009 INFO  [restartedMain] o.s.d.r.c.RepositoryConfigurationDelegate - Bootstrapping Spring Data JPA repositories in DEFAULT mode.
2026-05-21 17:26:07.012 INFO  [restartedMain] o.s.d.r.c.RepositoryConfigurationDelegate - Finished Spring Data repository scanning in 7 ms. Found 0 JPA repository interfaces.
2026-05-21 17:26:07.163 INFO  [restartedMain] o.s.b.w.embedded.tomcat.TomcatWebServer - Tomcat initialized with port 15000 (http)
2026-05-21 17:26:07.164 INFO  [restartedMain] o.a.coyote.http11.Http11NioProtocol - Initializing ProtocolHandler ["http-nio-15000"]
2026-05-21 17:26:07.164 INFO  [restartedMain] o.apache.catalina.core.StandardService - Starting service [Tomcat]
2026-05-21 17:26:07.164 INFO  [restartedMain] o.apache.catalina.core.StandardEngine - Starting Servlet engine: [Apache Tomcat/10.1.54]
2026-05-21 17:26:07.191 INFO  [restartedMain] o.a.c.c.C.[Tomcat].[localhost].[/] - Initializing Spring embedded WebApplicationContext
2026-05-21 17:26:07.191 INFO  [restartedMain] o.s.b.w.s.c.ServletWebServerApplicationContext - Root WebApplicationContext: initialization completed in 462 ms
2026-05-21 17:26:07.245 INFO  [restartedMain] o.hibernate.jpa.internal.util.LogHelper - HHH000204: Processing PersistenceUnitInfo [name: default]
2026-05-21 17:26:07.246 INFO  [restartedMain] o.h.c.internal.RegionFactoryInitiator - HHH000026: Second-level cache disabled
2026-05-21 17:26:07.258 INFO  [restartedMain] o.s.o.j.p.SpringPersistenceUnitInfo - No LoadTimeWeaver setup: ignoring JPA class transformer
2026-05-21 17:26:07.259 INFO  [restartedMain] com.zaxxer.hikari.HikariDataSource - HikariPool-2 - Starting...
2026-05-21 17:26:07.273 INFO  [restartedMain] com.zaxxer.hikari.pool.HikariPool - HikariPool-2 - Added connection com.mysql.cj.jdbc.ConnectionImpl@6c5458e8
2026-05-21 17:26:07.273 INFO  [restartedMain] com.zaxxer.hikari.HikariDataSource - HikariPool-2 - Start completed.
2026-05-21 17:26:07.275 INFO  [restartedMain] org.hibernate.orm.connections.pooling - HHH10001005: Database info:
	Database JDBC URL [Connecting through datasource 'HikariDataSource (HikariPool-2)']
	Database driver: undefined/unknown
	Database version: 8.0.45
	Autocommit mode: undefined/unknown
	Isolation level: undefined/unknown
	Minimum pool size: undefined/unknown
	Maximum pool size: undefined/unknown
2026-05-21 17:26:07.296 INFO  [restartedMain] o.h.e.t.j.p.i.JtaPlatformInitiator - HHH000489: No JTA platform available (set 'hibernate.transaction.jta.platform' to enable JTA platform integration)
2026-05-21 17:26:07.296 INFO  [restartedMain] o.s.o.j.LocalContainerEntityManagerFactoryBean - Initialized JPA EntityManagerFactory for persistence unit 'default'
2026-05-21 17:26:07.363 WARN  [restartedMain] o.s.b.a.o.j.JpaBaseConfiguration$JpaWebConfiguration - spring.jpa.open-in-view is enabled by default. Therefore, database queries may be performed during view rendering. Explicitly configure spring.jpa.open-in-view to disable this warning
2026-05-21 17:26:07.779 INFO  [restartedMain] o.s.b.d.a.OptionalLiveReloadServer - LiveReload server is running on port 35729
2026-05-21 17:26:07.794 INFO  [restartedMain] o.a.coyote.http11.Http11NioProtocol - Starting ProtocolHandler ["http-nio-15000"]
2026-05-21 17:26:07.808 INFO  [restartedMain] o.s.b.w.embedded.tomcat.TomcatWebServer - Tomcat started on port 15000 (http) with context path '/'
2026-05-21 17:26:07.813 INFO  [restartedMain] c.k.a.AlgogaServerApplication - Started AlgogaServerApplication in 1.12 seconds (process running for 304.192)
2026-05-21 17:26:07.813 WARN  [restartedMain] o.s.core.events.SpringDocAppInitializer - SpringDoc /v3/api-docs endpoint is enabled by default. To disable it in production, set the property 'springdoc.api-docs.enabled=false'
2026-05-21 17:26:07.813 WARN  [restartedMain] o.s.core.events.SpringDocAppInitializer - SpringDoc /swagger-ui.html endpoint is enabled by default. To disable it in production, set the property 'springdoc.swagger-ui.enabled=false'
2026-05-21 17:26:07.813 INFO  [restartedMain] o.s.b.d.a.ConditionEvaluationDeltaLoggingListener - Condition evaluation unchanged
2026-05-21 17:26:09.225 INFO  [File Watcher] o.s.b.d.a.LocalDevToolsAutoConfiguration$RestartingClassPathChangeChangedEventListener - Restarting due to 1 class path change (1 addition, 0 deletions, 0 modifications)
2026-05-21 17:26:09.226 INFO  [Thread-7] o.s.b.w.e.tomcat.GracefulShutdown - Commencing graceful shutdown. Waiting for active requests to complete
2026-05-21 17:26:09.227 INFO  [tomcat-shutdown] o.a.coyote.http11.Http11NioProtocol - Pausing ProtocolHandler ["http-nio-15000"]
2026-05-21 17:26:09.446 INFO  [tomcat-shutdown] o.s.b.w.e.tomcat.GracefulShutdown - Graceful shutdown complete
2026-05-21 17:26:09.446 INFO  [Thread-7] o.a.coyote.http11.Http11NioProtocol - Stopping ProtocolHandler ["http-nio-15000"]
2026-05-21 17:26:09.453 INFO  [Thread-7] o.s.o.j.LocalContainerEntityManagerFactoryBean - Closing JPA EntityManagerFactory for persistence unit 'default'
2026-05-21 17:26:09.453 INFO  [Thread-7] com.zaxxer.hikari.HikariDataSource - HikariPool-2 - Shutdown initiated...
2026-05-21 17:26:09.474 INFO  [Thread-7] com.zaxxer.hikari.HikariDataSource - HikariPool-2 - Shutdown completed.
2026-05-21 17:26:09.608 INFO  [restartedMain] c.k.a.AlgogaServerApplication - Starting AlgogaServerApplication using Java 17.0.18 with PID 24692 (C:\kidmily\algoga_server\build\classes\java\main started by user in C:\kidmily\algoga_server)
2026-05-21 17:26:09.609 INFO  [restartedMain] c.k.a.AlgogaServerApplication - No active profile set, falling back to 1 default profile: "default"
2026-05-21 17:26:09.854 INFO  [restartedMain] o.s.d.r.c.RepositoryConfigurationDelegate - Bootstrapping Spring Data JPA repositories in DEFAULT mode.
2026-05-21 17:26:09.869 INFO  [restartedMain] o.s.d.r.c.RepositoryConfigurationDelegate - Finished Spring Data repository scanning in 8 ms. Found 0 JPA repository interfaces.
2026-05-21 17:26:10.012 INFO  [restartedMain] o.s.b.w.embedded.tomcat.TomcatWebServer - Tomcat initialized with port 15000 (http)
2026-05-21 17:26:10.012 INFO  [restartedMain] o.a.coyote.http11.Http11NioProtocol - Initializing ProtocolHandler ["http-nio-15000"]
2026-05-21 17:26:10.012 INFO  [restartedMain] o.apache.catalina.core.StandardService - Starting service [Tomcat]
2026-05-21 17:26:10.012 INFO  [restartedMain] o.apache.catalina.core.StandardEngine - Starting Servlet engine: [Apache Tomcat/10.1.54]
2026-05-21 17:26:10.042 INFO  [restartedMain] o.a.c.c.C.[Tomcat].[localhost].[/] - Initializing Spring embedded WebApplicationContext
2026-05-21 17:26:10.042 INFO  [restartedMain] o.s.b.w.s.c.ServletWebServerApplicationContext - Root WebApplicationContext: initialization completed in 432 ms
2026-05-21 17:26:10.096 INFO  [restartedMain] o.hibernate.jpa.internal.util.LogHelper - HHH000204: Processing PersistenceUnitInfo [name: default]
2026-05-21 17:26:10.096 INFO  [restartedMain] o.h.c.internal.RegionFactoryInitiator - HHH000026: Second-level cache disabled
2026-05-21 17:26:10.110 INFO  [restartedMain] o.s.o.j.p.SpringPersistenceUnitInfo - No LoadTimeWeaver setup: ignoring JPA class transformer
2026-05-21 17:26:10.111 INFO  [restartedMain] com.zaxxer.hikari.HikariDataSource - HikariPool-3 - Starting...
2026-05-21 17:26:10.123 INFO  [restartedMain] com.zaxxer.hikari.pool.HikariPool - HikariPool-3 - Added connection com.mysql.cj.jdbc.ConnectionImpl@7cffb4af
2026-05-21 17:26:10.123 INFO  [restartedMain] com.zaxxer.hikari.HikariDataSource - HikariPool-3 - Start completed.
2026-05-21 17:26:10.124 INFO  [restartedMain] org.hibernate.orm.connections.pooling - HHH10001005: Database info:
	Database JDBC URL [Connecting through datasource 'HikariDataSource (HikariPool-3)']
	Database driver: undefined/unknown
	Database version: 8.0.45
	Autocommit mode: undefined/unknown
	Isolation level: undefined/unknown
	Minimum pool size: undefined/unknown
	Maximum pool size: undefined/unknown
2026-05-21 17:26:10.146 INFO  [restartedMain] o.h.e.t.j.p.i.JtaPlatformInitiator - HHH000489: No JTA platform available (set 'hibernate.transaction.jta.platform' to enable JTA platform integration)
2026-05-21 17:26:10.146 INFO  [restartedMain] o.s.o.j.LocalContainerEntityManagerFactoryBean - Initialized JPA EntityManagerFactory for persistence unit 'default'
2026-05-21 17:26:10.213 WARN  [restartedMain] o.s.b.a.o.j.JpaBaseConfiguration$JpaWebConfiguration - spring.jpa.open-in-view is enabled by default. Therefore, database queries may be performed during view rendering. Explicitly configure spring.jpa.open-in-view to disable this warning
2026-05-21 17:26:10.607 INFO  [restartedMain] o.s.b.d.a.OptionalLiveReloadServer - LiveReload server is running on port 35729
2026-05-21 17:26:10.615 INFO  [restartedMain] o.a.coyote.http11.Http11NioProtocol - Starting ProtocolHandler ["http-nio-15000"]
2026-05-21 17:26:10.634 INFO  [restartedMain] o.s.b.w.embedded.tomcat.TomcatWebServer - Tomcat started on port 15000 (http) with context path '/'
2026-05-21 17:26:10.634 INFO  [restartedMain] c.k.a.AlgogaServerApplication - Started AlgogaServerApplication in 1.08 seconds (process running for 307.02)
2026-05-21 17:26:10.634 WARN  [restartedMain] o.s.core.events.SpringDocAppInitializer - SpringDoc /v3/api-docs endpoint is enabled by default. To disable it in production, set the property 'springdoc.api-docs.enabled=false'
2026-05-21 17:26:10.634 WARN  [restartedMain] o.s.core.events.SpringDocAppInitializer - SpringDoc /swagger-ui.html endpoint is enabled by default. To disable it in production, set the property 'springdoc.swagger-ui.enabled=false'
2026-05-21 17:26:10.634 INFO  [restartedMain] o.s.b.d.a.ConditionEvaluationDeltaLoggingListener - Condition evaluation unchanged
2026-05-21 17:34:17.728 INFO  [File Watcher] o.s.b.d.a.LocalDevToolsAutoConfiguration$RestartingClassPathChangeChangedEventListener - Restarting due to 1 class path change (1 addition, 0 deletions, 0 modifications)
2026-05-21 17:34:17.729 INFO  [Thread-11] o.s.b.w.e.tomcat.GracefulShutdown - Commencing graceful shutdown. Waiting for active requests to complete
2026-05-21 17:34:17.730 INFO  [tomcat-shutdown] o.a.coyote.http11.Http11NioProtocol - Pausing ProtocolHandler ["http-nio-15000"]
2026-05-21 17:34:17.932 INFO  [tomcat-shutdown] o.s.b.w.e.tomcat.GracefulShutdown - Graceful shutdown complete
2026-05-21 17:34:17.932 INFO  [Thread-11] o.a.coyote.http11.Http11NioProtocol - Stopping ProtocolHandler ["http-nio-15000"]
2026-05-21 17:34:17.944 INFO  [Thread-11] o.s.o.j.LocalContainerEntityManagerFactoryBean - Closing JPA EntityManagerFactory for persistence unit 'default'
2026-05-21 17:34:17.945 INFO  [Thread-11] com.zaxxer.hikari.HikariDataSource - HikariPool-3 - Shutdown initiated...
2026-05-21 17:34:17.949 INFO  [Thread-11] com.zaxxer.hikari.HikariDataSource - HikariPool-3 - Shutdown completed.
2026-05-21 17:34:18.046 INFO  [restartedMain] c.k.a.AlgogaServerApplication - Starting AlgogaServerApplication using Java 17.0.18 with PID 24692 (C:\kidmily\algoga_server\build\classes\java\main started by user in C:\kidmily\algoga_server)
2026-05-21 17:34:18.046 INFO  [restartedMain] c.k.a.AlgogaServerApplication - No active profile set, falling back to 1 default profile: "default"
2026-05-21 17:34:18.279 INFO  [restartedMain] o.s.d.r.c.RepositoryConfigurationDelegate - Bootstrapping Spring Data JPA repositories in DEFAULT mode.
2026-05-21 17:34:18.288 INFO  [restartedMain] o.s.d.r.c.RepositoryConfigurationDelegate - Finished Spring Data repository scanning in 6 ms. Found 0 JPA repository interfaces.
2026-05-21 17:34:18.412 INFO  [restartedMain] o.s.b.w.embedded.tomcat.TomcatWebServer - Tomcat initialized with port 15000 (http)
2026-05-21 17:34:18.412 INFO  [restartedMain] o.a.coyote.http11.Http11NioProtocol - Initializing ProtocolHandler ["http-nio-15000"]
2026-05-21 17:34:18.412 INFO  [restartedMain] o.apache.catalina.core.StandardService - Starting service [Tomcat]
2026-05-21 17:34:18.412 INFO  [restartedMain] o.apache.catalina.core.StandardEngine - Starting Servlet engine: [Apache Tomcat/10.1.54]
2026-05-21 17:34:18.446 INFO  [restartedMain] o.a.c.c.C.[Tomcat].[localhost].[/] - Initializing Spring embedded WebApplicationContext
2026-05-21 17:34:18.446 INFO  [restartedMain] o.s.b.w.s.c.ServletWebServerApplicationContext - Root WebApplicationContext: initialization completed in 400 ms
2026-05-21 17:34:18.495 INFO  [restartedMain] o.hibernate.jpa.internal.util.LogHelper - HHH000204: Processing PersistenceUnitInfo [name: default]
2026-05-21 17:34:18.495 INFO  [restartedMain] o.h.c.internal.RegionFactoryInitiator - HHH000026: Second-level cache disabled
2026-05-21 17:34:18.503 INFO  [restartedMain] o.s.o.j.p.SpringPersistenceUnitInfo - No LoadTimeWeaver setup: ignoring JPA class transformer
2026-05-21 17:34:18.510 INFO  [restartedMain] com.zaxxer.hikari.HikariDataSource - HikariPool-4 - Starting...
2026-05-21 17:34:18.512 INFO  [restartedMain] com.zaxxer.hikari.pool.HikariPool - HikariPool-4 - Added connection com.mysql.cj.jdbc.ConnectionImpl@8ebe6d2
2026-05-21 17:34:18.522 INFO  [restartedMain] com.zaxxer.hikari.HikariDataSource - HikariPool-4 - Start completed.
2026-05-21 17:34:18.522 INFO  [restartedMain] org.hibernate.orm.connections.pooling - HHH10001005: Database info:
	Database JDBC URL [Connecting through datasource 'HikariDataSource (HikariPool-4)']
	Database driver: undefined/unknown
	Database version: 8.0.45
	Autocommit mode: undefined/unknown
	Isolation level: undefined/unknown
	Minimum pool size: undefined/unknown
	Maximum pool size: undefined/unknown
2026-05-21 17:34:18.536 INFO  [restartedMain] o.h.e.t.j.p.i.JtaPlatformInitiator - HHH000489: No JTA platform available (set 'hibernate.transaction.jta.platform' to enable JTA platform integration)
2026-05-21 17:34:18.536 INFO  [restartedMain] o.s.o.j.LocalContainerEntityManagerFactoryBean - Initialized JPA EntityManagerFactory for persistence unit 'default'
2026-05-21 17:34:18.620 WARN  [restartedMain] o.s.b.a.o.j.JpaBaseConfiguration$JpaWebConfiguration - spring.jpa.open-in-view is enabled by default. Therefore, database queries may be performed during view rendering. Explicitly configure spring.jpa.open-in-view to disable this warning
2026-05-21 17:34:19.028 INFO  [restartedMain] o.s.b.d.a.OptionalLiveReloadServer - LiveReload server is running on port 35729
2026-05-21 17:34:19.045 INFO  [restartedMain] o.a.coyote.http11.Http11NioProtocol - Starting ProtocolHandler ["http-nio-15000"]
2026-05-21 17:34:19.053 INFO  [restartedMain] o.s.b.w.embedded.tomcat.TomcatWebServer - Tomcat started on port 15000 (http) with context path '/'
2026-05-21 17:34:19.061 INFO  [restartedMain] c.k.a.AlgogaServerApplication - Started AlgogaServerApplication in 1.049 seconds (process running for 795.44)
2026-05-21 17:34:19.062 WARN  [restartedMain] o.s.core.events.SpringDocAppInitializer - SpringDoc /v3/api-docs endpoint is enabled by default. To disable it in production, set the property 'springdoc.api-docs.enabled=false'
2026-05-21 17:34:19.062 WARN  [restartedMain] o.s.core.events.SpringDocAppInitializer - SpringDoc /swagger-ui.html endpoint is enabled by default. To disable it in production, set the property 'springdoc.swagger-ui.enabled=false'
2026-05-21 17:34:19.064 INFO  [restartedMain] o.s.b.d.a.ConditionEvaluationDeltaLoggingListener - Condition evaluation unchanged
2026-05-21 17:34:57.119 INFO  [File Watcher] o.s.b.d.a.LocalDevToolsAutoConfiguration$RestartingClassPathChangeChangedEventListener - Restarting due to 1 class path change (1 addition, 0 deletions, 0 modifications)
2026-05-21 17:34:57.119 INFO  [Thread-15] o.s.b.w.e.tomcat.GracefulShutdown - Commencing graceful shutdown. Waiting for active requests to complete
2026-05-21 17:34:57.119 INFO  [tomcat-shutdown] o.a.coyote.http11.Http11NioProtocol - Pausing ProtocolHandler ["http-nio-15000"]
2026-05-21 17:34:57.278 INFO  [tomcat-shutdown] o.s.b.w.e.tomcat.GracefulShutdown - Graceful shutdown complete
2026-05-21 17:34:57.278 INFO  [Thread-15] o.a.coyote.http11.Http11NioProtocol - Stopping ProtocolHandler ["http-nio-15000"]
2026-05-21 17:34:57.278 INFO  [Thread-15] o.s.o.j.LocalContainerEntityManagerFactoryBean - Closing JPA EntityManagerFactory for persistence unit 'default'
2026-05-21 17:34:57.278 INFO  [Thread-15] com.zaxxer.hikari.HikariDataSource - HikariPool-4 - Shutdown initiated...
2026-05-21 17:34:57.278 INFO  [Thread-15] com.zaxxer.hikari.HikariDataSource - HikariPool-4 - Shutdown completed.
2026-05-21 17:34:57.369 INFO  [restartedMain] c.k.a.AlgogaServerApplication - Starting AlgogaServerApplication using Java 17.0.18 with PID 24692 (C:\kidmily\algoga_server\build\classes\java\main started by user in C:\kidmily\algoga_server)
2026-05-21 17:34:57.369 INFO  [restartedMain] c.k.a.AlgogaServerApplication - No active profile set, falling back to 1 default profile: "default"
2026-05-21 17:34:57.571 INFO  [restartedMain] o.s.d.r.c.RepositoryConfigurationDelegate - Bootstrapping Spring Data JPA repositories in DEFAULT mode.
2026-05-21 17:34:57.578 INFO  [restartedMain] o.s.d.r.c.RepositoryConfigurationDelegate - Finished Spring Data repository scanning in 6 ms. Found 0 JPA repository interfaces.
2026-05-21 17:34:57.712 INFO  [restartedMain] o.s.b.w.embedded.tomcat.TomcatWebServer - Tomcat initialized with port 15000 (http)
2026-05-21 17:34:57.712 INFO  [restartedMain] o.a.coyote.http11.Http11NioProtocol - Initializing ProtocolHandler ["http-nio-15000"]
2026-05-21 17:34:57.712 INFO  [restartedMain] o.apache.catalina.core.StandardService - Starting service [Tomcat]
2026-05-21 17:34:57.712 INFO  [restartedMain] o.apache.catalina.core.StandardEngine - Starting Servlet engine: [Apache Tomcat/10.1.54]
2026-05-21 17:34:57.732 INFO  [restartedMain] o.a.c.c.C.[Tomcat].[localhost].[/] - Initializing Spring embedded WebApplicationContext
2026-05-21 17:34:57.732 INFO  [restartedMain] o.s.b.w.s.c.ServletWebServerApplicationContext - Root WebApplicationContext: initialization completed in 361 ms
2026-05-21 17:34:57.799 INFO  [restartedMain] o.hibernate.jpa.internal.util.LogHelper - HHH000204: Processing PersistenceUnitInfo [name: default]
2026-05-21 17:34:57.804 INFO  [restartedMain] o.h.c.internal.RegionFactoryInitiator - HHH000026: Second-level cache disabled
2026-05-21 17:34:57.812 INFO  [restartedMain] o.s.o.j.p.SpringPersistenceUnitInfo - No LoadTimeWeaver setup: ignoring JPA class transformer
2026-05-21 17:34:57.812 INFO  [restartedMain] com.zaxxer.hikari.HikariDataSource - HikariPool-5 - Starting...
2026-05-21 17:34:57.828 INFO  [restartedMain] com.zaxxer.hikari.pool.HikariPool - HikariPool-5 - Added connection com.mysql.cj.jdbc.ConnectionImpl@212014fe
2026-05-21 17:34:57.828 INFO  [restartedMain] com.zaxxer.hikari.HikariDataSource - HikariPool-5 - Start completed.
2026-05-21 17:34:57.832 INFO  [restartedMain] org.hibernate.orm.connections.pooling - HHH10001005: Database info:
	Database JDBC URL [Connecting through datasource 'HikariDataSource (HikariPool-5)']
	Database driver: undefined/unknown
	Database version: 8.0.45
	Autocommit mode: undefined/unknown
	Isolation level: undefined/unknown
	Minimum pool size: undefined/unknown
	Maximum pool size: undefined/unknown
2026-05-21 17:34:57.845 INFO  [restartedMain] o.h.e.t.j.p.i.JtaPlatformInitiator - HHH000489: No JTA platform available (set 'hibernate.transaction.jta.platform' to enable JTA platform integration)
2026-05-21 17:34:57.845 INFO  [restartedMain] o.s.o.j.LocalContainerEntityManagerFactoryBean - Initialized JPA EntityManagerFactory for persistence unit 'default'
2026-05-21 17:34:57.928 WARN  [restartedMain] o.s.b.a.o.j.JpaBaseConfiguration$JpaWebConfiguration - spring.jpa.open-in-view is enabled by default. Therefore, database queries may be performed during view rendering. Explicitly configure spring.jpa.open-in-view to disable this warning
2026-05-21 17:34:58.329 INFO  [restartedMain] o.s.b.d.a.OptionalLiveReloadServer - LiveReload server is running on port 35729
2026-05-21 17:34:58.336 INFO  [restartedMain] o.a.coyote.http11.Http11NioProtocol - Starting ProtocolHandler ["http-nio-15000"]
2026-05-21 17:34:58.336 INFO  [restartedMain] o.s.b.w.embedded.tomcat.TomcatWebServer - Tomcat started on port 15000 (http) with context path '/'
2026-05-21 17:34:58.344 INFO  [restartedMain] c.k.a.AlgogaServerApplication - Started AlgogaServerApplication in 1.012 seconds (process running for 834.725)
2026-05-21 17:34:58.344 WARN  [restartedMain] o.s.core.events.SpringDocAppInitializer - SpringDoc /v3/api-docs endpoint is enabled by default. To disable it in production, set the property 'springdoc.api-docs.enabled=false'
2026-05-21 17:34:58.344 WARN  [restartedMain] o.s.core.events.SpringDocAppInitializer - SpringDoc /swagger-ui.html endpoint is enabled by default. To disable it in production, set the property 'springdoc.swagger-ui.enabled=false'
2026-05-21 17:34:58.344 INFO  [restartedMain] o.s.b.d.a.ConditionEvaluationDeltaLoggingListener - Condition evaluation unchanged
2026-05-21 17:35:22.111 INFO  [File Watcher] o.s.b.d.a.LocalDevToolsAutoConfiguration$RestartingClassPathChangeChangedEventListener - Restarting due to 1 class path change (1 addition, 0 deletions, 0 modifications)
2026-05-21 17:35:22.111 INFO  [Thread-19] o.s.b.w.e.tomcat.GracefulShutdown - Commencing graceful shutdown. Waiting for active requests to complete
2026-05-21 17:35:22.111 INFO  [tomcat-shutdown] o.a.coyote.http11.Http11NioProtocol - Pausing ProtocolHandler ["http-nio-15000"]
2026-05-21 17:35:22.260 INFO  [tomcat-shutdown] o.s.b.w.e.tomcat.GracefulShutdown - Graceful shutdown complete
2026-05-21 17:35:22.260 INFO  [Thread-19] o.a.coyote.http11.Http11NioProtocol - Stopping ProtocolHandler ["http-nio-15000"]
2026-05-21 17:35:22.260 INFO  [Thread-19] o.s.o.j.LocalContainerEntityManagerFactoryBean - Closing JPA EntityManagerFactory for persistence unit 'default'
2026-05-21 17:35:22.260 INFO  [Thread-19] com.zaxxer.hikari.HikariDataSource - HikariPool-5 - Shutdown initiated...
2026-05-21 17:35:22.277 INFO  [Thread-19] com.zaxxer.hikari.HikariDataSource - HikariPool-5 - Shutdown completed.
2026-05-21 17:35:22.361 INFO  [restartedMain] c.k.a.AlgogaServerApplication - Starting AlgogaServerApplication using Java 17.0.18 with PID 24692 (C:\kidmily\algoga_server\build\classes\java\main started by user in C:\kidmily\algoga_server)
2026-05-21 17:35:22.361 INFO  [restartedMain] c.k.a.AlgogaServerApplication - No active profile set, falling back to 1 default profile: "default"
2026-05-21 17:35:22.578 INFO  [restartedMain] o.s.d.r.c.RepositoryConfigurationDelegate - Bootstrapping Spring Data JPA repositories in DEFAULT mode.
2026-05-21 17:35:22.593 INFO  [restartedMain] o.s.d.r.c.RepositoryConfigurationDelegate - Finished Spring Data repository scanning in 4 ms. Found 0 JPA repository interfaces.
2026-05-21 17:35:22.703 INFO  [restartedMain] o.s.b.w.embedded.tomcat.TomcatWebServer - Tomcat initialized with port 15000 (http)
2026-05-21 17:35:22.703 INFO  [restartedMain] o.a.coyote.http11.Http11NioProtocol - Initializing ProtocolHandler ["http-nio-15000"]
2026-05-21 17:35:22.703 INFO  [restartedMain] o.apache.catalina.core.StandardService - Starting service [Tomcat]
2026-05-21 17:35:22.703 INFO  [restartedMain] o.apache.catalina.core.StandardEngine - Starting Servlet engine: [Apache Tomcat/10.1.54]
2026-05-21 17:35:22.744 INFO  [restartedMain] o.a.c.c.C.[Tomcat].[localhost].[/] - Initializing Spring embedded WebApplicationContext
2026-05-21 17:35:22.744 INFO  [restartedMain] o.s.b.w.s.c.ServletWebServerApplicationContext - Root WebApplicationContext: initialization completed in 383 ms
2026-05-21 17:35:22.803 INFO  [restartedMain] o.hibernate.jpa.internal.util.LogHelper - HHH000204: Processing PersistenceUnitInfo [name: default]
2026-05-21 17:35:22.803 INFO  [restartedMain] o.h.c.internal.RegionFactoryInitiator - HHH000026: Second-level cache disabled
2026-05-21 17:35:22.822 INFO  [restartedMain] o.s.o.j.p.SpringPersistenceUnitInfo - No LoadTimeWeaver setup: ignoring JPA class transformer
2026-05-21 17:35:22.822 INFO  [restartedMain] com.zaxxer.hikari.HikariDataSource - HikariPool-6 - Starting...
2026-05-21 17:35:22.837 INFO  [restartedMain] com.zaxxer.hikari.pool.HikariPool - HikariPool-6 - Added connection com.mysql.cj.jdbc.ConnectionImpl@2716b153
2026-05-21 17:35:22.837 INFO  [restartedMain] com.zaxxer.hikari.HikariDataSource - HikariPool-6 - Start completed.
2026-05-21 17:35:22.837 INFO  [restartedMain] org.hibernate.orm.connections.pooling - HHH10001005: Database info:
	Database JDBC URL [Connecting through datasource 'HikariDataSource (HikariPool-6)']
	Database driver: undefined/unknown
	Database version: 8.0.45
	Autocommit mode: undefined/unknown
	Isolation level: undefined/unknown
	Minimum pool size: undefined/unknown
	Maximum pool size: undefined/unknown
2026-05-21 17:35:22.853 INFO  [restartedMain] o.h.e.t.j.p.i.JtaPlatformInitiator - HHH000489: No JTA platform available (set 'hibernate.transaction.jta.platform' to enable JTA platform integration)
2026-05-21 17:35:22.853 INFO  [restartedMain] o.s.o.j.LocalContainerEntityManagerFactoryBean - Initialized JPA EntityManagerFactory for persistence unit 'default'
2026-05-21 17:35:22.937 WARN  [restartedMain] o.s.b.a.o.j.JpaBaseConfiguration$JpaWebConfiguration - spring.jpa.open-in-view is enabled by default. Therefore, database queries may be performed during view rendering. Explicitly configure spring.jpa.open-in-view to disable this warning
2026-05-21 17:35:23.336 INFO  [restartedMain] o.s.b.d.a.OptionalLiveReloadServer - LiveReload server is running on port 35729
2026-05-21 17:35:23.353 INFO  [restartedMain] o.a.coyote.http11.Http11NioProtocol - Starting ProtocolHandler ["http-nio-15000"]
2026-05-21 17:35:23.353 INFO  [restartedMain] o.s.b.w.embedded.tomcat.TomcatWebServer - Tomcat started on port 15000 (http) with context path '/'
2026-05-21 17:35:23.370 INFO  [restartedMain] c.k.a.AlgogaServerApplication - Started AlgogaServerApplication in 1.042 seconds (process running for 859.749)
2026-05-21 17:35:23.370 WARN  [restartedMain] o.s.core.events.SpringDocAppInitializer - SpringDoc /v3/api-docs endpoint is enabled by default. To disable it in production, set the property 'springdoc.api-docs.enabled=false'
2026-05-21 17:35:23.370 WARN  [restartedMain] o.s.core.events.SpringDocAppInitializer - SpringDoc /swagger-ui.html endpoint is enabled by default. To disable it in production, set the property 'springdoc.swagger-ui.enabled=false'
2026-05-21 17:35:23.370 INFO  [restartedMain] o.s.b.d.a.ConditionEvaluationDeltaLoggingListener - Condition evaluation unchanged
2026-05-21 17:35:42.171 INFO  [File Watcher] o.s.b.d.a.LocalDevToolsAutoConfiguration$RestartingClassPathChangeChangedEventListener - Restarting due to 1 class path change (1 addition, 0 deletions, 0 modifications)
2026-05-21 17:35:42.171 INFO  [Thread-23] o.s.b.w.e.tomcat.GracefulShutdown - Commencing graceful shutdown. Waiting for active requests to complete
2026-05-21 17:35:42.171 INFO  [tomcat-shutdown] o.a.coyote.http11.Http11NioProtocol - Pausing ProtocolHandler ["http-nio-15000"]
2026-05-21 17:35:42.319 INFO  [tomcat-shutdown] o.s.b.w.e.tomcat.GracefulShutdown - Graceful shutdown complete
2026-05-21 17:35:42.319 INFO  [Thread-23] o.a.coyote.http11.Http11NioProtocol - Stopping ProtocolHandler ["http-nio-15000"]
2026-05-21 17:35:42.319 INFO  [Thread-23] o.s.o.j.LocalContainerEntityManagerFactoryBean - Closing JPA EntityManagerFactory for persistence unit 'default'
2026-05-21 17:35:42.319 INFO  [Thread-23] com.zaxxer.hikari.HikariDataSource - HikariPool-6 - Shutdown initiated...
2026-05-21 17:35:42.334 INFO  [Thread-23] com.zaxxer.hikari.HikariDataSource - HikariPool-6 - Shutdown completed.
2026-05-21 17:35:42.404 INFO  [restartedMain] c.k.a.AlgogaServerApplication - Starting AlgogaServerApplication using Java 17.0.18 with PID 24692 (C:\kidmily\algoga_server\build\classes\java\main started by user in C:\kidmily\algoga_server)
2026-05-21 17:35:42.404 INFO  [restartedMain] c.k.a.AlgogaServerApplication - No active profile set, falling back to 1 default profile: "default"
2026-05-21 17:35:42.645 INFO  [restartedMain] o.s.d.r.c.RepositoryConfigurationDelegate - Bootstrapping Spring Data JPA repositories in DEFAULT mode.
2026-05-21 17:35:42.650 INFO  [restartedMain] o.s.d.r.c.RepositoryConfigurationDelegate - Finished Spring Data repository scanning in 3 ms. Found 0 JPA repository interfaces.
2026-05-21 17:35:42.727 INFO  [restartedMain] o.s.b.w.embedded.tomcat.TomcatWebServer - Tomcat initialized with port 15000 (http)
2026-05-21 17:35:42.728 INFO  [restartedMain] o.a.coyote.http11.Http11NioProtocol - Initializing ProtocolHandler ["http-nio-15000"]
2026-05-21 17:35:42.728 INFO  [restartedMain] o.apache.catalina.core.StandardService - Starting service [Tomcat]
2026-05-21 17:35:42.728 INFO  [restartedMain] o.apache.catalina.core.StandardEngine - Starting Servlet engine: [Apache Tomcat/10.1.54]
2026-05-21 17:35:42.739 INFO  [restartedMain] o.a.c.c.C.[Tomcat].[localhost].[/] - Initializing Spring embedded WebApplicationContext
2026-05-21 17:35:42.739 INFO  [restartedMain] o.s.b.w.s.c.ServletWebServerApplicationContext - Root WebApplicationContext: initialization completed in 321 ms
2026-05-21 17:35:42.773 INFO  [restartedMain] o.hibernate.jpa.internal.util.LogHelper - HHH000204: Processing PersistenceUnitInfo [name: default]
2026-05-21 17:35:42.776 INFO  [restartedMain] o.h.c.internal.RegionFactoryInitiator - HHH000026: Second-level cache disabled
2026-05-21 17:35:42.781 INFO  [restartedMain] o.s.o.j.p.SpringPersistenceUnitInfo - No LoadTimeWeaver setup: ignoring JPA class transformer
2026-05-21 17:35:42.782 INFO  [restartedMain] com.zaxxer.hikari.HikariDataSource - HikariPool-7 - Starting...
2026-05-21 17:35:42.791 INFO  [restartedMain] com.zaxxer.hikari.pool.HikariPool - HikariPool-7 - Added connection com.mysql.cj.jdbc.ConnectionImpl@1c70ca75
2026-05-21 17:35:42.791 INFO  [restartedMain] com.zaxxer.hikari.HikariDataSource - HikariPool-7 - Start completed.
2026-05-21 17:35:42.793 INFO  [restartedMain] org.hibernate.orm.connections.pooling - HHH10001005: Database info:
	Database JDBC URL [Connecting through datasource 'HikariDataSource (HikariPool-7)']
	Database driver: undefined/unknown
	Database version: 8.0.45
	Autocommit mode: undefined/unknown
	Isolation level: undefined/unknown
	Minimum pool size: undefined/unknown
	Maximum pool size: undefined/unknown
2026-05-21 17:35:42.807 INFO  [restartedMain] o.h.e.t.j.p.i.JtaPlatformInitiator - HHH000489: No JTA platform available (set 'hibernate.transaction.jta.platform' to enable JTA platform integration)
2026-05-21 17:35:42.807 INFO  [restartedMain] o.s.o.j.LocalContainerEntityManagerFactoryBean - Initialized JPA EntityManagerFactory for persistence unit 'default'
2026-05-21 17:35:42.848 WARN  [restartedMain] o.s.b.a.o.j.JpaBaseConfiguration$JpaWebConfiguration - spring.jpa.open-in-view is enabled by default. Therefore, database queries may be performed during view rendering. Explicitly configure spring.jpa.open-in-view to disable this warning
2026-05-21 17:35:43.075 INFO  [restartedMain] o.s.b.d.a.OptionalLiveReloadServer - LiveReload server is running on port 35729
2026-05-21 17:35:43.081 INFO  [restartedMain] o.a.coyote.http11.Http11NioProtocol - Starting ProtocolHandler ["http-nio-15000"]
2026-05-21 17:35:43.093 INFO  [restartedMain] o.s.b.w.embedded.tomcat.TomcatWebServer - Tomcat started on port 15000 (http) with context path '/'
2026-05-21 17:35:43.096 INFO  [restartedMain] c.k.a.AlgogaServerApplication - Started AlgogaServerApplication in 0.721 seconds (process running for 879.475)
2026-05-21 17:35:43.097 WARN  [restartedMain] o.s.core.events.SpringDocAppInitializer - SpringDoc /v3/api-docs endpoint is enabled by default. To disable it in production, set the property 'springdoc.api-docs.enabled=false'
2026-05-21 17:35:43.097 WARN  [restartedMain] o.s.core.events.SpringDocAppInitializer - SpringDoc /swagger-ui.html endpoint is enabled by default. To disable it in production, set the property 'springdoc.swagger-ui.enabled=false'
2026-05-21 17:35:43.097 INFO  [restartedMain] o.s.b.d.a.ConditionEvaluationDeltaLoggingListener - Condition evaluation unchanged
2026-05-21 17:35:56.769 INFO  [File Watcher] o.s.b.d.a.LocalDevToolsAutoConfiguration$RestartingClassPathChangeChangedEventListener - Restarting due to 1 class path change (1 addition, 0 deletions, 0 modifications)
2026-05-21 17:35:56.771 INFO  [Thread-27] o.s.b.w.e.tomcat.GracefulShutdown - Commencing graceful shutdown. Waiting for active requests to complete
2026-05-21 17:35:56.772 INFO  [tomcat-shutdown] o.a.coyote.http11.Http11NioProtocol - Pausing ProtocolHandler ["http-nio-15000"]
2026-05-21 17:35:56.947 INFO  [tomcat-shutdown] o.s.b.w.e.tomcat.GracefulShutdown - Graceful shutdown complete
2026-05-21 17:35:56.947 INFO  [Thread-27] o.a.coyote.http11.Http11NioProtocol - Stopping ProtocolHandler ["http-nio-15000"]
2026-05-21 17:35:56.948 INFO  [Thread-27] o.s.o.j.LocalContainerEntityManagerFactoryBean - Closing JPA EntityManagerFactory for persistence unit 'default'
2026-05-21 17:35:56.948 INFO  [Thread-27] com.zaxxer.hikari.HikariDataSource - HikariPool-7 - Shutdown initiated...
2026-05-21 17:35:56.953 INFO  [Thread-27] com.zaxxer.hikari.HikariDataSource - HikariPool-7 - Shutdown completed.
2026-05-21 17:35:57.045 INFO  [restartedMain] c.k.a.AlgogaServerApplication - Starting AlgogaServerApplication using Java 17.0.18 with PID 24692 (C:\kidmily\algoga_server\build\classes\java\main started by user in C:\kidmily\algoga_server)
2026-05-21 17:35:57.045 INFO  [restartedMain] c.k.a.AlgogaServerApplication - No active profile set, falling back to 1 default profile: "default"
2026-05-21 17:35:57.265 INFO  [restartedMain] o.s.d.r.c.RepositoryConfigurationDelegate - Bootstrapping Spring Data JPA repositories in DEFAULT mode.
2026-05-21 17:35:57.265 INFO  [restartedMain] o.s.d.r.c.RepositoryConfigurationDelegate - Finished Spring Data repository scanning in 9 ms. Found 0 JPA repository interfaces.
2026-05-21 17:35:57.398 INFO  [restartedMain] o.s.b.w.embedded.tomcat.TomcatWebServer - Tomcat initialized with port 15000 (http)
2026-05-21 17:35:57.398 INFO  [restartedMain] o.a.coyote.http11.Http11NioProtocol - Initializing ProtocolHandler ["http-nio-15000"]
2026-05-21 17:35:57.398 INFO  [restartedMain] o.apache.catalina.core.StandardService - Starting service [Tomcat]
2026-05-21 17:35:57.398 INFO  [restartedMain] o.apache.catalina.core.StandardEngine - Starting Servlet engine: [Apache Tomcat/10.1.54]
2026-05-21 17:35:57.433 INFO  [restartedMain] o.a.c.c.C.[Tomcat].[localhost].[/] - Initializing Spring embedded WebApplicationContext
2026-05-21 17:35:57.433 INFO  [restartedMain] o.s.b.w.s.c.ServletWebServerApplicationContext - Root WebApplicationContext: initialization completed in 387 ms
2026-05-21 17:35:57.481 INFO  [restartedMain] o.hibernate.jpa.internal.util.LogHelper - HHH000204: Processing PersistenceUnitInfo [name: default]
2026-05-21 17:35:57.481 INFO  [restartedMain] o.h.c.internal.RegionFactoryInitiator - HHH000026: Second-level cache disabled
2026-05-21 17:35:57.498 INFO  [restartedMain] o.s.o.j.p.SpringPersistenceUnitInfo - No LoadTimeWeaver setup: ignoring JPA class transformer
2026-05-21 17:35:57.498 INFO  [restartedMain] com.zaxxer.hikari.HikariDataSource - HikariPool-8 - Starting...
2026-05-21 17:35:57.511 INFO  [restartedMain] com.zaxxer.hikari.pool.HikariPool - HikariPool-8 - Added connection com.mysql.cj.jdbc.ConnectionImpl@4c34722f
2026-05-21 17:35:57.511 INFO  [restartedMain] com.zaxxer.hikari.HikariDataSource - HikariPool-8 - Start completed.
2026-05-21 17:35:57.512 INFO  [restartedMain] org.hibernate.orm.connections.pooling - HHH10001005: Database info:
	Database JDBC URL [Connecting through datasource 'HikariDataSource (HikariPool-8)']
	Database driver: undefined/unknown
	Database version: 8.0.45
	Autocommit mode: undefined/unknown
	Isolation level: undefined/unknown
	Minimum pool size: undefined/unknown
	Maximum pool size: undefined/unknown
2026-05-21 17:35:57.531 INFO  [restartedMain] o.h.e.t.j.p.i.JtaPlatformInitiator - HHH000489: No JTA platform available (set 'hibernate.transaction.jta.platform' to enable JTA platform integration)
2026-05-21 17:35:57.531 INFO  [restartedMain] o.s.o.j.LocalContainerEntityManagerFactoryBean - Initialized JPA EntityManagerFactory for persistence unit 'default'
2026-05-21 17:35:57.598 WARN  [restartedMain] o.s.b.a.o.j.JpaBaseConfiguration$JpaWebConfiguration - spring.jpa.open-in-view is enabled by default. Therefore, database queries may be performed during view rendering. Explicitly configure spring.jpa.open-in-view to disable this warning
2026-05-21 17:35:57.994 INFO  [restartedMain] o.s.b.d.a.OptionalLiveReloadServer - LiveReload server is running on port 35729
2026-05-21 17:35:58.011 INFO  [restartedMain] o.a.coyote.http11.Http11NioProtocol - Starting ProtocolHandler ["http-nio-15000"]
2026-05-21 17:35:58.011 INFO  [restartedMain] o.s.b.w.embedded.tomcat.TomcatWebServer - Tomcat started on port 15000 (http) with context path '/'
2026-05-21 17:35:58.016 INFO  [restartedMain] c.k.a.AlgogaServerApplication - Started AlgogaServerApplication in 1.006 seconds (process running for 894.398)
2026-05-21 17:35:58.016 WARN  [restartedMain] o.s.core.events.SpringDocAppInitializer - SpringDoc /v3/api-docs endpoint is enabled by default. To disable it in production, set the property 'springdoc.api-docs.enabled=false'
2026-05-21 17:35:58.016 WARN  [restartedMain] o.s.core.events.SpringDocAppInitializer - SpringDoc /swagger-ui.html endpoint is enabled by default. To disable it in production, set the property 'springdoc.swagger-ui.enabled=false'
2026-05-21 17:35:58.016 INFO  [restartedMain] o.s.b.d.a.ConditionEvaluationDeltaLoggingListener - Condition evaluation unchanged
2026-05-21 17:36:14.721 INFO  [File Watcher] o.s.b.d.a.LocalDevToolsAutoConfiguration$RestartingClassPathChangeChangedEventListener - Restarting due to 1 class path change (1 addition, 0 deletions, 0 modifications)
2026-05-21 17:36:14.722 INFO  [Thread-31] o.s.b.w.e.tomcat.GracefulShutdown - Commencing graceful shutdown. Waiting for active requests to complete
2026-05-21 17:36:14.727 INFO  [tomcat-shutdown] o.a.coyote.http11.Http11NioProtocol - Pausing ProtocolHandler ["http-nio-15000"]
2026-05-21 17:36:14.937 INFO  [tomcat-shutdown] o.s.b.w.e.tomcat.GracefulShutdown - Graceful shutdown complete
2026-05-21 17:36:14.937 INFO  [Thread-31] o.a.coyote.http11.Http11NioProtocol - Stopping ProtocolHandler ["http-nio-15000"]
2026-05-21 17:36:14.937 INFO  [Thread-31] o.s.o.j.LocalContainerEntityManagerFactoryBean - Closing JPA EntityManagerFactory for persistence unit 'default'
2026-05-21 17:36:14.937 INFO  [Thread-31] com.zaxxer.hikari.HikariDataSource - HikariPool-8 - Shutdown initiated...
2026-05-21 17:36:14.950 INFO  [Thread-31] com.zaxxer.hikari.HikariDataSource - HikariPool-8 - Shutdown completed.
2026-05-21 17:36:15.059 INFO  [restartedMain] c.k.a.AlgogaServerApplication - Starting AlgogaServerApplication using Java 17.0.18 with PID 24692 (C:\kidmily\algoga_server\build\classes\java\main started by user in C:\kidmily\algoga_server)
2026-05-21 17:36:15.059 INFO  [restartedMain] c.k.a.AlgogaServerApplication - No active profile set, falling back to 1 default profile: "default"
2026-05-21 17:36:15.335 INFO  [restartedMain] o.s.d.r.c.RepositoryConfigurationDelegate - Bootstrapping Spring Data JPA repositories in DEFAULT mode.
2026-05-21 17:36:15.335 INFO  [restartedMain] o.s.d.r.c.RepositoryConfigurationDelegate - Finished Spring Data repository scanning in 7 ms. Found 0 JPA repository interfaces.
2026-05-21 17:36:15.487 INFO  [restartedMain] o.s.b.w.embedded.tomcat.TomcatWebServer - Tomcat initialized with port 15000 (http)
2026-05-21 17:36:15.488 INFO  [restartedMain] o.a.coyote.http11.Http11NioProtocol - Initializing ProtocolHandler ["http-nio-15000"]
2026-05-21 17:36:15.488 INFO  [restartedMain] o.apache.catalina.core.StandardService - Starting service [Tomcat]
2026-05-21 17:36:15.488 INFO  [restartedMain] o.apache.catalina.core.StandardEngine - Starting Servlet engine: [Apache Tomcat/10.1.54]
2026-05-21 17:36:15.512 INFO  [restartedMain] o.a.c.c.C.[Tomcat].[localhost].[/] - Initializing Spring embedded WebApplicationContext
2026-05-21 17:36:15.512 INFO  [restartedMain] o.s.b.w.s.c.ServletWebServerApplicationContext - Root WebApplicationContext: initialization completed in 453 ms
2026-05-21 17:36:15.572 INFO  [restartedMain] o.hibernate.jpa.internal.util.LogHelper - HHH000204: Processing PersistenceUnitInfo [name: default]
2026-05-21 17:36:15.584 INFO  [restartedMain] o.h.c.internal.RegionFactoryInitiator - HHH000026: Second-level cache disabled
2026-05-21 17:36:15.593 INFO  [restartedMain] o.s.o.j.p.SpringPersistenceUnitInfo - No LoadTimeWeaver setup: ignoring JPA class transformer
2026-05-21 17:36:15.594 INFO  [restartedMain] com.zaxxer.hikari.HikariDataSource - HikariPool-9 - Starting...
2026-05-21 17:36:15.606 INFO  [restartedMain] com.zaxxer.hikari.pool.HikariPool - HikariPool-9 - Added connection com.mysql.cj.jdbc.ConnectionImpl@8710dfb
2026-05-21 17:36:15.606 INFO  [restartedMain] com.zaxxer.hikari.HikariDataSource - HikariPool-9 - Start completed.
2026-05-21 17:36:15.606 INFO  [restartedMain] org.hibernate.orm.connections.pooling - HHH10001005: Database info:
	Database JDBC URL [Connecting through datasource 'HikariDataSource (HikariPool-9)']
	Database driver: undefined/unknown
	Database version: 8.0.45
	Autocommit mode: undefined/unknown
	Isolation level: undefined/unknown
	Minimum pool size: undefined/unknown
	Maximum pool size: undefined/unknown
2026-05-21 17:36:15.635 INFO  [restartedMain] o.h.e.t.j.p.i.JtaPlatformInitiator - HHH000489: No JTA platform available (set 'hibernate.transaction.jta.platform' to enable JTA platform integration)
2026-05-21 17:36:15.635 INFO  [restartedMain] o.s.o.j.LocalContainerEntityManagerFactoryBean - Initialized JPA EntityManagerFactory for persistence unit 'default'
2026-05-21 17:36:15.650 WARN  [restartedMain] o.s.b.w.s.c.AnnotationConfigServletWebServerApplicationContext - Exception encountered during context initialization - cancelling refresh attempt: org.springframework.beans.factory.UnsatisfiedDependencyException: Error creating bean with name 'exampleCommandService' defined in file [C:\kidmily\algoga_server\build\classes\java\main\com\kidmily\algoga_server\example\application\service\ExampleCommandService.class]: Unsatisfied dependency expressed through constructor parameter 0: No qualifying bean of type 'com.kidmily.algoga_server.example.domain.repository.ExampleRepository' available: expected at least 1 bean which qualifies as autowire candidate. Dependency annotations: {}
2026-05-21 17:36:15.650 INFO  [restartedMain] o.s.o.j.LocalContainerEntityManagerFactoryBean - Closing JPA EntityManagerFactory for persistence unit 'default'
2026-05-21 17:36:15.650 INFO  [restartedMain] com.zaxxer.hikari.HikariDataSource - HikariPool-9 - Shutdown initiated...
2026-05-21 17:36:15.652 INFO  [restartedMain] com.zaxxer.hikari.HikariDataSource - HikariPool-9 - Shutdown completed.
2026-05-21 17:36:15.652 INFO  [restartedMain] o.apache.catalina.core.StandardService - Stopping service [Tomcat]
2026-05-21 17:36:15.652 INFO  [restartedMain] o.s.b.a.l.ConditionEvaluationReportLogger - 

Error starting ApplicationContext. To display the condition evaluation report re-run your application with 'debug' enabled.
2026-05-21 17:36:15.686 ERROR [restartedMain] o.s.b.d.LoggingFailureAnalysisReporter - 

***************************
APPLICATION FAILED TO START
***************************

Description:

Parameter 0 of constructor in com.kidmily.algoga_server.example.application.service.ExampleCommandService required a bean of type 'com.kidmily.algoga_server.example.domain.repository.ExampleRepository' that could not be found.


Action:

Consider defining a bean of type 'com.kidmily.algoga_server.example.domain.repository.ExampleRepository' in your configuration.

2026-05-21 17:36:46.809 INFO  [restartedMain] c.k.a.AlgogaServerApplication - Starting AlgogaServerApplication using Java 17.0.18 with PID 24692 (C:\kidmily\algoga_server\build\classes\java\main started by user in C:\kidmily\algoga_server)
2026-05-21 17:36:46.809 INFO  [restartedMain] c.k.a.AlgogaServerApplication - No active profile set, falling back to 1 default profile: "default"
2026-05-21 17:36:47.060 INFO  [restartedMain] o.s.d.r.c.RepositoryConfigurationDelegate - Bootstrapping Spring Data JPA repositories in DEFAULT mode.
2026-05-21 17:36:47.060 INFO  [restartedMain] o.s.d.r.c.RepositoryConfigurationDelegate - Finished Spring Data repository scanning in 7 ms. Found 0 JPA repository interfaces.
2026-05-21 17:36:47.206 INFO  [restartedMain] o.s.b.w.embedded.tomcat.TomcatWebServer - Tomcat initialized with port 15000 (http)
2026-05-21 17:36:47.211 INFO  [restartedMain] o.a.coyote.http11.Http11NioProtocol - Initializing ProtocolHandler ["http-nio-15000"]
2026-05-21 17:36:47.211 INFO  [restartedMain] o.apache.catalina.core.StandardService - Starting service [Tomcat]
2026-05-21 17:36:47.211 INFO  [restartedMain] o.apache.catalina.core.StandardEngine - Starting Servlet engine: [Apache Tomcat/10.1.54]
2026-05-21 17:36:47.227 INFO  [restartedMain] o.a.c.c.C.[Tomcat-1].[localhost].[/] - Initializing Spring embedded WebApplicationContext
2026-05-21 17:36:47.227 INFO  [restartedMain] o.s.b.w.s.c.ServletWebServerApplicationContext - Root WebApplicationContext: initialization completed in 418 ms
2026-05-21 17:36:47.282 INFO  [restartedMain] o.hibernate.jpa.internal.util.LogHelper - HHH000204: Processing PersistenceUnitInfo [name: default]
2026-05-21 17:36:47.291 INFO  [restartedMain] o.h.c.internal.RegionFactoryInitiator - HHH000026: Second-level cache disabled
2026-05-21 17:36:47.299 INFO  [restartedMain] o.s.o.j.p.SpringPersistenceUnitInfo - No LoadTimeWeaver setup: ignoring JPA class transformer
2026-05-21 17:36:47.299 INFO  [restartedMain] com.zaxxer.hikari.HikariDataSource - HikariPool-10 - Starting...
2026-05-21 17:36:47.316 INFO  [restartedMain] com.zaxxer.hikari.pool.HikariPool - HikariPool-10 - Added connection com.mysql.cj.jdbc.ConnectionImpl@62154d85
2026-05-21 17:36:47.318 INFO  [restartedMain] com.zaxxer.hikari.HikariDataSource - HikariPool-10 - Start completed.
2026-05-21 17:36:47.319 INFO  [restartedMain] org.hibernate.orm.connections.pooling - HHH10001005: Database info:
	Database JDBC URL [Connecting through datasource 'HikariDataSource (HikariPool-10)']
	Database driver: undefined/unknown
	Database version: 8.0.45
	Autocommit mode: undefined/unknown
	Isolation level: undefined/unknown
	Minimum pool size: undefined/unknown
	Maximum pool size: undefined/unknown
2026-05-21 17:36:47.341 INFO  [restartedMain] o.h.e.t.j.p.i.JtaPlatformInitiator - HHH000489: No JTA platform available (set 'hibernate.transaction.jta.platform' to enable JTA platform integration)
2026-05-21 17:36:47.341 INFO  [restartedMain] o.s.o.j.LocalContainerEntityManagerFactoryBean - Initialized JPA EntityManagerFactory for persistence unit 'default'
2026-05-21 17:36:47.352 WARN  [restartedMain] o.s.b.w.s.c.AnnotationConfigServletWebServerApplicationContext - Exception encountered during context initialization - cancelling refresh attempt: org.springframework.beans.factory.UnsatisfiedDependencyException: Error creating bean with name 'exampleCommandService' defined in file [C:\kidmily\algoga_server\build\classes\java\main\com\kidmily\algoga_server\example\application\service\ExampleCommandService.class]: Unsatisfied dependency expressed through constructor parameter 0: No qualifying bean of type 'com.kidmily.algoga_server.example.domain.repository.ExampleRepository' available: expected at least 1 bean which qualifies as autowire candidate. Dependency annotations: {}
2026-05-21 17:36:47.352 INFO  [restartedMain] o.s.o.j.LocalContainerEntityManagerFactoryBean - Closing JPA EntityManagerFactory for persistence unit 'default'
2026-05-21 17:36:47.353 INFO  [restartedMain] com.zaxxer.hikari.HikariDataSource - HikariPool-10 - Shutdown initiated...
2026-05-21 17:36:47.354 INFO  [restartedMain] com.zaxxer.hikari.HikariDataSource - HikariPool-10 - Shutdown completed.
2026-05-21 17:36:47.355 INFO  [restartedMain] o.apache.catalina.core.StandardService - Stopping service [Tomcat]
2026-05-21 17:36:47.360 INFO  [restartedMain] o.s.b.a.l.ConditionEvaluationReportLogger - 

Error starting ApplicationContext. To display the condition evaluation report re-run your application with 'debug' enabled.
2026-05-21 17:36:47.360 ERROR [restartedMain] o.s.b.d.LoggingFailureAnalysisReporter - 

***************************
APPLICATION FAILED TO START
***************************

Description:

Parameter 0 of constructor in com.kidmily.algoga_server.example.application.service.ExampleCommandService required a bean of type 'com.kidmily.algoga_server.example.domain.repository.ExampleRepository' that could not be found.


Action:

Consider defining a bean of type 'com.kidmily.algoga_server.example.domain.repository.ExampleRepository' in your configuration.

2026-05-21 17:36:59.064 INFO  [restartedMain] c.k.a.AlgogaServerApplication - Starting AlgogaServerApplication using Java 17.0.18 with PID 24692 (C:\kidmily\algoga_server\build\classes\java\main started by user in C:\kidmily\algoga_server)
2026-05-21 17:36:59.064 INFO  [restartedMain] c.k.a.AlgogaServerApplication - No active profile set, falling back to 1 default profile: "default"
2026-05-21 17:36:59.286 INFO  [restartedMain] o.s.d.r.c.RepositoryConfigurationDelegate - Bootstrapping Spring Data JPA repositories in DEFAULT mode.
2026-05-21 17:36:59.289 INFO  [restartedMain] o.s.d.r.c.RepositoryConfigurationDelegate - Finished Spring Data repository scanning in 6 ms. Found 0 JPA repository interfaces.
2026-05-21 17:36:59.411 INFO  [restartedMain] o.s.b.w.embedded.tomcat.TomcatWebServer - Tomcat initialized with port 15000 (http)
2026-05-21 17:36:59.412 INFO  [restartedMain] o.a.coyote.http11.Http11NioProtocol - Initializing ProtocolHandler ["http-nio-15000"]
2026-05-21 17:36:59.412 INFO  [restartedMain] o.apache.catalina.core.StandardService - Starting service [Tomcat]
2026-05-21 17:36:59.412 INFO  [restartedMain] o.apache.catalina.core.StandardEngine - Starting Servlet engine: [Apache Tomcat/10.1.54]
2026-05-21 17:36:59.440 INFO  [restartedMain] o.a.c.c.C.[Tomcat-2].[localhost].[/] - Initializing Spring embedded WebApplicationContext
2026-05-21 17:36:59.440 INFO  [restartedMain] o.s.b.w.s.c.ServletWebServerApplicationContext - Root WebApplicationContext: initialization completed in 376 ms
2026-05-21 17:36:59.487 INFO  [restartedMain] o.hibernate.jpa.internal.util.LogHelper - HHH000204: Processing PersistenceUnitInfo [name: default]
2026-05-21 17:36:59.489 INFO  [restartedMain] o.h.c.internal.RegionFactoryInitiator - HHH000026: Second-level cache disabled
2026-05-21 17:36:59.496 INFO  [restartedMain] o.s.o.j.p.SpringPersistenceUnitInfo - No LoadTimeWeaver setup: ignoring JPA class transformer
2026-05-21 17:36:59.497 INFO  [restartedMain] com.zaxxer.hikari.HikariDataSource - HikariPool-11 - Starting...
2026-05-21 17:36:59.508 INFO  [restartedMain] com.zaxxer.hikari.pool.HikariPool - HikariPool-11 - Added connection com.mysql.cj.jdbc.ConnectionImpl@374d58aa
2026-05-21 17:36:59.508 INFO  [restartedMain] com.zaxxer.hikari.HikariDataSource - HikariPool-11 - Start completed.
2026-05-21 17:36:59.509 INFO  [restartedMain] org.hibernate.orm.connections.pooling - HHH10001005: Database info:
	Database JDBC URL [Connecting through datasource 'HikariDataSource (HikariPool-11)']
	Database driver: undefined/unknown
	Database version: 8.0.45
	Autocommit mode: undefined/unknown
	Isolation level: undefined/unknown
	Minimum pool size: undefined/unknown
	Maximum pool size: undefined/unknown
2026-05-21 17:36:59.524 INFO  [restartedMain] o.h.e.t.j.p.i.JtaPlatformInitiator - HHH000489: No JTA platform available (set 'hibernate.transaction.jta.platform' to enable JTA platform integration)
2026-05-21 17:36:59.524 INFO  [restartedMain] o.s.o.j.LocalContainerEntityManagerFactoryBean - Initialized JPA EntityManagerFactory for persistence unit 'default'
2026-05-21 17:36:59.540 WARN  [restartedMain] o.s.b.w.s.c.AnnotationConfigServletWebServerApplicationContext - Exception encountered during context initialization - cancelling refresh attempt: org.springframework.beans.factory.UnsatisfiedDependencyException: Error creating bean with name 'exampleCommandService' defined in file [C:\kidmily\algoga_server\build\classes\java\main\com\kidmily\algoga_server\example\application\service\ExampleCommandService.class]: Unsatisfied dependency expressed through constructor parameter 0: No qualifying bean of type 'com.kidmily.algoga_server.example.domain.repository.ExampleRepository' available: expected at least 1 bean which qualifies as autowire candidate. Dependency annotations: {}
2026-05-21 17:36:59.540 INFO  [restartedMain] o.s.o.j.LocalContainerEntityManagerFactoryBean - Closing JPA EntityManagerFactory for persistence unit 'default'
2026-05-21 17:36:59.540 INFO  [restartedMain] com.zaxxer.hikari.HikariDataSource - HikariPool-11 - Shutdown initiated...
2026-05-21 17:36:59.540 INFO  [restartedMain] com.zaxxer.hikari.HikariDataSource - HikariPool-11 - Shutdown completed.
2026-05-21 17:36:59.540 INFO  [restartedMain] o.apache.catalina.core.StandardService - Stopping service [Tomcat]
2026-05-21 17:36:59.550 INFO  [restartedMain] o.s.b.a.l.ConditionEvaluationReportLogger - 

Error starting ApplicationContext. To display the condition evaluation report re-run your application with 'debug' enabled.
2026-05-21 17:36:59.554 ERROR [restartedMain] o.s.b.d.LoggingFailureAnalysisReporter - 

***************************
APPLICATION FAILED TO START
***************************

Description:

Parameter 0 of constructor in com.kidmily.algoga_server.example.application.service.ExampleCommandService required a bean of type 'com.kidmily.algoga_server.example.domain.repository.ExampleRepository' that could not be found.


Action:

Consider defining a bean of type 'com.kidmily.algoga_server.example.domain.repository.ExampleRepository' in your configuration.

2026-05-21 17:39:24.139 INFO  [background-preinit] o.h.validator.internal.util.Version - HV000001: Hibernate Validator 8.0.3.Final
2026-05-21 17:39:24.186 INFO  [restartedMain] c.k.a.AlgogaServerApplication - Starting AlgogaServerApplication using Java 17.0.18 with PID 18952 (C:\kidmily\algoga_server\build\classes\java\main started by user in C:\kidmily\algoga_server)
2026-05-21 17:39:24.186 INFO  [restartedMain] c.k.a.AlgogaServerApplication - No active profile set, falling back to 1 default profile: "default"
2026-05-21 17:39:24.225 INFO  [restartedMain] o.s.b.d.e.DevToolsPropertyDefaultsPostProcessor - Devtools property defaults active! Set 'spring.devtools.add-properties' to 'false' to disable
2026-05-21 17:39:24.225 INFO  [restartedMain] o.s.b.d.e.DevToolsPropertyDefaultsPostProcessor - For additional web related logging consider setting the 'logging.level.web' property to 'DEBUG'
2026-05-21 17:39:25.017 INFO  [restartedMain] o.s.d.r.c.RepositoryConfigurationDelegate - Bootstrapping Spring Data JPA repositories in DEFAULT mode.
2026-05-21 17:39:25.046 INFO  [restartedMain] o.s.d.r.c.RepositoryConfigurationDelegate - Finished Spring Data repository scanning in 21 ms. Found 0 JPA repository interfaces.
2026-05-21 17:39:25.624 INFO  [restartedMain] o.s.b.w.embedded.tomcat.TomcatWebServer - Tomcat initialized with port 15000 (http)
2026-05-21 17:39:25.635 INFO  [restartedMain] o.a.coyote.http11.Http11NioProtocol - Initializing ProtocolHandler ["http-nio-15000"]
2026-05-21 17:39:25.637 INFO  [restartedMain] o.apache.catalina.core.StandardService - Starting service [Tomcat]
2026-05-21 17:39:25.637 INFO  [restartedMain] o.apache.catalina.core.StandardEngine - Starting Servlet engine: [Apache Tomcat/10.1.54]
2026-05-21 17:39:25.682 INFO  [restartedMain] o.a.c.c.C.[Tomcat].[localhost].[/] - Initializing Spring embedded WebApplicationContext
2026-05-21 17:39:25.683 INFO  [restartedMain] o.s.b.w.s.c.ServletWebServerApplicationContext - Root WebApplicationContext: initialization completed in 1457 ms
2026-05-21 17:39:25.830 INFO  [restartedMain] o.hibernate.jpa.internal.util.LogHelper - HHH000204: Processing PersistenceUnitInfo [name: default]
2026-05-21 17:39:25.871 INFO  [restartedMain] org.hibernate.Version - HHH000412: Hibernate ORM core version 6.6.49.Final
2026-05-21 17:39:25.903 INFO  [restartedMain] o.h.c.internal.RegionFactoryInitiator - HHH000026: Second-level cache disabled
2026-05-21 17:39:26.133 INFO  [restartedMain] o.s.o.j.p.SpringPersistenceUnitInfo - No LoadTimeWeaver setup: ignoring JPA class transformer
2026-05-21 17:39:26.161 INFO  [restartedMain] com.zaxxer.hikari.HikariDataSource - HikariPool-1 - Starting...
2026-05-21 17:39:26.407 INFO  [restartedMain] com.zaxxer.hikari.pool.HikariPool - HikariPool-1 - Added connection com.mysql.cj.jdbc.ConnectionImpl@59e19139
2026-05-21 17:39:26.410 INFO  [restartedMain] com.zaxxer.hikari.HikariDataSource - HikariPool-1 - Start completed.
2026-05-21 17:39:26.503 INFO  [restartedMain] org.hibernate.orm.connections.pooling - HHH10001005: Database info:
	Database JDBC URL [Connecting through datasource 'HikariDataSource (HikariPool-1)']
	Database driver: undefined/unknown
	Database version: 8.0.45
	Autocommit mode: undefined/unknown
	Isolation level: undefined/unknown
	Minimum pool size: undefined/unknown
	Maximum pool size: undefined/unknown
2026-05-21 17:39:26.921 INFO  [restartedMain] o.h.e.t.j.p.i.JtaPlatformInitiator - HHH000489: No JTA platform available (set 'hibernate.transaction.jta.platform' to enable JTA platform integration)
2026-05-21 17:39:26.927 INFO  [restartedMain] o.s.o.j.LocalContainerEntityManagerFactoryBean - Initialized JPA EntityManagerFactory for persistence unit 'default'
2026-05-21 17:39:26.950 WARN  [restartedMain] o.s.b.w.s.c.AnnotationConfigServletWebServerApplicationContext - Exception encountered during context initialization - cancelling refresh attempt: org.springframework.beans.factory.UnsatisfiedDependencyException: Error creating bean with name 'exampleCommandService' defined in file [C:\kidmily\algoga_server\build\classes\java\main\com\kidmily\algoga_server\example\application\service\ExampleCommandService.class]: Unsatisfied dependency expressed through constructor parameter 0: No qualifying bean of type 'com.kidmily.algoga_server.example.domain.repository.ExampleRepository' available: expected at least 1 bean which qualifies as autowire candidate. Dependency annotations: {}
2026-05-21 17:39:26.950 INFO  [restartedMain] o.s.o.j.LocalContainerEntityManagerFactoryBean - Closing JPA EntityManagerFactory for persistence unit 'default'
2026-05-21 17:39:26.958 INFO  [restartedMain] com.zaxxer.hikari.HikariDataSource - HikariPool-1 - Shutdown initiated...
2026-05-21 17:39:26.999 INFO  [restartedMain] com.zaxxer.hikari.HikariDataSource - HikariPool-1 - Shutdown completed.
2026-05-21 17:39:27.002 INFO  [restartedMain] o.apache.catalina.core.StandardService - Stopping service [Tomcat]
2026-05-21 17:39:27.018 INFO  [restartedMain] o.s.b.a.l.ConditionEvaluationReportLogger - 

Error starting ApplicationContext. To display the condition evaluation report re-run your application with 'debug' enabled.
2026-05-21 17:39:27.049 ERROR [restartedMain] o.s.b.d.LoggingFailureAnalysisReporter - 

***************************
APPLICATION FAILED TO START
***************************

Description:

Parameter 0 of constructor in com.kidmily.algoga_server.example.application.service.ExampleCommandService required a bean of type 'com.kidmily.algoga_server.example.domain.repository.ExampleRepository' that could not be found.


Action:

Consider defining a bean of type 'com.kidmily.algoga_server.example.domain.repository.ExampleRepository' in your configuration.

2026-05-21 17:44:46.342 INFO  [background-preinit] o.h.validator.internal.util.Version - HV000001: Hibernate Validator 8.0.3.Final
2026-05-21 17:44:46.395 INFO  [restartedMain] c.k.a.AlgogaServerApplication - Starting AlgogaServerApplication using Java 17.0.18 with PID 9664 (C:\kidmily\algoga_server\build\classes\java\main started by user in C:\kidmily\algoga_server)
2026-05-21 17:44:46.396 INFO  [restartedMain] c.k.a.AlgogaServerApplication - No active profile set, falling back to 1 default profile: "default"
2026-05-21 17:44:46.443 INFO  [restartedMain] o.s.b.d.e.DevToolsPropertyDefaultsPostProcessor - Devtools property defaults active! Set 'spring.devtools.add-properties' to 'false' to disable
2026-05-21 17:44:46.443 INFO  [restartedMain] o.s.b.d.e.DevToolsPropertyDefaultsPostProcessor - For additional web related logging consider setting the 'logging.level.web' property to 'DEBUG'
2026-05-21 17:44:47.419 INFO  [restartedMain] o.s.d.r.c.RepositoryConfigurationDelegate - Bootstrapping Spring Data JPA repositories in DEFAULT mode.
2026-05-21 17:44:47.487 INFO  [restartedMain] o.s.d.r.c.RepositoryConfigurationDelegate - Finished Spring Data repository scanning in 58 ms. Found 1 JPA repository interface.
2026-05-21 17:44:48.025 INFO  [restartedMain] o.s.b.w.embedded.tomcat.TomcatWebServer - Tomcat initialized with port 15000 (http)
2026-05-21 17:44:48.035 INFO  [restartedMain] o.a.coyote.http11.Http11NioProtocol - Initializing ProtocolHandler ["http-nio-15000"]
2026-05-21 17:44:48.037 INFO  [restartedMain] o.apache.catalina.core.StandardService - Starting service [Tomcat]
2026-05-21 17:44:48.037 INFO  [restartedMain] o.apache.catalina.core.StandardEngine - Starting Servlet engine: [Apache Tomcat/10.1.54]
2026-05-21 17:44:48.087 INFO  [restartedMain] o.a.c.c.C.[Tomcat].[localhost].[/] - Initializing Spring embedded WebApplicationContext
2026-05-21 17:44:48.087 INFO  [restartedMain] o.s.b.w.s.c.ServletWebServerApplicationContext - Root WebApplicationContext: initialization completed in 1643 ms
2026-05-21 17:44:48.223 INFO  [restartedMain] o.hibernate.jpa.internal.util.LogHelper - HHH000204: Processing PersistenceUnitInfo [name: default]
2026-05-21 17:44:48.260 INFO  [restartedMain] org.hibernate.Version - HHH000412: Hibernate ORM core version 6.6.49.Final
2026-05-21 17:44:48.283 INFO  [restartedMain] o.h.c.internal.RegionFactoryInitiator - HHH000026: Second-level cache disabled
2026-05-21 17:44:48.485 INFO  [restartedMain] o.s.o.j.p.SpringPersistenceUnitInfo - No LoadTimeWeaver setup: ignoring JPA class transformer
2026-05-21 17:44:48.508 INFO  [restartedMain] com.zaxxer.hikari.HikariDataSource - HikariPool-1 - Starting...
2026-05-21 17:44:48.722 INFO  [restartedMain] com.zaxxer.hikari.pool.HikariPool - HikariPool-1 - Added connection com.mysql.cj.jdbc.ConnectionImpl@257c90df
2026-05-21 17:44:48.724 INFO  [restartedMain] com.zaxxer.hikari.HikariDataSource - HikariPool-1 - Start completed.
2026-05-21 17:44:48.817 INFO  [restartedMain] org.hibernate.orm.connections.pooling - HHH10001005: Database info:
	Database JDBC URL [Connecting through datasource 'HikariDataSource (HikariPool-1)']
	Database driver: undefined/unknown
	Database version: 8.0.45
	Autocommit mode: undefined/unknown
	Isolation level: undefined/unknown
	Minimum pool size: undefined/unknown
	Maximum pool size: undefined/unknown
2026-05-21 17:44:49.612 INFO  [restartedMain] o.h.e.t.j.p.i.JtaPlatformInitiator - HHH000489: No JTA platform available (set 'hibernate.transaction.jta.platform' to enable JTA platform integration)
2026-05-21 17:44:49.669 DEBUG [restartedMain] org.hibernate.SQL - 
    create table examples (
        id bigint not null auto_increment,
        active bit not null,
        name varchar(255) not null,
        primary key (id)
    ) engine=InnoDB
2026-05-21 17:44:49.693 INFO  [restartedMain] o.s.o.j.LocalContainerEntityManagerFactoryBean - Initialized JPA EntityManagerFactory for persistence unit 'default'
2026-05-21 17:44:50.049 WARN  [restartedMain] o.s.b.a.o.j.JpaBaseConfiguration$JpaWebConfiguration - spring.jpa.open-in-view is enabled by default. Therefore, database queries may be performed during view rendering. Explicitly configure spring.jpa.open-in-view to disable this warning
2026-05-21 17:44:50.610 INFO  [restartedMain] o.s.b.d.a.OptionalLiveReloadServer - LiveReload server is running on port 35729
2026-05-21 17:44:50.632 INFO  [restartedMain] o.a.coyote.http11.Http11NioProtocol - Starting ProtocolHandler ["http-nio-15000"]
2026-05-21 17:44:50.649 INFO  [restartedMain] o.s.b.w.embedded.tomcat.TomcatWebServer - Tomcat started on port 15000 (http) with context path '/'
2026-05-21 17:44:50.657 INFO  [restartedMain] c.k.a.AlgogaServerApplication - Started AlgogaServerApplication in 4.88 seconds (process running for 5.502)
2026-05-21 17:44:50.660 WARN  [restartedMain] o.s.core.events.SpringDocAppInitializer - SpringDoc /v3/api-docs endpoint is enabled by default. To disable it in production, set the property 'springdoc.api-docs.enabled=false'
2026-05-21 17:44:50.660 WARN  [restartedMain] o.s.core.events.SpringDocAppInitializer - SpringDoc /swagger-ui.html endpoint is enabled by default. To disable it in production, set the property 'springdoc.swagger-ui.enabled=false'
2026-05-21 17:44:56.370 INFO  [http-nio-15000-exec-1] o.a.c.c.C.[Tomcat].[localhost].[/] - Initializing Spring DispatcherServlet 'dispatcherServlet'
2026-05-21 17:44:56.378 INFO  [http-nio-15000-exec-1] o.s.web.servlet.DispatcherServlet - Initializing Servlet 'dispatcherServlet'
2026-05-21 17:44:56.378 INFO  [http-nio-15000-exec-1] o.s.web.servlet.DispatcherServlet - Completed initialization in 0 ms
2026-05-21 17:44:56.887 INFO  [http-nio-15000-exec-4] o.springdoc.api.AbstractOpenApiResource - Init duration for springdoc-openapi is: 245 ms
2026-05-21 17:48:18.352 INFO  [File Watcher] o.s.b.d.a.LocalDevToolsAutoConfiguration$RestartingClassPathChangeChangedEventListener - Restarting due to 1 class path change (1 addition, 0 deletions, 0 modifications)
2026-05-21 17:48:18.352 INFO  [Thread-5] o.s.b.w.e.tomcat.GracefulShutdown - Commencing graceful shutdown. Waiting for active requests to complete
2026-05-21 17:48:18.352 INFO  [tomcat-shutdown] o.a.coyote.http11.Http11NioProtocol - Pausing ProtocolHandler ["http-nio-15000"]
2026-05-21 17:48:18.504 INFO  [tomcat-shutdown] o.s.b.w.e.tomcat.GracefulShutdown - Graceful shutdown complete
2026-05-21 17:48:18.504 INFO  [Thread-5] o.a.coyote.http11.Http11NioProtocol - Stopping ProtocolHandler ["http-nio-15000"]
2026-05-21 17:48:18.520 INFO  [Thread-5] o.s.o.j.LocalContainerEntityManagerFactoryBean - Closing JPA EntityManagerFactory for persistence unit 'default'
2026-05-21 17:48:18.520 INFO  [Thread-5] com.zaxxer.hikari.HikariDataSource - HikariPool-1 - Shutdown initiated...
2026-05-21 17:48:18.520 INFO  [Thread-5] com.zaxxer.hikari.HikariDataSource - HikariPool-1 - Shutdown completed.
2026-05-21 17:48:18.671 INFO  [restartedMain] c.k.a.AlgogaServerApplication - Starting AlgogaServerApplication using Java 17.0.18 with PID 9664 (C:\kidmily\algoga_server\build\classes\java\main started by user in C:\kidmily\algoga_server)
2026-05-21 17:48:18.674 INFO  [restartedMain] c.k.a.AlgogaServerApplication - No active profile set, falling back to 1 default profile: "default"
2026-05-21 17:48:18.980 INFO  [restartedMain] o.s.d.r.c.RepositoryConfigurationDelegate - Bootstrapping Spring Data JPA repositories in DEFAULT mode.
2026-05-21 17:48:19.008 INFO  [restartedMain] o.s.d.r.c.RepositoryConfigurationDelegate - Finished Spring Data repository scanning in 24 ms. Found 1 JPA repository interface.
2026-05-21 17:48:19.157 INFO  [restartedMain] o.s.b.w.embedded.tomcat.TomcatWebServer - Tomcat initialized with port 15000 (http)
2026-05-21 17:48:19.157 INFO  [restartedMain] o.a.coyote.http11.Http11NioProtocol - Initializing ProtocolHandler ["http-nio-15000"]
2026-05-21 17:48:19.157 INFO  [restartedMain] o.apache.catalina.core.StandardService - Starting service [Tomcat]
2026-05-21 17:48:19.157 INFO  [restartedMain] o.apache.catalina.core.StandardEngine - Starting Servlet engine: [Apache Tomcat/10.1.54]
2026-05-21 17:48:19.187 INFO  [restartedMain] o.a.c.c.C.[Tomcat].[localhost].[/] - Initializing Spring embedded WebApplicationContext
2026-05-21 17:48:19.187 INFO  [restartedMain] o.s.b.w.s.c.ServletWebServerApplicationContext - Root WebApplicationContext: initialization completed in 511 ms
2026-05-21 17:48:19.257 INFO  [restartedMain] o.hibernate.jpa.internal.util.LogHelper - HHH000204: Processing PersistenceUnitInfo [name: default]
2026-05-21 17:48:19.258 INFO  [restartedMain] o.h.c.internal.RegionFactoryInitiator - HHH000026: Second-level cache disabled
2026-05-21 17:48:19.274 INFO  [restartedMain] o.s.o.j.p.SpringPersistenceUnitInfo - No LoadTimeWeaver setup: ignoring JPA class transformer
2026-05-21 17:48:19.274 INFO  [restartedMain] com.zaxxer.hikari.HikariDataSource - HikariPool-2 - Starting...
2026-05-21 17:48:19.291 INFO  [restartedMain] com.zaxxer.hikari.pool.HikariPool - HikariPool-2 - Added connection com.mysql.cj.jdbc.ConnectionImpl@102800f4
2026-05-21 17:48:19.291 INFO  [restartedMain] com.zaxxer.hikari.HikariDataSource - HikariPool-2 - Start completed.
2026-05-21 17:48:19.291 INFO  [restartedMain] org.hibernate.orm.connections.pooling - HHH10001005: Database info:
	Database JDBC URL [Connecting through datasource 'HikariDataSource (HikariPool-2)']
	Database driver: undefined/unknown
	Database version: 8.0.45
	Autocommit mode: undefined/unknown
	Isolation level: undefined/unknown
	Minimum pool size: undefined/unknown
	Maximum pool size: undefined/unknown
2026-05-21 17:48:19.324 INFO  [restartedMain] o.h.e.t.j.p.i.JtaPlatformInitiator - HHH000489: No JTA platform available (set 'hibernate.transaction.jta.platform' to enable JTA platform integration)
2026-05-21 17:48:19.348 INFO  [restartedMain] o.s.o.j.LocalContainerEntityManagerFactoryBean - Initialized JPA EntityManagerFactory for persistence unit 'default'
2026-05-21 17:48:19.519 WARN  [restartedMain] o.s.b.a.o.j.JpaBaseConfiguration$JpaWebConfiguration - spring.jpa.open-in-view is enabled by default. Therefore, database queries may be performed during view rendering. Explicitly configure spring.jpa.open-in-view to disable this warning
2026-05-21 17:48:19.908 INFO  [restartedMain] o.s.b.d.a.OptionalLiveReloadServer - LiveReload server is running on port 35729
2026-05-21 17:48:19.920 INFO  [restartedMain] o.a.coyote.http11.Http11NioProtocol - Starting ProtocolHandler ["http-nio-15000"]
2026-05-21 17:48:19.928 INFO  [restartedMain] o.s.b.w.embedded.tomcat.TomcatWebServer - Tomcat started on port 15000 (http) with context path '/'
2026-05-21 17:48:19.935 INFO  [restartedMain] c.k.a.AlgogaServerApplication - Started AlgogaServerApplication in 1.314 seconds (process running for 214.78)
2026-05-21 17:48:19.936 WARN  [restartedMain] o.s.core.events.SpringDocAppInitializer - SpringDoc /v3/api-docs endpoint is enabled by default. To disable it in production, set the property 'springdoc.api-docs.enabled=false'
2026-05-21 17:48:19.936 WARN  [restartedMain] o.s.core.events.SpringDocAppInitializer - SpringDoc /swagger-ui.html endpoint is enabled by default. To disable it in production, set the property 'springdoc.swagger-ui.enabled=false'
2026-05-21 17:48:19.937 INFO  [restartedMain] o.s.b.d.a.ConditionEvaluationDeltaLoggingListener - Condition evaluation unchanged
2026-05-21 17:49:30.778 INFO  [File Watcher] o.s.b.d.a.LocalDevToolsAutoConfiguration$RestartingClassPathChangeChangedEventListener - Restarting due to 1 class path change (1 addition, 0 deletions, 0 modifications)
2026-05-21 17:49:30.778 INFO  [Thread-7] o.s.b.w.e.tomcat.GracefulShutdown - Commencing graceful shutdown. Waiting for active requests to complete
2026-05-21 17:49:30.778 INFO  [tomcat-shutdown] o.a.coyote.http11.Http11NioProtocol - Pausing ProtocolHandler ["http-nio-15000"]
2026-05-21 17:49:30.952 INFO  [tomcat-shutdown] o.s.b.w.e.tomcat.GracefulShutdown - Graceful shutdown complete
2026-05-21 17:49:30.953 INFO  [Thread-7] o.a.coyote.http11.Http11NioProtocol - Stopping ProtocolHandler ["http-nio-15000"]
2026-05-21 17:49:30.954 INFO  [Thread-7] o.s.o.j.LocalContainerEntityManagerFactoryBean - Closing JPA EntityManagerFactory for persistence unit 'default'
2026-05-21 17:49:30.954 INFO  [Thread-7] com.zaxxer.hikari.HikariDataSource - HikariPool-2 - Shutdown initiated...
2026-05-21 17:49:30.954 INFO  [Thread-7] com.zaxxer.hikari.HikariDataSource - HikariPool-2 - Shutdown completed.
2026-05-21 17:49:31.061 INFO  [restartedMain] c.k.a.AlgogaServerApplication - Starting AlgogaServerApplication using Java 17.0.18 with PID 9664 (C:\kidmily\algoga_server\build\classes\java\main started by user in C:\kidmily\algoga_server)
2026-05-21 17:49:31.061 INFO  [restartedMain] c.k.a.AlgogaServerApplication - No active profile set, falling back to 1 default profile: "default"
2026-05-21 17:49:31.304 INFO  [restartedMain] o.s.d.r.c.RepositoryConfigurationDelegate - Bootstrapping Spring Data JPA repositories in DEFAULT mode.
2026-05-21 17:49:31.335 INFO  [restartedMain] o.s.d.r.c.RepositoryConfigurationDelegate - Finished Spring Data repository scanning in 26 ms. Found 1 JPA repository interface.
2026-05-21 17:49:31.470 INFO  [restartedMain] o.s.b.w.embedded.tomcat.TomcatWebServer - Tomcat initialized with port 15000 (http)
2026-05-21 17:49:31.470 INFO  [restartedMain] o.a.coyote.http11.Http11NioProtocol - Initializing ProtocolHandler ["http-nio-15000"]
2026-05-21 17:49:31.470 INFO  [restartedMain] o.apache.catalina.core.StandardService - Starting service [Tomcat]
2026-05-21 17:49:31.470 INFO  [restartedMain] o.apache.catalina.core.StandardEngine - Starting Servlet engine: [Apache Tomcat/10.1.54]
2026-05-21 17:49:31.502 INFO  [restartedMain] o.a.c.c.C.[Tomcat].[localhost].[/] - Initializing Spring embedded WebApplicationContext
2026-05-21 17:49:31.502 INFO  [restartedMain] o.s.b.w.s.c.ServletWebServerApplicationContext - Root WebApplicationContext: initialization completed in 441 ms
2026-05-21 17:49:31.570 INFO  [restartedMain] o.hibernate.jpa.internal.util.LogHelper - HHH000204: Processing PersistenceUnitInfo [name: default]
2026-05-21 17:49:31.570 INFO  [restartedMain] o.h.c.internal.RegionFactoryInitiator - HHH000026: Second-level cache disabled
2026-05-21 17:49:31.570 INFO  [restartedMain] o.s.o.j.p.SpringPersistenceUnitInfo - No LoadTimeWeaver setup: ignoring JPA class transformer
2026-05-21 17:49:31.570 INFO  [restartedMain] com.zaxxer.hikari.HikariDataSource - HikariPool-3 - Starting...
2026-05-21 17:49:31.586 INFO  [restartedMain] com.zaxxer.hikari.pool.HikariPool - HikariPool-3 - Added connection com.mysql.cj.jdbc.ConnectionImpl@31ac2a71
2026-05-21 17:49:31.586 INFO  [restartedMain] com.zaxxer.hikari.HikariDataSource - HikariPool-3 - Start completed.
2026-05-21 17:49:31.601 INFO  [restartedMain] org.hibernate.orm.connections.pooling - HHH10001005: Database info:
	Database JDBC URL [Connecting through datasource 'HikariDataSource (HikariPool-3)']
	Database driver: undefined/unknown
	Database version: 8.0.45
	Autocommit mode: undefined/unknown
	Isolation level: undefined/unknown
	Minimum pool size: undefined/unknown
	Maximum pool size: undefined/unknown
2026-05-21 17:49:31.636 INFO  [restartedMain] o.h.e.t.j.p.i.JtaPlatformInitiator - HHH000489: No JTA platform available (set 'hibernate.transaction.jta.platform' to enable JTA platform integration)
2026-05-21 17:49:31.662 INFO  [restartedMain] o.s.o.j.LocalContainerEntityManagerFactoryBean - Initialized JPA EntityManagerFactory for persistence unit 'default'
2026-05-21 17:49:31.839 WARN  [restartedMain] o.s.b.a.o.j.JpaBaseConfiguration$JpaWebConfiguration - spring.jpa.open-in-view is enabled by default. Therefore, database queries may be performed during view rendering. Explicitly configure spring.jpa.open-in-view to disable this warning
2026-05-21 17:49:32.203 INFO  [restartedMain] o.s.b.d.a.OptionalLiveReloadServer - LiveReload server is running on port 35729
2026-05-21 17:49:32.203 INFO  [restartedMain] o.a.coyote.http11.Http11NioProtocol - Starting ProtocolHandler ["http-nio-15000"]
2026-05-21 17:49:32.227 INFO  [restartedMain] o.s.b.w.embedded.tomcat.TomcatWebServer - Tomcat started on port 15000 (http) with context path '/'
2026-05-21 17:49:32.234 INFO  [restartedMain] c.k.a.AlgogaServerApplication - Started AlgogaServerApplication in 1.209 seconds (process running for 287.08)
2026-05-21 17:49:32.236 WARN  [restartedMain] o.s.core.events.SpringDocAppInitializer - SpringDoc /v3/api-docs endpoint is enabled by default. To disable it in production, set the property 'springdoc.api-docs.enabled=false'
2026-05-21 17:49:32.236 WARN  [restartedMain] o.s.core.events.SpringDocAppInitializer - SpringDoc /swagger-ui.html endpoint is enabled by default. To disable it in production, set the property 'springdoc.swagger-ui.enabled=false'
2026-05-21 17:49:32.236 INFO  [restartedMain] o.s.b.d.a.ConditionEvaluationDeltaLoggingListener - Condition evaluation unchanged
2026-05-21 17:49:58.119 INFO  [File Watcher] o.s.b.d.a.LocalDevToolsAutoConfiguration$RestartingClassPathChangeChangedEventListener - Restarting due to 1 class path change (0 additions, 1 deletion, 0 modifications)
2026-05-21 17:49:58.119 INFO  [Thread-11] o.s.b.w.e.tomcat.GracefulShutdown - Commencing graceful shutdown. Waiting for active requests to complete
2026-05-21 17:49:58.119 INFO  [tomcat-shutdown] o.a.coyote.http11.Http11NioProtocol - Pausing ProtocolHandler ["http-nio-15000"]
2026-05-21 17:49:58.290 INFO  [tomcat-shutdown] o.s.b.w.e.tomcat.GracefulShutdown - Graceful shutdown complete
2026-05-21 17:49:58.290 INFO  [Thread-11] o.a.coyote.http11.Http11NioProtocol - Stopping ProtocolHandler ["http-nio-15000"]
2026-05-21 17:49:58.290 INFO  [Thread-11] o.s.o.j.LocalContainerEntityManagerFactoryBean - Closing JPA EntityManagerFactory for persistence unit 'default'
2026-05-21 17:49:58.290 INFO  [Thread-11] com.zaxxer.hikari.HikariDataSource - HikariPool-3 - Shutdown initiated...
2026-05-21 17:49:58.299 INFO  [Thread-11] com.zaxxer.hikari.HikariDataSource - HikariPool-3 - Shutdown completed.
2026-05-21 17:49:58.386 INFO  [restartedMain] c.k.a.AlgogaServerApplication - Starting AlgogaServerApplication using Java 17.0.18 with PID 9664 (C:\kidmily\algoga_server\build\classes\java\main started by user in C:\kidmily\algoga_server)
2026-05-21 17:49:58.386 INFO  [restartedMain] c.k.a.AlgogaServerApplication - No active profile set, falling back to 1 default profile: "default"
2026-05-21 17:49:58.636 INFO  [restartedMain] o.s.d.r.c.RepositoryConfigurationDelegate - Bootstrapping Spring Data JPA repositories in DEFAULT mode.
2026-05-21 17:49:58.652 INFO  [restartedMain] o.s.d.r.c.RepositoryConfigurationDelegate - Finished Spring Data repository scanning in 22 ms. Found 1 JPA repository interface.
2026-05-21 17:49:58.784 INFO  [restartedMain] o.s.b.w.embedded.tomcat.TomcatWebServer - Tomcat initialized with port 15000 (http)
2026-05-21 17:49:58.785 INFO  [restartedMain] o.a.coyote.http11.Http11NioProtocol - Initializing ProtocolHandler ["http-nio-15000"]
2026-05-21 17:49:58.786 INFO  [restartedMain] o.apache.catalina.core.StandardService - Starting service [Tomcat]
2026-05-21 17:49:58.786 INFO  [restartedMain] o.apache.catalina.core.StandardEngine - Starting Servlet engine: [Apache Tomcat/10.1.54]
2026-05-21 17:49:58.819 INFO  [restartedMain] o.a.c.c.C.[Tomcat].[localhost].[/] - Initializing Spring embedded WebApplicationContext
2026-05-21 17:49:58.819 INFO  [restartedMain] o.s.b.w.s.c.ServletWebServerApplicationContext - Root WebApplicationContext: initialization completed in 433 ms
2026-05-21 17:49:58.871 INFO  [restartedMain] o.hibernate.jpa.internal.util.LogHelper - HHH000204: Processing PersistenceUnitInfo [name: default]
2026-05-21 17:49:58.885 INFO  [restartedMain] o.h.c.internal.RegionFactoryInitiator - HHH000026: Second-level cache disabled
2026-05-21 17:49:58.900 INFO  [restartedMain] o.s.o.j.p.SpringPersistenceUnitInfo - No LoadTimeWeaver setup: ignoring JPA class transformer
2026-05-21 17:49:58.901 INFO  [restartedMain] com.zaxxer.hikari.HikariDataSource - HikariPool-4 - Starting...
2026-05-21 17:49:58.919 INFO  [restartedMain] com.zaxxer.hikari.pool.HikariPool - HikariPool-4 - Added connection com.mysql.cj.jdbc.ConnectionImpl@5db47060
2026-05-21 17:49:58.919 INFO  [restartedMain] com.zaxxer.hikari.HikariDataSource - HikariPool-4 - Start completed.
2026-05-21 17:49:58.919 INFO  [restartedMain] org.hibernate.orm.connections.pooling - HHH10001005: Database info:
	Database JDBC URL [Connecting through datasource 'HikariDataSource (HikariPool-4)']
	Database driver: undefined/unknown
	Database version: 8.0.45
	Autocommit mode: undefined/unknown
	Isolation level: undefined/unknown
	Minimum pool size: undefined/unknown
	Maximum pool size: undefined/unknown
2026-05-21 17:49:58.953 INFO  [restartedMain] o.h.e.t.j.p.i.JtaPlatformInitiator - HHH000489: No JTA platform available (set 'hibernate.transaction.jta.platform' to enable JTA platform integration)
2026-05-21 17:49:58.982 INFO  [restartedMain] o.s.o.j.LocalContainerEntityManagerFactoryBean - Initialized JPA EntityManagerFactory for persistence unit 'default'
2026-05-21 17:49:59.152 WARN  [restartedMain] o.s.b.a.o.j.JpaBaseConfiguration$JpaWebConfiguration - spring.jpa.open-in-view is enabled by default. Therefore, database queries may be performed during view rendering. Explicitly configure spring.jpa.open-in-view to disable this warning
2026-05-21 17:49:59.520 INFO  [restartedMain] o.s.b.d.a.OptionalLiveReloadServer - LiveReload server is running on port 35729
2026-05-21 17:49:59.540 INFO  [restartedMain] o.a.coyote.http11.Http11NioProtocol - Starting ProtocolHandler ["http-nio-15000"]
2026-05-21 17:49:59.540 INFO  [restartedMain] o.s.b.w.embedded.tomcat.TomcatWebServer - Tomcat started on port 15000 (http) with context path '/'
2026-05-21 17:49:59.553 INFO  [restartedMain] c.k.a.AlgogaServerApplication - Started AlgogaServerApplication in 1.2 seconds (process running for 314.4)
2026-05-21 17:49:59.553 WARN  [restartedMain] o.s.core.events.SpringDocAppInitializer - SpringDoc /v3/api-docs endpoint is enabled by default. To disable it in production, set the property 'springdoc.api-docs.enabled=false'
2026-05-21 17:49:59.553 WARN  [restartedMain] o.s.core.events.SpringDocAppInitializer - SpringDoc /swagger-ui.html endpoint is enabled by default. To disable it in production, set the property 'springdoc.swagger-ui.enabled=false'
2026-05-21 17:49:59.553 INFO  [restartedMain] o.s.b.d.a.ConditionEvaluationDeltaLoggingListener - Condition evaluation unchanged
2026-05-21 17:50:00.961 INFO  [File Watcher] o.s.b.d.a.LocalDevToolsAutoConfiguration$RestartingClassPathChangeChangedEventListener - Restarting due to 1 class path change (1 addition, 0 deletions, 0 modifications)
2026-05-21 17:50:00.961 INFO  [Thread-15] o.s.b.w.e.tomcat.GracefulShutdown - Commencing graceful shutdown. Waiting for active requests to complete
2026-05-21 17:50:00.961 INFO  [tomcat-shutdown] o.a.coyote.http11.Http11NioProtocol - Pausing ProtocolHandler ["http-nio-15000"]
2026-05-21 17:50:01.110 INFO  [tomcat-shutdown] o.s.b.w.e.tomcat.GracefulShutdown - Graceful shutdown complete
2026-05-21 17:50:01.110 INFO  [Thread-15] o.a.coyote.http11.Http11NioProtocol - Stopping ProtocolHandler ["http-nio-15000"]
2026-05-21 17:50:01.110 INFO  [Thread-15] o.s.o.j.LocalContainerEntityManagerFactoryBean - Closing JPA EntityManagerFactory for persistence unit 'default'
2026-05-21 17:50:01.110 INFO  [Thread-15] com.zaxxer.hikari.HikariDataSource - HikariPool-4 - Shutdown initiated...
2026-05-21 17:50:01.126 INFO  [Thread-15] com.zaxxer.hikari.HikariDataSource - HikariPool-4 - Shutdown completed.
2026-05-21 17:50:01.219 INFO  [restartedMain] c.k.a.AlgogaServerApplication - Starting AlgogaServerApplication using Java 17.0.18 with PID 9664 (C:\kidmily\algoga_server\build\classes\java\main started by user in C:\kidmily\algoga_server)
2026-05-21 17:50:01.219 INFO  [restartedMain] c.k.a.AlgogaServerApplication - No active profile set, falling back to 1 default profile: "default"
2026-05-21 17:50:01.456 INFO  [restartedMain] o.s.d.r.c.RepositoryConfigurationDelegate - Bootstrapping Spring Data JPA repositories in DEFAULT mode.
2026-05-21 17:50:01.469 INFO  [restartedMain] o.s.d.r.c.RepositoryConfigurationDelegate - Finished Spring Data repository scanning in 11 ms. Found 1 JPA repository interface.
2026-05-21 17:50:01.589 INFO  [restartedMain] o.s.b.w.embedded.tomcat.TomcatWebServer - Tomcat initialized with port 15000 (http)
2026-05-21 17:50:01.590 INFO  [restartedMain] o.a.coyote.http11.Http11NioProtocol - Initializing ProtocolHandler ["http-nio-15000"]
2026-05-21 17:50:01.590 INFO  [restartedMain] o.apache.catalina.core.StandardService - Starting service [Tomcat]
2026-05-21 17:50:01.590 INFO  [restartedMain] o.apache.catalina.core.StandardEngine - Starting Servlet engine: [Apache Tomcat/10.1.54]
2026-05-21 17:50:01.608 INFO  [restartedMain] o.a.c.c.C.[Tomcat].[localhost].[/] - Initializing Spring embedded WebApplicationContext
2026-05-21 17:50:01.609 INFO  [restartedMain] o.s.b.w.s.c.ServletWebServerApplicationContext - Root WebApplicationContext: initialization completed in 388 ms
2026-05-21 17:50:01.655 INFO  [restartedMain] o.hibernate.jpa.internal.util.LogHelper - HHH000204: Processing PersistenceUnitInfo [name: default]
2026-05-21 17:50:01.657 INFO  [restartedMain] o.h.c.internal.RegionFactoryInitiator - HHH000026: Second-level cache disabled
2026-05-21 17:50:01.665 INFO  [restartedMain] o.s.o.j.p.SpringPersistenceUnitInfo - No LoadTimeWeaver setup: ignoring JPA class transformer
2026-05-21 17:50:01.666 INFO  [restartedMain] com.zaxxer.hikari.HikariDataSource - HikariPool-5 - Starting...
2026-05-21 17:50:01.681 INFO  [restartedMain] com.zaxxer.hikari.pool.HikariPool - HikariPool-5 - Added connection com.mysql.cj.jdbc.ConnectionImpl@773fc74b
2026-05-21 17:50:01.682 INFO  [restartedMain] com.zaxxer.hikari.HikariDataSource - HikariPool-5 - Start completed.
2026-05-21 17:50:01.682 INFO  [restartedMain] org.hibernate.orm.connections.pooling - HHH10001005: Database info:
	Database JDBC URL [Connecting through datasource 'HikariDataSource (HikariPool-5)']
	Database driver: undefined/unknown
	Database version: 8.0.45
	Autocommit mode: undefined/unknown
	Isolation level: undefined/unknown
	Minimum pool size: undefined/unknown
	Maximum pool size: undefined/unknown
2026-05-21 17:50:01.710 INFO  [restartedMain] o.h.e.t.j.p.i.JtaPlatformInitiator - HHH000489: No JTA platform available (set 'hibernate.transaction.jta.platform' to enable JTA platform integration)
2026-05-21 17:50:01.729 INFO  [restartedMain] o.s.o.j.LocalContainerEntityManagerFactoryBean - Initialized JPA EntityManagerFactory for persistence unit 'default'
2026-05-21 17:50:01.857 WARN  [restartedMain] o.s.b.a.o.j.JpaBaseConfiguration$JpaWebConfiguration - spring.jpa.open-in-view is enabled by default. Therefore, database queries may be performed during view rendering. Explicitly configure spring.jpa.open-in-view to disable this warning
2026-05-21 17:50:02.094 INFO  [restartedMain] o.s.b.d.a.OptionalLiveReloadServer - LiveReload server is running on port 35729
2026-05-21 17:50:02.102 INFO  [restartedMain] o.a.coyote.http11.Http11NioProtocol - Starting ProtocolHandler ["http-nio-15000"]
2026-05-21 17:50:02.104 INFO  [restartedMain] o.s.b.w.embedded.tomcat.TomcatWebServer - Tomcat started on port 15000 (http) with context path '/'
2026-05-21 17:50:02.107 INFO  [restartedMain] c.k.a.AlgogaServerApplication - Started AlgogaServerApplication in 0.929 seconds (process running for 316.952)
2026-05-21 17:50:02.108 WARN  [restartedMain] o.s.core.events.SpringDocAppInitializer - SpringDoc /v3/api-docs endpoint is enabled by default. To disable it in production, set the property 'springdoc.api-docs.enabled=false'
2026-05-21 17:50:02.108 WARN  [restartedMain] o.s.core.events.SpringDocAppInitializer - SpringDoc /swagger-ui.html endpoint is enabled by default. To disable it in production, set the property 'springdoc.swagger-ui.enabled=false'
2026-05-21 17:50:02.108 INFO  [restartedMain] o.s.b.d.a.ConditionEvaluationDeltaLoggingListener - Condition evaluation unchanged
2026-05-21 17:50:05.038 INFO  [SpringApplicationShutdownHook] o.s.b.w.e.tomcat.GracefulShutdown - Commencing graceful shutdown. Waiting for active requests to complete
2026-05-21 17:50:05.120 INFO  [tomcat-shutdown] o.s.b.w.e.tomcat.GracefulShutdown - Graceful shutdown complete
2026-05-21 17:50:05.122 INFO  [SpringApplicationShutdownHook] o.s.o.j.LocalContainerEntityManagerFactoryBean - Closing JPA EntityManagerFactory for persistence unit 'default'
2026-05-21 17:50:05.123 INFO  [SpringApplicationShutdownHook] com.zaxxer.hikari.HikariDataSource - HikariPool-5 - Shutdown initiated...
2026-05-21 17:50:05.125 INFO  [SpringApplicationShutdownHook] com.zaxxer.hikari.HikariDataSource - HikariPool-5 - Shutdown completed.
2026-05-21 17:50:07.065 INFO  [background-preinit] o.h.validator.internal.util.Version - HV000001: Hibernate Validator 8.0.3.Final
2026-05-21 17:50:07.118 INFO  [restartedMain] c.k.a.AlgogaServerApplication - Starting AlgogaServerApplication using Java 17.0.18 with PID 30948 (C:\kidmily\algoga_server\build\classes\java\main started by user in C:\kidmily\algoga_server)
2026-05-21 17:50:07.119 INFO  [restartedMain] c.k.a.AlgogaServerApplication - No active profile set, falling back to 1 default profile: "default"
2026-05-21 17:50:07.163 INFO  [restartedMain] o.s.b.d.e.DevToolsPropertyDefaultsPostProcessor - Devtools property defaults active! Set 'spring.devtools.add-properties' to 'false' to disable
2026-05-21 17:50:07.164 INFO  [restartedMain] o.s.b.d.e.DevToolsPropertyDefaultsPostProcessor - For additional web related logging consider setting the 'logging.level.web' property to 'DEBUG'
2026-05-21 17:50:08.191 INFO  [restartedMain] o.s.d.r.c.RepositoryConfigurationDelegate - Bootstrapping Spring Data JPA repositories in DEFAULT mode.
2026-05-21 17:50:08.261 INFO  [restartedMain] o.s.d.r.c.RepositoryConfigurationDelegate - Finished Spring Data repository scanning in 59 ms. Found 1 JPA repository interface.
2026-05-21 17:50:08.896 INFO  [restartedMain] o.s.b.w.embedded.tomcat.TomcatWebServer - Tomcat initialized with port 15000 (http)
2026-05-21 17:50:08.907 INFO  [restartedMain] o.a.coyote.http11.Http11NioProtocol - Initializing ProtocolHandler ["http-nio-15000"]
2026-05-21 17:50:08.909 INFO  [restartedMain] o.apache.catalina.core.StandardService - Starting service [Tomcat]
2026-05-21 17:50:08.909 INFO  [restartedMain] o.apache.catalina.core.StandardEngine - Starting Servlet engine: [Apache Tomcat/10.1.54]
2026-05-21 17:50:08.957 INFO  [restartedMain] o.a.c.c.C.[Tomcat].[localhost].[/] - Initializing Spring embedded WebApplicationContext
2026-05-21 17:50:08.958 INFO  [restartedMain] o.s.b.w.s.c.ServletWebServerApplicationContext - Root WebApplicationContext: initialization completed in 1794 ms
2026-05-21 17:50:09.112 INFO  [restartedMain] o.hibernate.jpa.internal.util.LogHelper - HHH000204: Processing PersistenceUnitInfo [name: default]
2026-05-21 17:50:09.152 INFO  [restartedMain] org.hibernate.Version - HHH000412: Hibernate ORM core version 6.6.49.Final
2026-05-21 17:50:09.182 INFO  [restartedMain] o.h.c.internal.RegionFactoryInitiator - HHH000026: Second-level cache disabled
2026-05-21 17:50:09.414 INFO  [restartedMain] o.s.o.j.p.SpringPersistenceUnitInfo - No LoadTimeWeaver setup: ignoring JPA class transformer
2026-05-21 17:50:09.442 INFO  [restartedMain] com.zaxxer.hikari.HikariDataSource - HikariPool-1 - Starting...
2026-05-21 17:50:09.700 INFO  [restartedMain] com.zaxxer.hikari.pool.HikariPool - HikariPool-1 - Added connection com.mysql.cj.jdbc.ConnectionImpl@2160df5f
2026-05-21 17:50:09.702 INFO  [restartedMain] com.zaxxer.hikari.HikariDataSource - HikariPool-1 - Start completed.
2026-05-21 17:50:09.785 INFO  [restartedMain] org.hibernate.orm.connections.pooling - HHH10001005: Database info:
	Database JDBC URL [Connecting through datasource 'HikariDataSource (HikariPool-1)']
	Database driver: undefined/unknown
	Database version: 8.0.45
	Autocommit mode: undefined/unknown
	Isolation level: undefined/unknown
	Minimum pool size: undefined/unknown
	Maximum pool size: undefined/unknown
2026-05-21 17:50:10.627 INFO  [restartedMain] o.h.e.t.j.p.i.JtaPlatformInitiator - HHH000489: No JTA platform available (set 'hibernate.transaction.jta.platform' to enable JTA platform integration)
2026-05-21 17:50:10.693 INFO  [restartedMain] o.s.o.j.LocalContainerEntityManagerFactoryBean - Initialized JPA EntityManagerFactory for persistence unit 'default'
2026-05-21 17:50:11.227 WARN  [restartedMain] o.s.b.a.o.j.JpaBaseConfiguration$JpaWebConfiguration - spring.jpa.open-in-view is enabled by default. Therefore, database queries may be performed during view rendering. Explicitly configure spring.jpa.open-in-view to disable this warning
2026-05-21 17:50:12.037 INFO  [restartedMain] o.s.b.d.a.OptionalLiveReloadServer - LiveReload server is running on port 35729
2026-05-21 17:50:12.065 INFO  [restartedMain] o.a.coyote.http11.Http11NioProtocol - Starting ProtocolHandler ["http-nio-15000"]
2026-05-21 17:50:12.084 INFO  [restartedMain] o.s.b.w.embedded.tomcat.TomcatWebServer - Tomcat started on port 15000 (http) with context path '/'
2026-05-21 17:50:12.092 INFO  [restartedMain] c.k.a.AlgogaServerApplication - Started AlgogaServerApplication in 5.497 seconds (process running for 6.0)
2026-05-21 17:50:12.095 WARN  [restartedMain] o.s.core.events.SpringDocAppInitializer - SpringDoc /v3/api-docs endpoint is enabled by default. To disable it in production, set the property 'springdoc.api-docs.enabled=false'
2026-05-21 17:50:12.095 WARN  [restartedMain] o.s.core.events.SpringDocAppInitializer - SpringDoc /swagger-ui.html endpoint is enabled by default. To disable it in production, set the property 'springdoc.swagger-ui.enabled=false'
2026-05-21 17:51:12.487 INFO  [File Watcher] o.s.b.d.a.LocalDevToolsAutoConfiguration$RestartingClassPathChangeChangedEventListener - Restarting due to 3 class path changes (0 additions, 0 deletions, 3 modifications)
2026-05-21 17:51:12.489 INFO  [Thread-5] o.s.b.w.e.tomcat.GracefulShutdown - Commencing graceful shutdown. Waiting for active requests to complete
2026-05-21 17:51:12.489 INFO  [tomcat-shutdown] o.a.coyote.http11.Http11NioProtocol - Pausing ProtocolHandler ["http-nio-15000"]
2026-05-21 17:51:12.660 INFO  [tomcat-shutdown] o.s.b.w.e.tomcat.GracefulShutdown - Graceful shutdown complete
2026-05-21 17:51:12.661 INFO  [Thread-5] o.a.coyote.http11.Http11NioProtocol - Stopping ProtocolHandler ["http-nio-15000"]
2026-05-21 17:51:12.664 INFO  [Thread-5] o.s.o.j.LocalContainerEntityManagerFactoryBean - Closing JPA EntityManagerFactory for persistence unit 'default'
2026-05-21 17:51:12.664 INFO  [Thread-5] com.zaxxer.hikari.HikariDataSource - HikariPool-1 - Shutdown initiated...
2026-05-21 17:51:12.678 INFO  [Thread-5] com.zaxxer.hikari.HikariDataSource - HikariPool-1 - Shutdown completed.
2026-05-21 17:51:12.776 INFO  [restartedMain] c.k.a.AlgogaServerApplication - Starting AlgogaServerApplication using Java 17.0.18 with PID 30948 (C:\kidmily\algoga_server\build\classes\java\main started by user in C:\kidmily\algoga_server)
2026-05-21 17:51:12.776 INFO  [restartedMain] c.k.a.AlgogaServerApplication - No active profile set, falling back to 1 default profile: "default"
2026-05-21 17:51:13.043 INFO  [restartedMain] o.s.d.r.c.RepositoryConfigurationDelegate - Bootstrapping Spring Data JPA repositories in DEFAULT mode.
2026-05-21 17:51:13.067 INFO  [restartedMain] o.s.d.r.c.RepositoryConfigurationDelegate - Finished Spring Data repository scanning in 23 ms. Found 1 JPA repository interface.
2026-05-21 17:51:13.193 INFO  [restartedMain] o.s.b.w.embedded.tomcat.TomcatWebServer - Tomcat initialized with port 15000 (http)
2026-05-21 17:51:13.193 INFO  [restartedMain] o.a.coyote.http11.Http11NioProtocol - Initializing ProtocolHandler ["http-nio-15000"]
2026-05-21 17:51:13.193 INFO  [restartedMain] o.apache.catalina.core.StandardService - Starting service [Tomcat]
2026-05-21 17:51:13.193 INFO  [restartedMain] o.apache.catalina.core.StandardEngine - Starting Servlet engine: [Apache Tomcat/10.1.54]
2026-05-21 17:51:13.227 INFO  [restartedMain] o.a.c.c.C.[Tomcat].[localhost].[/] - Initializing Spring embedded WebApplicationContext
2026-05-21 17:51:13.227 INFO  [restartedMain] o.s.b.w.s.c.ServletWebServerApplicationContext - Root WebApplicationContext: initialization completed in 451 ms
2026-05-21 17:51:13.293 INFO  [restartedMain] o.hibernate.jpa.internal.util.LogHelper - HHH000204: Processing PersistenceUnitInfo [name: default]
2026-05-21 17:51:13.293 INFO  [restartedMain] o.h.c.internal.RegionFactoryInitiator - HHH000026: Second-level cache disabled
2026-05-21 17:51:13.310 INFO  [restartedMain] o.s.o.j.p.SpringPersistenceUnitInfo - No LoadTimeWeaver setup: ignoring JPA class transformer
2026-05-21 17:51:13.323 INFO  [restartedMain] com.zaxxer.hikari.HikariDataSource - HikariPool-2 - Starting...
2026-05-21 17:51:13.334 INFO  [restartedMain] com.zaxxer.hikari.pool.HikariPool - HikariPool-2 - Added connection com.mysql.cj.jdbc.ConnectionImpl@bf1c915
2026-05-21 17:51:13.334 INFO  [restartedMain] com.zaxxer.hikari.HikariDataSource - HikariPool-2 - Start completed.
2026-05-21 17:51:13.334 INFO  [restartedMain] org.hibernate.orm.connections.pooling - HHH10001005: Database info:
	Database JDBC URL [Connecting through datasource 'HikariDataSource (HikariPool-2)']
	Database driver: undefined/unknown
	Database version: 8.0.45
	Autocommit mode: undefined/unknown
	Isolation level: undefined/unknown
	Minimum pool size: undefined/unknown
	Maximum pool size: undefined/unknown
2026-05-21 17:51:13.386 INFO  [restartedMain] o.h.e.t.j.p.i.JtaPlatformInitiator - HHH000489: No JTA platform available (set 'hibernate.transaction.jta.platform' to enable JTA platform integration)
2026-05-21 17:51:13.394 INFO  [restartedMain] o.s.o.j.LocalContainerEntityManagerFactoryBean - Initialized JPA EntityManagerFactory for persistence unit 'default'
2026-05-21 17:51:13.597 WARN  [restartedMain] o.s.b.a.o.j.JpaBaseConfiguration$JpaWebConfiguration - spring.jpa.open-in-view is enabled by default. Therefore, database queries may be performed during view rendering. Explicitly configure spring.jpa.open-in-view to disable this warning
2026-05-21 17:51:13.981 INFO  [restartedMain] o.s.b.d.a.OptionalLiveReloadServer - LiveReload server is running on port 35729
2026-05-21 17:51:13.997 INFO  [restartedMain] o.a.coyote.http11.Http11NioProtocol - Starting ProtocolHandler ["http-nio-15000"]
2026-05-21 17:51:14.013 INFO  [restartedMain] o.s.b.w.embedded.tomcat.TomcatWebServer - Tomcat started on port 15000 (http) with context path '/'
2026-05-21 17:51:14.015 INFO  [restartedMain] c.k.a.AlgogaServerApplication - Started AlgogaServerApplication in 1.273 seconds (process running for 67.926)
2026-05-21 17:51:14.015 WARN  [restartedMain] o.s.core.events.SpringDocAppInitializer - SpringDoc /v3/api-docs endpoint is enabled by default. To disable it in production, set the property 'springdoc.api-docs.enabled=false'
2026-05-21 17:51:14.015 WARN  [restartedMain] o.s.core.events.SpringDocAppInitializer - SpringDoc /swagger-ui.html endpoint is enabled by default. To disable it in production, set the property 'springdoc.swagger-ui.enabled=false'
2026-05-21 17:51:14.015 INFO  [restartedMain] o.s.b.d.a.ConditionEvaluationDeltaLoggingListener - Condition evaluation unchanged
2026-05-21 17:51:57.325 INFO  [File Watcher] o.s.b.d.a.LocalDevToolsAutoConfiguration$RestartingClassPathChangeChangedEventListener - Restarting due to 6 class path changes (0 additions, 6 deletions, 0 modifications)
2026-05-21 17:51:57.326 INFO  [Thread-7] o.s.b.w.e.tomcat.GracefulShutdown - Commencing graceful shutdown. Waiting for active requests to complete
2026-05-21 17:51:57.327 INFO  [tomcat-shutdown] o.a.coyote.http11.Http11NioProtocol - Pausing ProtocolHandler ["http-nio-15000"]
2026-05-21 17:51:57.480 INFO  [tomcat-shutdown] o.s.b.w.e.tomcat.GracefulShutdown - Graceful shutdown complete
2026-05-21 17:51:57.480 INFO  [Thread-7] o.a.coyote.http11.Http11NioProtocol - Stopping ProtocolHandler ["http-nio-15000"]
2026-05-21 17:51:57.480 INFO  [Thread-7] o.s.o.j.LocalContainerEntityManagerFactoryBean - Closing JPA EntityManagerFactory for persistence unit 'default'
2026-05-21 17:51:57.480 INFO  [Thread-7] com.zaxxer.hikari.HikariDataSource - HikariPool-2 - Shutdown initiated...
2026-05-21 17:51:57.480 INFO  [Thread-7] com.zaxxer.hikari.HikariDataSource - HikariPool-2 - Shutdown completed.
2026-05-21 17:51:57.597 INFO  [restartedMain] c.k.a.AlgogaServerApplication - Starting AlgogaServerApplication using Java 17.0.18 with PID 30948 (C:\kidmily\algoga_server\build\classes\java\main started by user in C:\kidmily\algoga_server)
2026-05-21 17:51:57.597 INFO  [restartedMain] c.k.a.AlgogaServerApplication - No active profile set, falling back to 1 default profile: "default"
2026-05-21 17:51:57.614 WARN  [restartedMain] o.s.b.w.s.c.AnnotationConfigServletWebServerApplicationContext - Exception encountered during context initialization - cancelling refresh attempt: org.springframework.beans.factory.BeanDefinitionStoreException: Failed to read candidate component class: file [C:\kidmily\algoga_server\build\classes\java\main\com\kidmily\algoga_server\example\application\service\ExampleCommandService.class]
2026-05-21 17:51:57.647 ERROR [restartedMain] o.s.boot.SpringApplication - Application run failed
org.springframework.beans.factory.BeanDefinitionStoreException: Failed to read candidate component class: file [C:\kidmily\algoga_server\build\classes\java\main\com\kidmily\algoga_server\example\application\service\ExampleCommandService.class]
	at org.springframework.context.annotation.ClassPathScanningCandidateComponentProvider.scanCandidateComponents(ClassPathScanningCandidateComponentProvider.java:509)
	at org.springframework.context.annotation.ClassPathScanningCandidateComponentProvider.findCandidateComponents(ClassPathScanningCandidateComponentProvider.java:350)
	at org.springframework.context.annotation.ClassPathBeanDefinitionScanner.doScan(ClassPathBeanDefinitionScanner.java:277)
	at org.springframework.context.annotation.ComponentScanAnnotationParser.parse(ComponentScanAnnotationParser.java:128)
	at org.springframework.context.annotation.ConfigurationClassParser.doProcessConfigurationClass(ConfigurationClassParser.java:346)
	at org.springframework.context.annotation.ConfigurationClassParser.processConfigurationClass(ConfigurationClassParser.java:281)
	at org.springframework.context.annotation.ConfigurationClassParser.parse(ConfigurationClassParser.java:204)
	at org.springframework.context.annotation.ConfigurationClassParser.parse(ConfigurationClassParser.java:172)
	at org.springframework.context.annotation.ConfigurationClassPostProcessor.processConfigBeanDefinitions(ConfigurationClassPostProcessor.java:418)
	at org.springframework.context.annotation.ConfigurationClassPostProcessor.postProcessBeanDefinitionRegistry(ConfigurationClassPostProcessor.java:290)
	at org.springframework.context.support.PostProcessorRegistrationDelegate.invokeBeanDefinitionRegistryPostProcessors(PostProcessorRegistrationDelegate.java:349)
	at org.springframework.context.support.PostProcessorRegistrationDelegate.invokeBeanFactoryPostProcessors(PostProcessorRegistrationDelegate.java:118)
	at org.springframework.context.support.AbstractApplicationContext.invokeBeanFactoryPostProcessors(AbstractApplicationContext.java:792)
	at org.springframework.context.support.AbstractApplicationContext.refresh(AbstractApplicationContext.java:610)
	at org.springframework.boot.web.servlet.context.ServletWebServerApplicationContext.refresh(ServletWebServerApplicationContext.java:146)
	at org.springframework.boot.SpringApplication.refresh(SpringApplication.java:752)
	at org.springframework.boot.SpringApplication.refreshContext(SpringApplication.java:439)
	at org.springframework.boot.SpringApplication.run(SpringApplication.java:318)
	at org.springframework.boot.SpringApplication.run(SpringApplication.java:1361)
	at org.springframework.boot.SpringApplication.run(SpringApplication.java:1350)
	at com.kidmily.algoga_server.AlgogaServerApplication.main(AlgogaServerApplication.java:10)
	at java.base/jdk.internal.reflect.NativeMethodAccessorImpl.invoke0(Native Method)
	at java.base/jdk.internal.reflect.NativeMethodAccessorImpl.invoke(NativeMethodAccessorImpl.java:77)
	at java.base/jdk.internal.reflect.DelegatingMethodAccessorImpl.invoke(DelegatingMethodAccessorImpl.java:43)
	at java.base/java.lang.reflect.Method.invoke(Method.java:569)
	at org.springframework.boot.devtools.restart.RestartLauncher.run(RestartLauncher.java:50)
Caused by: java.lang.ArrayIndexOutOfBoundsException: Index 8 out of bounds for length 0
	at org.springframework.asm.ClassReader.readUnsignedShort(ClassReader.java:3637)
	at org.springframework.asm.ClassReader.<init>(ClassReader.java:208)
	at org.springframework.asm.ClassReader.<init>(ClassReader.java:180)
	at org.springframework.asm.ClassReader.<init>(ClassReader.java:166)
	at org.springframework.asm.ClassReader.<init>(ClassReader.java:292)
	at org.springframework.core.type.classreading.SimpleMetadataReader.getClassReader(SimpleMetadataReader.java:56)
	at org.springframework.core.type.classreading.SimpleMetadataReader.<init>(SimpleMetadataReader.java:48)
	at org.springframework.core.type.classreading.SimpleMetadataReaderFactory.getMetadataReader(SimpleMetadataReaderFactory.java:103)
	at org.springframework.core.type.classreading.CachingMetadataReaderFactory.getMetadataReader(CachingMetadataReaderFactory.java:122)
	at org.springframework.context.annotation.ClassPathScanningCandidateComponentProvider.scanCandidateComponents(ClassPathScanningCandidateComponentProvider.java:469)
	... 25 common frames omitted
2026-05-21 17:51:59.146 INFO  [restartedMain] c.k.a.AlgogaServerApplication - Starting AlgogaServerApplication using Java 17.0.18 with PID 30948 (C:\kidmily\algoga_server\build\classes\java\main started by user in C:\kidmily\algoga_server)
2026-05-21 17:51:59.146 INFO  [restartedMain] c.k.a.AlgogaServerApplication - No active profile set, falling back to 1 default profile: "default"
2026-05-21 17:51:59.397 INFO  [restartedMain] o.s.d.r.c.RepositoryConfigurationDelegate - Bootstrapping Spring Data JPA repositories in DEFAULT mode.
2026-05-21 17:51:59.421 INFO  [restartedMain] o.s.d.r.c.RepositoryConfigurationDelegate - Finished Spring Data repository scanning in 18 ms. Found 1 JPA repository interface.
2026-05-21 17:51:59.580 INFO  [restartedMain] o.s.b.w.embedded.tomcat.TomcatWebServer - Tomcat initialized with port 15000 (http)
2026-05-21 17:51:59.581 INFO  [restartedMain] o.a.coyote.http11.Http11NioProtocol - Initializing ProtocolHandler ["http-nio-15000"]
2026-05-21 17:51:59.581 INFO  [restartedMain] o.apache.catalina.core.StandardService - Starting service [Tomcat]
2026-05-21 17:51:59.581 INFO  [restartedMain] o.apache.catalina.core.StandardEngine - Starting Servlet engine: [Apache Tomcat/10.1.54]
2026-05-21 17:51:59.597 INFO  [restartedMain] o.a.c.c.C.[Tomcat].[localhost].[/] - Initializing Spring embedded WebApplicationContext
2026-05-21 17:51:59.597 INFO  [restartedMain] o.s.b.w.s.c.ServletWebServerApplicationContext - Root WebApplicationContext: initialization completed in 450 ms
2026-05-21 17:51:59.664 INFO  [restartedMain] o.hibernate.jpa.internal.util.LogHelper - HHH000204: Processing PersistenceUnitInfo [name: default]
2026-05-21 17:51:59.664 INFO  [restartedMain] o.h.c.internal.RegionFactoryInitiator - HHH000026: Second-level cache disabled
2026-05-21 17:51:59.680 INFO  [restartedMain] o.s.o.j.p.SpringPersistenceUnitInfo - No LoadTimeWeaver setup: ignoring JPA class transformer
2026-05-21 17:51:59.680 INFO  [restartedMain] com.zaxxer.hikari.HikariDataSource - HikariPool-3 - Starting...
2026-05-21 17:51:59.695 INFO  [restartedMain] com.zaxxer.hikari.pool.HikariPool - HikariPool-3 - Added connection com.mysql.cj.jdbc.ConnectionImpl@2e0b51d8
2026-05-21 17:51:59.695 INFO  [restartedMain] com.zaxxer.hikari.HikariDataSource - HikariPool-3 - Start completed.
2026-05-21 17:51:59.696 INFO  [restartedMain] org.hibernate.orm.connections.pooling - HHH10001005: Database info:
	Database JDBC URL [Connecting through datasource 'HikariDataSource (HikariPool-3)']
	Database driver: undefined/unknown
	Database version: 8.0.45
	Autocommit mode: undefined/unknown
	Isolation level: undefined/unknown
	Minimum pool size: undefined/unknown
	Maximum pool size: undefined/unknown
2026-05-21 17:51:59.730 INFO  [restartedMain] o.h.e.t.j.p.i.JtaPlatformInitiator - HHH000489: No JTA platform available (set 'hibernate.transaction.jta.platform' to enable JTA platform integration)
2026-05-21 17:51:59.747 INFO  [restartedMain] o.s.o.j.LocalContainerEntityManagerFactoryBean - Initialized JPA EntityManagerFactory for persistence unit 'default'
2026-05-21 17:51:59.922 WARN  [restartedMain] o.s.b.a.o.j.JpaBaseConfiguration$JpaWebConfiguration - spring.jpa.open-in-view is enabled by default. Therefore, database queries may be performed during view rendering. Explicitly configure spring.jpa.open-in-view to disable this warning
2026-05-21 17:52:00.301 INFO  [restartedMain] o.s.b.d.a.OptionalLiveReloadServer - LiveReload server is running on port 35729
2026-05-21 17:52:00.316 INFO  [restartedMain] o.a.coyote.http11.Http11NioProtocol - Starting ProtocolHandler ["http-nio-15000"]
2026-05-21 17:52:00.320 INFO  [restartedMain] o.s.b.w.embedded.tomcat.TomcatWebServer - Tomcat started on port 15000 (http) with context path '/'
2026-05-21 17:52:00.322 INFO  [restartedMain] c.k.a.AlgogaServerApplication - Started AlgogaServerApplication in 1.21 seconds (process running for 114.234)
2026-05-21 17:52:00.322 WARN  [restartedMain] o.s.core.events.SpringDocAppInitializer - SpringDoc /v3/api-docs endpoint is enabled by default. To disable it in production, set the property 'springdoc.api-docs.enabled=false'
2026-05-21 17:52:00.322 WARN  [restartedMain] o.s.core.events.SpringDocAppInitializer - SpringDoc /swagger-ui.html endpoint is enabled by default. To disable it in production, set the property 'springdoc.swagger-ui.enabled=false'
2026-05-21 17:52:00.322 INFO  [restartedMain] o.s.b.d.a.ConditionEvaluationDeltaLoggingListener - Condition evaluation unchanged
2026-05-21 17:52:59.457 INFO  [SpringApplicationShutdownHook] o.s.b.w.e.tomcat.GracefulShutdown - Commencing graceful shutdown. Waiting for active requests to complete
2026-05-21 17:52:59.539 INFO  [tomcat-shutdown] o.s.b.w.e.tomcat.GracefulShutdown - Graceful shutdown complete
2026-05-21 17:52:59.541 INFO  [SpringApplicationShutdownHook] o.s.o.j.LocalContainerEntityManagerFactoryBean - Closing JPA EntityManagerFactory for persistence unit 'default'
2026-05-21 17:52:59.542 INFO  [SpringApplicationShutdownHook] com.zaxxer.hikari.HikariDataSource - HikariPool-3 - Shutdown initiated...
2026-05-21 17:52:59.545 INFO  [SpringApplicationShutdownHook] com.zaxxer.hikari.HikariDataSource - HikariPool-3 - Shutdown completed.
2026-05-21 17:56:05.458 INFO  [background-preinit] o.h.validator.internal.util.Version - HV000001: Hibernate Validator 8.0.3.Final
2026-05-21 17:56:05.511 INFO  [restartedMain] c.k.a.AlgogaServerApplication - Starting AlgogaServerApplication using Java 17.0.18 with PID 27056 (C:\kidmily\algoga_server\build\classes\java\main started by user in C:\kidmily\algoga_server)
2026-05-21 17:56:05.512 INFO  [restartedMain] c.k.a.AlgogaServerApplication - No active profile set, falling back to 1 default profile: "default"
2026-05-21 17:56:05.556 INFO  [restartedMain] o.s.b.d.e.DevToolsPropertyDefaultsPostProcessor - Devtools property defaults active! Set 'spring.devtools.add-properties' to 'false' to disable
2026-05-21 17:56:05.557 INFO  [restartedMain] o.s.b.d.e.DevToolsPropertyDefaultsPostProcessor - For additional web related logging consider setting the 'logging.level.web' property to 'DEBUG'
2026-05-21 17:56:06.418 INFO  [restartedMain] o.s.d.r.c.RepositoryConfigurationDelegate - Bootstrapping Spring Data JPA repositories in DEFAULT mode.
2026-05-21 17:56:06.489 INFO  [restartedMain] o.s.d.r.c.RepositoryConfigurationDelegate - Finished Spring Data repository scanning in 61 ms. Found 1 JPA repository interface.
2026-05-21 17:56:07.211 INFO  [restartedMain] o.s.b.w.embedded.tomcat.TomcatWebServer - Tomcat initialized with port 15000 (http)
2026-05-21 17:56:07.226 INFO  [restartedMain] o.a.coyote.http11.Http11NioProtocol - Initializing ProtocolHandler ["http-nio-15000"]
2026-05-21 17:56:07.228 INFO  [restartedMain] o.apache.catalina.core.StandardService - Starting service [Tomcat]
2026-05-21 17:56:07.228 INFO  [restartedMain] o.apache.catalina.core.StandardEngine - Starting Servlet engine: [Apache Tomcat/10.1.54]
2026-05-21 17:56:07.293 INFO  [restartedMain] o.a.c.c.C.[Tomcat].[localhost].[/] - Initializing Spring embedded WebApplicationContext
2026-05-21 17:56:07.294 INFO  [restartedMain] o.s.b.w.s.c.ServletWebServerApplicationContext - Root WebApplicationContext: initialization completed in 1737 ms
2026-05-21 17:56:07.494 INFO  [restartedMain] o.hibernate.jpa.internal.util.LogHelper - HHH000204: Processing PersistenceUnitInfo [name: default]
2026-05-21 17:56:07.533 INFO  [restartedMain] org.hibernate.Version - HHH000412: Hibernate ORM core version 6.6.49.Final
2026-05-21 17:56:07.557 INFO  [restartedMain] o.h.c.internal.RegionFactoryInitiator - HHH000026: Second-level cache disabled
2026-05-21 17:56:07.769 INFO  [restartedMain] o.s.o.j.p.SpringPersistenceUnitInfo - No LoadTimeWeaver setup: ignoring JPA class transformer
2026-05-21 17:56:07.794 INFO  [restartedMain] com.zaxxer.hikari.HikariDataSource - HikariPool-1 - Starting...
2026-05-21 17:56:08.008 INFO  [restartedMain] com.zaxxer.hikari.pool.HikariPool - HikariPool-1 - Added connection com.mysql.cj.jdbc.ConnectionImpl@2caa2918
2026-05-21 17:56:08.010 INFO  [restartedMain] com.zaxxer.hikari.HikariDataSource - HikariPool-1 - Start completed.
2026-05-21 17:56:08.077 INFO  [restartedMain] org.hibernate.orm.connections.pooling - HHH10001005: Database info:
	Database JDBC URL [Connecting through datasource 'HikariDataSource (HikariPool-1)']
	Database driver: undefined/unknown
	Database version: 8.0.45
	Autocommit mode: undefined/unknown
	Isolation level: undefined/unknown
	Minimum pool size: undefined/unknown
	Maximum pool size: undefined/unknown
2026-05-21 17:56:08.713 INFO  [restartedMain] o.h.e.t.j.p.i.JtaPlatformInitiator - HHH000489: No JTA platform available (set 'hibernate.transaction.jta.platform' to enable JTA platform integration)
2026-05-21 17:56:08.766 INFO  [restartedMain] o.s.o.j.LocalContainerEntityManagerFactoryBean - Initialized JPA EntityManagerFactory for persistence unit 'default'
2026-05-21 17:56:09.092 WARN  [restartedMain] o.s.b.a.o.j.JpaBaseConfiguration$JpaWebConfiguration - spring.jpa.open-in-view is enabled by default. Therefore, database queries may be performed during view rendering. Explicitly configure spring.jpa.open-in-view to disable this warning
2026-05-21 17:56:09.765 INFO  [restartedMain] o.s.b.d.a.OptionalLiveReloadServer - LiveReload server is running on port 35729
2026-05-21 17:56:09.798 INFO  [restartedMain] o.a.coyote.http11.Http11NioProtocol - Starting ProtocolHandler ["http-nio-15000"]
2026-05-21 17:56:09.821 INFO  [restartedMain] o.s.b.w.embedded.tomcat.TomcatWebServer - Tomcat started on port 15000 (http) with context path '/'
2026-05-21 17:56:09.832 INFO  [restartedMain] c.k.a.AlgogaServerApplication - Started AlgogaServerApplication in 4.882 seconds (process running for 5.409)
2026-05-21 17:56:09.835 WARN  [restartedMain] o.s.core.events.SpringDocAppInitializer - SpringDoc /v3/api-docs endpoint is enabled by default. To disable it in production, set the property 'springdoc.api-docs.enabled=false'
2026-05-21 17:56:09.835 WARN  [restartedMain] o.s.core.events.SpringDocAppInitializer - SpringDoc /swagger-ui.html endpoint is enabled by default. To disable it in production, set the property 'springdoc.swagger-ui.enabled=false'
2026-05-21 17:56:18.363 INFO  [http-nio-15000-exec-1] o.a.c.c.C.[Tomcat].[localhost].[/] - Initializing Spring DispatcherServlet 'dispatcherServlet'
2026-05-21 17:56:18.363 INFO  [http-nio-15000-exec-1] o.s.web.servlet.DispatcherServlet - Initializing Servlet 'dispatcherServlet'
2026-05-21 17:56:18.363 INFO  [http-nio-15000-exec-1] o.s.web.servlet.DispatcherServlet - Completed initialization in 0 ms
2026-05-21 17:56:18.930 INFO  [http-nio-15000-exec-9] o.springdoc.api.AbstractOpenApiResource - Init duration for springdoc-openapi is: 269 ms
2026-05-21 17:58:51.256 INFO  [SpringApplicationShutdownHook] o.s.b.w.e.tomcat.GracefulShutdown - Commencing graceful shutdown. Waiting for active requests to complete
2026-05-21 17:58:51.338 INFO  [tomcat-shutdown] o.s.b.w.e.tomcat.GracefulShutdown - Graceful shutdown complete
2026-05-21 17:58:51.342 INFO  [SpringApplicationShutdownHook] o.s.o.j.LocalContainerEntityManagerFactoryBean - Closing JPA EntityManagerFactory for persistence unit 'default'
2026-05-21 17:58:51.345 INFO  [SpringApplicationShutdownHook] com.zaxxer.hikari.HikariDataSource - HikariPool-1 - Shutdown initiated...
2026-05-21 17:58:51.352 INFO  [SpringApplicationShutdownHook] com.zaxxer.hikari.HikariDataSource - HikariPool-1 - Shutdown completed.
2026-05-21 17:58:53.388 INFO  [background-preinit] o.h.validator.internal.util.Version - HV000001: Hibernate Validator 8.0.3.Final
2026-05-21 17:58:53.445 INFO  [restartedMain] c.k.a.AlgogaServerApplication - Starting AlgogaServerApplication using Java 17.0.18 with PID 9172 (C:\kidmily\algoga_server\build\classes\java\main started by user in C:\kidmily\algoga_server)
2026-05-21 17:58:53.446 INFO  [restartedMain] c.k.a.AlgogaServerApplication - No active profile set, falling back to 1 default profile: "default"
2026-05-21 17:58:53.493 INFO  [restartedMain] o.s.b.d.e.DevToolsPropertyDefaultsPostProcessor - Devtools property defaults active! Set 'spring.devtools.add-properties' to 'false' to disable
2026-05-21 17:58:53.494 INFO  [restartedMain] o.s.b.d.e.DevToolsPropertyDefaultsPostProcessor - For additional web related logging consider setting the 'logging.level.web' property to 'DEBUG'
2026-05-21 17:58:54.273 INFO  [restartedMain] o.s.d.r.c.RepositoryConfigurationDelegate - Bootstrapping Spring Data JPA repositories in DEFAULT mode.
2026-05-21 17:58:54.334 INFO  [restartedMain] o.s.d.r.c.RepositoryConfigurationDelegate - Finished Spring Data repository scanning in 52 ms. Found 1 JPA repository interface.
2026-05-21 17:58:54.972 INFO  [restartedMain] o.s.b.w.embedded.tomcat.TomcatWebServer - Tomcat initialized with port 15000 (http)
2026-05-21 17:58:54.982 INFO  [restartedMain] o.a.coyote.http11.Http11NioProtocol - Initializing ProtocolHandler ["http-nio-15000"]
2026-05-21 17:58:54.984 INFO  [restartedMain] o.apache.catalina.core.StandardService - Starting service [Tomcat]
2026-05-21 17:58:54.984 INFO  [restartedMain] o.apache.catalina.core.StandardEngine - Starting Servlet engine: [Apache Tomcat/10.1.54]
2026-05-21 17:58:55.032 INFO  [restartedMain] o.a.c.c.C.[Tomcat].[localhost].[/] - Initializing Spring embedded WebApplicationContext
2026-05-21 17:58:55.033 INFO  [restartedMain] o.s.b.w.s.c.ServletWebServerApplicationContext - Root WebApplicationContext: initialization completed in 1538 ms
2026-05-21 17:58:55.179 INFO  [restartedMain] o.hibernate.jpa.internal.util.LogHelper - HHH000204: Processing PersistenceUnitInfo [name: default]
2026-05-21 17:58:55.224 INFO  [restartedMain] org.hibernate.Version - HHH000412: Hibernate ORM core version 6.6.49.Final
2026-05-21 17:58:55.250 INFO  [restartedMain] o.h.c.internal.RegionFactoryInitiator - HHH000026: Second-level cache disabled
2026-05-21 17:58:55.473 INFO  [restartedMain] o.s.o.j.p.SpringPersistenceUnitInfo - No LoadTimeWeaver setup: ignoring JPA class transformer
2026-05-21 17:58:55.496 INFO  [restartedMain] com.zaxxer.hikari.HikariDataSource - HikariPool-1 - Starting...
2026-05-21 17:58:55.750 INFO  [restartedMain] com.zaxxer.hikari.pool.HikariPool - HikariPool-1 - Added connection com.mysql.cj.jdbc.ConnectionImpl@7a377bc7
2026-05-21 17:58:55.752 INFO  [restartedMain] com.zaxxer.hikari.HikariDataSource - HikariPool-1 - Start completed.
2026-05-21 17:58:55.831 INFO  [restartedMain] org.hibernate.orm.connections.pooling - HHH10001005: Database info:
	Database JDBC URL [Connecting through datasource 'HikariDataSource (HikariPool-1)']
	Database driver: undefined/unknown
	Database version: 8.0.45
	Autocommit mode: undefined/unknown
	Isolation level: undefined/unknown
	Minimum pool size: undefined/unknown
	Maximum pool size: undefined/unknown
2026-05-21 17:58:56.693 INFO  [restartedMain] o.h.e.t.j.p.i.JtaPlatformInitiator - HHH000489: No JTA platform available (set 'hibernate.transaction.jta.platform' to enable JTA platform integration)
2026-05-21 17:58:56.776 INFO  [restartedMain] o.s.o.j.LocalContainerEntityManagerFactoryBean - Initialized JPA EntityManagerFactory for persistence unit 'default'
2026-05-21 17:58:57.195 WARN  [restartedMain] o.s.b.a.o.j.JpaBaseConfiguration$JpaWebConfiguration - spring.jpa.open-in-view is enabled by default. Therefore, database queries may be performed during view rendering. Explicitly configure spring.jpa.open-in-view to disable this warning
2026-05-21 17:58:57.876 INFO  [restartedMain] o.s.b.d.a.OptionalLiveReloadServer - LiveReload server is running on port 35729
2026-05-21 17:58:57.899 INFO  [restartedMain] o.a.coyote.http11.Http11NioProtocol - Starting ProtocolHandler ["http-nio-15000"]
2026-05-21 17:58:57.916 INFO  [restartedMain] o.s.b.w.embedded.tomcat.TomcatWebServer - Tomcat started on port 15000 (http) with context path '/'
2026-05-21 17:58:57.924 INFO  [restartedMain] c.k.a.AlgogaServerApplication - Started AlgogaServerApplication in 5.067 seconds (process running for 5.528)
2026-05-21 17:58:57.927 WARN  [restartedMain] o.s.core.events.SpringDocAppInitializer - SpringDoc /v3/api-docs endpoint is enabled by default. To disable it in production, set the property 'springdoc.api-docs.enabled=false'
2026-05-21 17:58:57.927 WARN  [restartedMain] o.s.core.events.SpringDocAppInitializer - SpringDoc /swagger-ui.html endpoint is enabled by default. To disable it in production, set the property 'springdoc.swagger-ui.enabled=false'
2026-05-21 17:59:02.188 INFO  [http-nio-15000-exec-1] o.a.c.c.C.[Tomcat].[localhost].[/] - Initializing Spring DispatcherServlet 'dispatcherServlet'
2026-05-21 17:59:02.188 INFO  [http-nio-15000-exec-1] o.s.web.servlet.DispatcherServlet - Initializing Servlet 'dispatcherServlet'
2026-05-21 17:59:02.188 INFO  [http-nio-15000-exec-1] o.s.web.servlet.DispatcherServlet - Completed initialization in 0 ms
2026-05-21 17:59:02.737 INFO  [http-nio-15000-exec-9] o.springdoc.api.AbstractOpenApiResource - Init duration for springdoc-openapi is: 278 ms
2026-05-21 18:02:03.524 INFO  [File Watcher] o.s.b.d.a.LocalDevToolsAutoConfiguration$RestartingClassPathChangeChangedEventListener - Restarting due to 1 class path change (0 additions, 0 deletions, 1 modification)
2026-05-21 18:02:03.525 INFO  [Thread-5] o.s.b.w.e.tomcat.GracefulShutdown - Commencing graceful shutdown. Waiting for active requests to complete
2026-05-21 18:02:03.525 INFO  [tomcat-shutdown] o.a.coyote.http11.Http11NioProtocol - Pausing ProtocolHandler ["http-nio-15000"]
2026-05-21 18:02:03.703 INFO  [tomcat-shutdown] o.s.b.w.e.tomcat.GracefulShutdown - Graceful shutdown complete
2026-05-21 18:02:03.704 INFO  [Thread-5] o.a.coyote.http11.Http11NioProtocol - Stopping ProtocolHandler ["http-nio-15000"]
2026-05-21 18:02:03.708 INFO  [Thread-5] o.s.o.j.LocalContainerEntityManagerFactoryBean - Closing JPA EntityManagerFactory for persistence unit 'default'
2026-05-21 18:02:03.712 INFO  [Thread-5] com.zaxxer.hikari.HikariDataSource - HikariPool-1 - Shutdown initiated...
2026-05-21 18:02:03.720 INFO  [Thread-5] com.zaxxer.hikari.HikariDataSource - HikariPool-1 - Shutdown completed.
2026-05-21 18:02:03.841 INFO  [restartedMain] c.k.a.AlgogaServerApplication - Starting AlgogaServerApplication using Java 17.0.18 with PID 9172 (C:\kidmily\algoga_server\build\classes\java\main started by user in C:\kidmily\algoga_server)
2026-05-21 18:02:03.841 INFO  [restartedMain] c.k.a.AlgogaServerApplication - No active profile set, falling back to 1 default profile: "default"
2026-05-21 18:02:04.178 INFO  [restartedMain] o.s.d.r.c.RepositoryConfigurationDelegate - Bootstrapping Spring Data JPA repositories in DEFAULT mode.
2026-05-21 18:02:04.206 INFO  [restartedMain] o.s.d.r.c.RepositoryConfigurationDelegate - Finished Spring Data repository scanning in 22 ms. Found 1 JPA repository interface.
2026-05-21 18:02:04.340 INFO  [restartedMain] o.s.b.w.embedded.tomcat.TomcatWebServer - Tomcat initialized with port 15000 (http)
2026-05-21 18:02:04.341 INFO  [restartedMain] o.a.coyote.http11.Http11NioProtocol - Initializing ProtocolHandler ["http-nio-15000"]
2026-05-21 18:02:04.341 INFO  [restartedMain] o.apache.catalina.core.StandardService - Starting service [Tomcat]
2026-05-21 18:02:04.341 INFO  [restartedMain] o.apache.catalina.core.StandardEngine - Starting Servlet engine: [Apache Tomcat/10.1.54]
2026-05-21 18:02:04.369 INFO  [restartedMain] o.a.c.c.C.[Tomcat].[localhost].[/] - Initializing Spring embedded WebApplicationContext
2026-05-21 18:02:04.370 INFO  [restartedMain] o.s.b.w.s.c.ServletWebServerApplicationContext - Root WebApplicationContext: initialization completed in 529 ms
2026-05-21 18:02:04.432 INFO  [restartedMain] o.hibernate.jpa.internal.util.LogHelper - HHH000204: Processing PersistenceUnitInfo [name: default]
2026-05-21 18:02:04.432 INFO  [restartedMain] o.h.c.internal.RegionFactoryInitiator - HHH000026: Second-level cache disabled
2026-05-21 18:02:04.461 INFO  [restartedMain] o.s.o.j.p.SpringPersistenceUnitInfo - No LoadTimeWeaver setup: ignoring JPA class transformer
2026-05-21 18:02:04.463 INFO  [restartedMain] com.zaxxer.hikari.HikariDataSource - HikariPool-2 - Starting...
2026-05-21 18:02:04.479 INFO  [restartedMain] com.zaxxer.hikari.pool.HikariPool - HikariPool-2 - Added connection com.mysql.cj.jdbc.ConnectionImpl@68dc5d25
2026-05-21 18:02:04.480 INFO  [restartedMain] com.zaxxer.hikari.HikariDataSource - HikariPool-2 - Start completed.
2026-05-21 18:02:04.482 INFO  [restartedMain] org.hibernate.orm.connections.pooling - HHH10001005: Database info:
	Database JDBC URL [Connecting through datasource 'HikariDataSource (HikariPool-2)']
	Database driver: undefined/unknown
	Database version: 8.0.45
	Autocommit mode: undefined/unknown
	Isolation level: undefined/unknown
	Minimum pool size: undefined/unknown
	Maximum pool size: undefined/unknown
2026-05-21 18:02:04.532 INFO  [restartedMain] o.h.e.t.j.p.i.JtaPlatformInitiator - HHH000489: No JTA platform available (set 'hibernate.transaction.jta.platform' to enable JTA platform integration)
2026-05-21 18:02:04.532 INFO  [restartedMain] o.s.o.j.LocalContainerEntityManagerFactoryBean - Initialized JPA EntityManagerFactory for persistence unit 'default'
2026-05-21 18:02:04.712 WARN  [restartedMain] o.s.b.a.o.j.JpaBaseConfiguration$JpaWebConfiguration - spring.jpa.open-in-view is enabled by default. Therefore, database queries may be performed during view rendering. Explicitly configure spring.jpa.open-in-view to disable this warning
2026-05-21 18:02:05.104 INFO  [restartedMain] o.s.b.d.a.OptionalLiveReloadServer - LiveReload server is running on port 35729
2026-05-21 18:02:05.121 INFO  [restartedMain] o.a.coyote.http11.Http11NioProtocol - Starting ProtocolHandler ["http-nio-15000"]
2026-05-21 18:02:05.121 INFO  [restartedMain] o.s.b.w.embedded.tomcat.TomcatWebServer - Tomcat started on port 15000 (http) with context path '/'
2026-05-21 18:02:05.121 INFO  [restartedMain] c.k.a.AlgogaServerApplication - Started AlgogaServerApplication in 1.324 seconds (process running for 192.737)
2026-05-21 18:02:05.121 WARN  [restartedMain] o.s.core.events.SpringDocAppInitializer - SpringDoc /v3/api-docs endpoint is enabled by default. To disable it in production, set the property 'springdoc.api-docs.enabled=false'
2026-05-21 18:02:05.121 WARN  [restartedMain] o.s.core.events.SpringDocAppInitializer - SpringDoc /swagger-ui.html endpoint is enabled by default. To disable it in production, set the property 'springdoc.swagger-ui.enabled=false'
2026-05-21 18:02:05.137 INFO  [restartedMain] o.s.b.d.a.ConditionEvaluationDeltaLoggingListener - Condition evaluation unchanged
2026-05-21 18:03:46.900 INFO  [SpringApplicationShutdownHook] o.s.b.w.e.tomcat.GracefulShutdown - Commencing graceful shutdown. Waiting for active requests to complete
2026-05-21 18:03:47.048 INFO  [tomcat-shutdown] o.s.b.w.e.tomcat.GracefulShutdown - Graceful shutdown complete
2026-05-21 18:03:47.052 INFO  [SpringApplicationShutdownHook] o.s.o.j.LocalContainerEntityManagerFactoryBean - Closing JPA EntityManagerFactory for persistence unit 'default'
2026-05-21 18:03:47.052 INFO  [SpringApplicationShutdownHook] com.zaxxer.hikari.HikariDataSource - HikariPool-2 - Shutdown initiated...
2026-05-21 18:03:47.057 INFO  [SpringApplicationShutdownHook] com.zaxxer.hikari.HikariDataSource - HikariPool-2 - Shutdown completed.
2026-05-21 18:04:07.507 INFO  [background-preinit] o.h.validator.internal.util.Version - HV000001: Hibernate Validator 8.0.3.Final
2026-05-21 18:04:07.549 INFO  [restartedMain] c.k.a.AlgogaServerApplication - Starting AlgogaServerApplication using Java 17.0.18 with PID 25032 (C:\kidmily\algoga_server\build\classes\java\main started by user in C:\kidmily\algoga_server)
2026-05-21 18:04:07.549 INFO  [restartedMain] c.k.a.AlgogaServerApplication - No active profile set, falling back to 1 default profile: "default"
2026-05-21 18:04:07.585 INFO  [restartedMain] o.s.b.d.e.DevToolsPropertyDefaultsPostProcessor - Devtools property defaults active! Set 'spring.devtools.add-properties' to 'false' to disable
2026-05-21 18:04:07.585 INFO  [restartedMain] o.s.b.d.e.DevToolsPropertyDefaultsPostProcessor - For additional web related logging consider setting the 'logging.level.web' property to 'DEBUG'
2026-05-21 18:04:08.302 INFO  [restartedMain] o.s.d.r.c.RepositoryConfigurationDelegate - Bootstrapping Spring Data JPA repositories in DEFAULT mode.
2026-05-21 18:04:08.358 INFO  [restartedMain] o.s.d.r.c.RepositoryConfigurationDelegate - Finished Spring Data repository scanning in 48 ms. Found 1 JPA repository interface.
2026-05-21 18:04:08.902 INFO  [restartedMain] o.s.b.w.embedded.tomcat.TomcatWebServer - Tomcat initialized with port 15000 (http)
2026-05-21 18:04:08.911 INFO  [restartedMain] o.a.coyote.http11.Http11NioProtocol - Initializing ProtocolHandler ["http-nio-15000"]
2026-05-21 18:04:08.912 INFO  [restartedMain] o.apache.catalina.core.StandardService - Starting service [Tomcat]
2026-05-21 18:04:08.913 INFO  [restartedMain] o.apache.catalina.core.StandardEngine - Starting Servlet engine: [Apache Tomcat/10.1.54]
2026-05-21 18:04:08.953 INFO  [restartedMain] o.a.c.c.C.[Tomcat].[localhost].[/] - Initializing Spring embedded WebApplicationContext
2026-05-21 18:04:08.953 INFO  [restartedMain] o.s.b.w.s.c.ServletWebServerApplicationContext - Root WebApplicationContext: initialization completed in 1367 ms
2026-05-21 18:04:09.082 INFO  [restartedMain] o.hibernate.jpa.internal.util.LogHelper - HHH000204: Processing PersistenceUnitInfo [name: default]
2026-05-21 18:04:09.117 INFO  [restartedMain] org.hibernate.Version - HHH000412: Hibernate ORM core version 6.6.49.Final
2026-05-21 18:04:09.142 INFO  [restartedMain] o.h.c.internal.RegionFactoryInitiator - HHH000026: Second-level cache disabled
2026-05-21 18:04:09.354 INFO  [restartedMain] o.s.o.j.p.SpringPersistenceUnitInfo - No LoadTimeWeaver setup: ignoring JPA class transformer
2026-05-21 18:04:09.377 INFO  [restartedMain] com.zaxxer.hikari.HikariDataSource - HikariPool-1 - Starting...
2026-05-21 18:04:09.659 INFO  [restartedMain] com.zaxxer.hikari.pool.HikariPool - HikariPool-1 - Added connection com.mysql.cj.jdbc.ConnectionImpl@3b0608c1
2026-05-21 18:04:09.661 INFO  [restartedMain] com.zaxxer.hikari.HikariDataSource - HikariPool-1 - Start completed.
2026-05-21 18:04:09.751 INFO  [restartedMain] org.hibernate.orm.connections.pooling - HHH10001005: Database info:
	Database JDBC URL [Connecting through datasource 'HikariDataSource (HikariPool-1)']
	Database driver: undefined/unknown
	Database version: 8.0.45
	Autocommit mode: undefined/unknown
	Isolation level: undefined/unknown
	Minimum pool size: undefined/unknown
	Maximum pool size: undefined/unknown
2026-05-21 18:04:10.438 INFO  [restartedMain] o.h.e.t.j.p.i.JtaPlatformInitiator - HHH000489: No JTA platform available (set 'hibernate.transaction.jta.platform' to enable JTA platform integration)
2026-05-21 18:04:10.489 INFO  [restartedMain] o.s.o.j.LocalContainerEntityManagerFactoryBean - Initialized JPA EntityManagerFactory for persistence unit 'default'
2026-05-21 18:04:10.814 WARN  [restartedMain] o.s.b.a.o.j.JpaBaseConfiguration$JpaWebConfiguration - spring.jpa.open-in-view is enabled by default. Therefore, database queries may be performed during view rendering. Explicitly configure spring.jpa.open-in-view to disable this warning
2026-05-21 18:04:11.451 INFO  [restartedMain] o.s.b.d.a.OptionalLiveReloadServer - LiveReload server is running on port 35729
2026-05-21 18:04:11.470 INFO  [restartedMain] o.a.coyote.http11.Http11NioProtocol - Starting ProtocolHandler ["http-nio-15000"]
2026-05-21 18:04:11.485 INFO  [restartedMain] o.s.b.w.embedded.tomcat.TomcatWebServer - Tomcat started on port 15000 (http) with context path '/'
2026-05-21 18:04:11.492 INFO  [restartedMain] c.k.a.AlgogaServerApplication - Started AlgogaServerApplication in 4.449 seconds (process running for 4.978)
2026-05-21 18:04:11.494 WARN  [restartedMain] o.s.core.events.SpringDocAppInitializer - SpringDoc /v3/api-docs endpoint is enabled by default. To disable it in production, set the property 'springdoc.api-docs.enabled=false'
2026-05-21 18:04:11.495 WARN  [restartedMain] o.s.core.events.SpringDocAppInitializer - SpringDoc /swagger-ui.html endpoint is enabled by default. To disable it in production, set the property 'springdoc.swagger-ui.enabled=false'
2026-05-21 18:04:14.369 INFO  [SpringApplicationShutdownHook] o.s.b.w.e.tomcat.GracefulShutdown - Commencing graceful shutdown. Waiting for active requests to complete
2026-05-21 18:04:14.456 INFO  [tomcat-shutdown] o.s.b.w.e.tomcat.GracefulShutdown - Graceful shutdown complete
2026-05-21 18:04:14.460 INFO  [SpringApplicationShutdownHook] o.s.o.j.LocalContainerEntityManagerFactoryBean - Closing JPA EntityManagerFactory for persistence unit 'default'
2026-05-21 18:04:14.463 INFO  [SpringApplicationShutdownHook] com.zaxxer.hikari.HikariDataSource - HikariPool-1 - Shutdown initiated...
2026-05-21 18:04:14.468 INFO  [SpringApplicationShutdownHook] com.zaxxer.hikari.HikariDataSource - HikariPool-1 - Shutdown completed.
