2026-05-22 12:06:46.557 INFO  [background-preinit] o.h.validator.internal.util.Version - HV000001: Hibernate Validator 8.0.3.Final
2026-05-22 12:06:46.600 INFO  [restartedMain] c.k.a.AlgogaServerApplication - Starting AlgogaServerApplication using Java 17.0.18 with PID 18460 (C:\Algoga-backend\build\classes\java\main started by user in C:\Algoga-backend)
2026-05-22 12:06:46.600 INFO  [restartedMain] c.k.a.AlgogaServerApplication - No active profile set, falling back to 1 default profile: "default"
2026-05-22 12:06:46.633 INFO  [restartedMain] o.s.b.d.e.DevToolsPropertyDefaultsPostProcessor - Devtools property defaults active! Set 'spring.devtools.add-properties' to 'false' to disable
2026-05-22 12:06:46.633 INFO  [restartedMain] o.s.b.d.e.DevToolsPropertyDefaultsPostProcessor - For additional web related logging consider setting the 'logging.level.web' property to 'DEBUG'
2026-05-22 12:06:47.313 INFO  [restartedMain] o.s.d.r.c.RepositoryConfigurationDelegate - Bootstrapping Spring Data JPA repositories in DEFAULT mode.
2026-05-22 12:06:47.380 INFO  [restartedMain] o.s.d.r.c.RepositoryConfigurationDelegate - Finished Spring Data repository scanning in 57 ms. Found 2 JPA repository interfaces.
2026-05-22 12:06:47.925 INFO  [restartedMain] o.s.b.w.embedded.tomcat.TomcatWebServer - Tomcat initialized with port 15000 (http)
2026-05-22 12:06:47.942 INFO  [restartedMain] o.a.coyote.http11.Http11NioProtocol - Initializing ProtocolHandler ["http-nio-15000"]
2026-05-22 12:06:47.944 INFO  [restartedMain] o.apache.catalina.core.StandardService - Starting service [Tomcat]
2026-05-22 12:06:47.944 INFO  [restartedMain] o.apache.catalina.core.StandardEngine - Starting Servlet engine: [Apache Tomcat/10.1.54]
2026-05-22 12:06:48.006 INFO  [restartedMain] o.a.c.c.C.[Tomcat].[localhost].[/] - Initializing Spring embedded WebApplicationContext
2026-05-22 12:06:48.006 INFO  [restartedMain] o.s.b.w.s.c.ServletWebServerApplicationContext - Root WebApplicationContext: initialization completed in 1373 ms
2026-05-22 12:06:48.170 INFO  [restartedMain] o.hibernate.jpa.internal.util.LogHelper - HHH000204: Processing PersistenceUnitInfo [name: default]
2026-05-22 12:06:48.227 INFO  [restartedMain] org.hibernate.Version - HHH000412: Hibernate ORM core version 6.6.49.Final
2026-05-22 12:06:48.258 INFO  [restartedMain] o.h.c.internal.RegionFactoryInitiator - HHH000026: Second-level cache disabled
2026-05-22 12:06:48.513 INFO  [restartedMain] o.s.o.j.p.SpringPersistenceUnitInfo - No LoadTimeWeaver setup: ignoring JPA class transformer
2026-05-22 12:06:48.540 INFO  [restartedMain] com.zaxxer.hikari.HikariDataSource - HikariPool-1 - Starting...
2026-05-22 12:06:48.849 INFO  [restartedMain] com.zaxxer.hikari.pool.HikariPool - HikariPool-1 - Added connection com.mysql.cj.jdbc.ConnectionImpl@4fd7e9e6
2026-05-22 12:06:48.851 INFO  [restartedMain] com.zaxxer.hikari.HikariDataSource - HikariPool-1 - Start completed.
2026-05-22 12:06:48.922 INFO  [restartedMain] org.hibernate.orm.connections.pooling - HHH10001005: Database info:
	Database JDBC URL [Connecting through datasource 'HikariDataSource (HikariPool-1)']
	Database driver: undefined/unknown
	Database version: 8.4.8
	Autocommit mode: undefined/unknown
	Isolation level: undefined/unknown
	Minimum pool size: undefined/unknown
	Maximum pool size: undefined/unknown
2026-05-22 12:06:49.654 INFO  [restartedMain] o.h.e.t.j.p.i.JtaPlatformInitiator - HHH000489: No JTA platform available (set 'hibernate.transaction.jta.platform' to enable JTA platform integration)
2026-05-22 12:06:49.696 DEBUG [restartedMain] org.hibernate.SQL - 
    create table examples (
        id bigint not null auto_increment,
        active bit not null,
        name varchar(255) not null,
        primary key (id)
    ) engine=InnoDB
2026-05-22 12:06:49.707 DEBUG [restartedMain] org.hibernate.SQL - 
    alter table lectures 
       modify column status varchar(255) not null
2026-05-22 12:06:49.754 INFO  [restartedMain] o.s.o.j.LocalContainerEntityManagerFactoryBean - Initialized JPA EntityManagerFactory for persistence unit 'default'
2026-05-22 12:06:50.094 WARN  [restartedMain] o.s.b.a.o.j.JpaBaseConfiguration$JpaWebConfiguration - spring.jpa.open-in-view is enabled by default. Therefore, database queries may be performed during view rendering. Explicitly configure spring.jpa.open-in-view to disable this warning
2026-05-22 12:06:50.674 INFO  [restartedMain] o.s.b.d.a.OptionalLiveReloadServer - LiveReload server is running on port 35729
2026-05-22 12:06:50.695 INFO  [restartedMain] o.a.coyote.http11.Http11NioProtocol - Starting ProtocolHandler ["http-nio-15000"]
2026-05-22 12:06:50.707 INFO  [restartedMain] o.s.b.w.embedded.tomcat.TomcatWebServer - Tomcat started on port 15000 (http) with context path '/'
2026-05-22 12:06:50.715 INFO  [restartedMain] c.k.a.AlgogaServerApplication - Started AlgogaServerApplication in 4.627 seconds (process running for 5.165)
2026-05-22 12:06:50.717 WARN  [restartedMain] o.s.core.events.SpringDocAppInitializer - SpringDoc /v3/api-docs endpoint is enabled by default. To disable it in production, set the property 'springdoc.api-docs.enabled=false'
2026-05-22 12:06:50.717 WARN  [restartedMain] o.s.core.events.SpringDocAppInitializer - SpringDoc /swagger-ui.html endpoint is enabled by default. To disable it in production, set the property 'springdoc.swagger-ui.enabled=false'
2026-05-22 12:13:35.879 INFO  [File Watcher] o.s.b.d.a.LocalDevToolsAutoConfiguration$RestartingClassPathChangeChangedEventListener - Restarting due to 1 class path change (0 additions, 1 deletion, 0 modifications)
2026-05-22 12:13:35.882 INFO  [Thread-5] o.s.b.w.e.tomcat.GracefulShutdown - Commencing graceful shutdown. Waiting for active requests to complete
2026-05-22 12:13:35.883 INFO  [tomcat-shutdown] o.a.coyote.http11.Http11NioProtocol - Pausing ProtocolHandler ["http-nio-15000"]
2026-05-22 12:13:35.981 INFO  [tomcat-shutdown] o.s.b.w.e.tomcat.GracefulShutdown - Graceful shutdown complete
2026-05-22 12:13:35.981 INFO  [Thread-5] o.a.coyote.http11.Http11NioProtocol - Stopping ProtocolHandler ["http-nio-15000"]
2026-05-22 12:13:35.985 INFO  [Thread-5] o.s.o.j.LocalContainerEntityManagerFactoryBean - Closing JPA EntityManagerFactory for persistence unit 'default'
2026-05-22 12:13:35.990 INFO  [Thread-5] com.zaxxer.hikari.HikariDataSource - HikariPool-1 - Shutdown initiated...
2026-05-22 12:13:36.005 INFO  [Thread-5] com.zaxxer.hikari.HikariDataSource - HikariPool-1 - Shutdown completed.
2026-05-22 12:13:36.094 INFO  [restartedMain] c.k.a.AlgogaServerApplication - Starting AlgogaServerApplication using Java 17.0.18 with PID 18460 (C:\Algoga-backend\build\classes\java\main started by user in C:\Algoga-backend)
2026-05-22 12:13:36.094 INFO  [restartedMain] c.k.a.AlgogaServerApplication - No active profile set, falling back to 1 default profile: "default"
2026-05-22 12:13:36.343 INFO  [restartedMain] o.s.d.r.c.RepositoryConfigurationDelegate - Bootstrapping Spring Data JPA repositories in DEFAULT mode.
2026-05-22 12:13:36.366 INFO  [restartedMain] o.s.d.r.c.RepositoryConfigurationDelegate - Finished Spring Data repository scanning in 22 ms. Found 2 JPA repository interfaces.
2026-05-22 12:13:36.464 INFO  [restartedMain] o.s.b.w.embedded.tomcat.TomcatWebServer - Tomcat initialized with port 15000 (http)
2026-05-22 12:13:36.465 INFO  [restartedMain] o.a.coyote.http11.Http11NioProtocol - Initializing ProtocolHandler ["http-nio-15000"]
2026-05-22 12:13:36.465 INFO  [restartedMain] o.apache.catalina.core.StandardService - Starting service [Tomcat]
2026-05-22 12:13:36.465 INFO  [restartedMain] o.apache.catalina.core.StandardEngine - Starting Servlet engine: [Apache Tomcat/10.1.54]
2026-05-22 12:13:36.479 INFO  [restartedMain] o.a.c.c.C.[Tomcat].[localhost].[/] - Initializing Spring embedded WebApplicationContext
2026-05-22 12:13:36.479 INFO  [restartedMain] o.s.b.w.s.c.ServletWebServerApplicationContext - Root WebApplicationContext: initialization completed in 383 ms
2026-05-22 12:13:36.517 INFO  [restartedMain] o.hibernate.jpa.internal.util.LogHelper - HHH000204: Processing PersistenceUnitInfo [name: default]
2026-05-22 12:13:36.519 INFO  [restartedMain] o.h.c.internal.RegionFactoryInitiator - HHH000026: Second-level cache disabled
2026-05-22 12:13:36.527 INFO  [restartedMain] o.s.o.j.p.SpringPersistenceUnitInfo - No LoadTimeWeaver setup: ignoring JPA class transformer
2026-05-22 12:13:36.528 INFO  [restartedMain] com.zaxxer.hikari.HikariDataSource - HikariPool-2 - Starting...
2026-05-22 12:13:36.538 INFO  [restartedMain] com.zaxxer.hikari.pool.HikariPool - HikariPool-2 - Added connection com.mysql.cj.jdbc.ConnectionImpl@2c3004bf
2026-05-22 12:13:36.538 INFO  [restartedMain] com.zaxxer.hikari.HikariDataSource - HikariPool-2 - Start completed.
2026-05-22 12:13:36.539 INFO  [restartedMain] org.hibernate.orm.connections.pooling - HHH10001005: Database info:
	Database JDBC URL [Connecting through datasource 'HikariDataSource (HikariPool-2)']
	Database driver: undefined/unknown
	Database version: 8.4.8
	Autocommit mode: undefined/unknown
	Isolation level: undefined/unknown
	Minimum pool size: undefined/unknown
	Maximum pool size: undefined/unknown
2026-05-22 12:13:36.582 INFO  [restartedMain] o.h.e.t.j.p.i.JtaPlatformInitiator - HHH000489: No JTA platform available (set 'hibernate.transaction.jta.platform' to enable JTA platform integration)
2026-05-22 12:13:36.595 INFO  [restartedMain] o.s.o.j.LocalContainerEntityManagerFactoryBean - Initialized JPA EntityManagerFactory for persistence unit 'default'
2026-05-22 12:13:36.729 WARN  [restartedMain] o.s.b.a.o.j.JpaBaseConfiguration$JpaWebConfiguration - spring.jpa.open-in-view is enabled by default. Therefore, database queries may be performed during view rendering. Explicitly configure spring.jpa.open-in-view to disable this warning
2026-05-22 12:13:36.976 INFO  [restartedMain] o.s.b.d.a.OptionalLiveReloadServer - LiveReload server is running on port 35729
2026-05-22 12:13:36.984 INFO  [restartedMain] o.a.coyote.http11.Http11NioProtocol - Starting ProtocolHandler ["http-nio-15000"]
2026-05-22 12:13:36.987 INFO  [restartedMain] o.s.b.w.embedded.tomcat.TomcatWebServer - Tomcat started on port 15000 (http) with context path '/'
2026-05-22 12:13:36.990 INFO  [restartedMain] c.k.a.AlgogaServerApplication - Started AlgogaServerApplication in 0.93 seconds (process running for 411.441)
2026-05-22 12:13:36.991 WARN  [restartedMain] o.s.core.events.SpringDocAppInitializer - SpringDoc /v3/api-docs endpoint is enabled by default. To disable it in production, set the property 'springdoc.api-docs.enabled=false'
2026-05-22 12:13:36.991 WARN  [restartedMain] o.s.core.events.SpringDocAppInitializer - SpringDoc /swagger-ui.html endpoint is enabled by default. To disable it in production, set the property 'springdoc.swagger-ui.enabled=false'
2026-05-22 12:13:36.992 INFO  [restartedMain] o.s.b.d.a.ConditionEvaluationDeltaLoggingListener - Condition evaluation unchanged
2026-05-22 12:13:38.418 INFO  [File Watcher] o.s.b.d.a.LocalDevToolsAutoConfiguration$RestartingClassPathChangeChangedEventListener - Restarting due to 2 class path changes (2 additions, 0 deletions, 0 modifications)
2026-05-22 12:13:38.420 INFO  [Thread-7] o.s.b.w.e.tomcat.GracefulShutdown - Commencing graceful shutdown. Waiting for active requests to complete
2026-05-22 12:13:38.420 INFO  [tomcat-shutdown] o.a.coyote.http11.Http11NioProtocol - Pausing ProtocolHandler ["http-nio-15000"]
2026-05-22 12:13:38.527 INFO  [tomcat-shutdown] o.s.b.w.e.tomcat.GracefulShutdown - Graceful shutdown complete
2026-05-22 12:13:38.527 INFO  [Thread-7] o.a.coyote.http11.Http11NioProtocol - Stopping ProtocolHandler ["http-nio-15000"]
2026-05-22 12:13:38.529 INFO  [Thread-7] o.s.o.j.LocalContainerEntityManagerFactoryBean - Closing JPA EntityManagerFactory for persistence unit 'default'
2026-05-22 12:13:38.530 INFO  [Thread-7] com.zaxxer.hikari.HikariDataSource - HikariPool-2 - Shutdown initiated...
2026-05-22 12:13:38.532 INFO  [Thread-7] com.zaxxer.hikari.HikariDataSource - HikariPool-2 - Shutdown completed.
2026-05-22 12:13:38.585 INFO  [restartedMain] c.k.a.AlgogaServerApplication - Starting AlgogaServerApplication using Java 17.0.18 with PID 18460 (C:\Algoga-backend\build\classes\java\main started by user in C:\Algoga-backend)
2026-05-22 12:13:38.585 INFO  [restartedMain] c.k.a.AlgogaServerApplication - No active profile set, falling back to 1 default profile: "default"
2026-05-22 12:13:38.734 INFO  [restartedMain] o.s.d.r.c.RepositoryConfigurationDelegate - Bootstrapping Spring Data JPA repositories in DEFAULT mode.
2026-05-22 12:13:38.754 INFO  [restartedMain] o.s.d.r.c.RepositoryConfigurationDelegate - Finished Spring Data repository scanning in 19 ms. Found 2 JPA repository interfaces.
2026-05-22 12:13:38.828 INFO  [restartedMain] o.s.b.w.embedded.tomcat.TomcatWebServer - Tomcat initialized with port 15000 (http)
2026-05-22 12:13:38.828 INFO  [restartedMain] o.a.coyote.http11.Http11NioProtocol - Initializing ProtocolHandler ["http-nio-15000"]
2026-05-22 12:13:38.828 INFO  [restartedMain] o.apache.catalina.core.StandardService - Starting service [Tomcat]
2026-05-22 12:13:38.828 INFO  [restartedMain] o.apache.catalina.core.StandardEngine - Starting Servlet engine: [Apache Tomcat/10.1.54]
2026-05-22 12:13:38.840 INFO  [restartedMain] o.a.c.c.C.[Tomcat].[localhost].[/] - Initializing Spring embedded WebApplicationContext
2026-05-22 12:13:38.840 INFO  [restartedMain] o.s.b.w.s.c.ServletWebServerApplicationContext - Root WebApplicationContext: initialization completed in 254 ms
2026-05-22 12:13:38.882 INFO  [restartedMain] o.hibernate.jpa.internal.util.LogHelper - HHH000204: Processing PersistenceUnitInfo [name: default]
2026-05-22 12:13:38.885 INFO  [restartedMain] o.h.c.internal.RegionFactoryInitiator - HHH000026: Second-level cache disabled
2026-05-22 12:13:38.890 INFO  [restartedMain] o.s.o.j.p.SpringPersistenceUnitInfo - No LoadTimeWeaver setup: ignoring JPA class transformer
2026-05-22 12:13:38.891 INFO  [restartedMain] com.zaxxer.hikari.HikariDataSource - HikariPool-3 - Starting...
2026-05-22 12:13:38.899 INFO  [restartedMain] com.zaxxer.hikari.pool.HikariPool - HikariPool-3 - Added connection com.mysql.cj.jdbc.ConnectionImpl@cc5f26d
2026-05-22 12:13:38.899 INFO  [restartedMain] com.zaxxer.hikari.HikariDataSource - HikariPool-3 - Start completed.
2026-05-22 12:13:38.900 INFO  [restartedMain] org.hibernate.orm.connections.pooling - HHH10001005: Database info:
	Database JDBC URL [Connecting through datasource 'HikariDataSource (HikariPool-3)']
	Database driver: undefined/unknown
	Database version: 8.4.8
	Autocommit mode: undefined/unknown
	Isolation level: undefined/unknown
	Minimum pool size: undefined/unknown
	Maximum pool size: undefined/unknown
2026-05-22 12:13:38.937 INFO  [restartedMain] o.h.e.t.j.p.i.JtaPlatformInitiator - HHH000489: No JTA platform available (set 'hibernate.transaction.jta.platform' to enable JTA platform integration)
2026-05-22 12:13:38.949 INFO  [restartedMain] o.s.o.j.LocalContainerEntityManagerFactoryBean - Initialized JPA EntityManagerFactory for persistence unit 'default'
2026-05-22 12:13:39.056 WARN  [restartedMain] o.s.b.a.o.j.JpaBaseConfiguration$JpaWebConfiguration - spring.jpa.open-in-view is enabled by default. Therefore, database queries may be performed during view rendering. Explicitly configure spring.jpa.open-in-view to disable this warning
2026-05-22 12:13:39.247 INFO  [restartedMain] o.s.b.d.a.OptionalLiveReloadServer - LiveReload server is running on port 35729
2026-05-22 12:13:39.254 INFO  [restartedMain] o.a.coyote.http11.Http11NioProtocol - Starting ProtocolHandler ["http-nio-15000"]
2026-05-22 12:13:39.256 INFO  [restartedMain] o.s.b.w.embedded.tomcat.TomcatWebServer - Tomcat started on port 15000 (http) with context path '/'
2026-05-22 12:13:39.259 INFO  [restartedMain] c.k.a.AlgogaServerApplication - Started AlgogaServerApplication in 0.695 seconds (process running for 413.71)
2026-05-22 12:13:39.260 WARN  [restartedMain] o.s.core.events.SpringDocAppInitializer - SpringDoc /v3/api-docs endpoint is enabled by default. To disable it in production, set the property 'springdoc.api-docs.enabled=false'
2026-05-22 12:13:39.260 WARN  [restartedMain] o.s.core.events.SpringDocAppInitializer - SpringDoc /swagger-ui.html endpoint is enabled by default. To disable it in production, set the property 'springdoc.swagger-ui.enabled=false'
2026-05-22 12:13:39.260 INFO  [restartedMain] o.s.b.d.a.ConditionEvaluationDeltaLoggingListener - Condition evaluation unchanged
2026-05-22 12:13:42.783 INFO  [File Watcher] o.s.b.d.a.LocalDevToolsAutoConfiguration$RestartingClassPathChangeChangedEventListener - Restarting due to 1 class path change (0 additions, 1 deletion, 0 modifications)
2026-05-22 12:13:42.784 INFO  [Thread-11] o.s.b.w.e.tomcat.GracefulShutdown - Commencing graceful shutdown. Waiting for active requests to complete
2026-05-22 12:13:42.784 INFO  [tomcat-shutdown] o.a.coyote.http11.Http11NioProtocol - Pausing ProtocolHandler ["http-nio-15000"]
2026-05-22 12:13:42.885 INFO  [tomcat-shutdown] o.s.b.w.e.tomcat.GracefulShutdown - Graceful shutdown complete
2026-05-22 12:13:42.885 INFO  [Thread-11] o.a.coyote.http11.Http11NioProtocol - Stopping ProtocolHandler ["http-nio-15000"]
2026-05-22 12:13:42.886 INFO  [Thread-11] o.s.o.j.LocalContainerEntityManagerFactoryBean - Closing JPA EntityManagerFactory for persistence unit 'default'
2026-05-22 12:13:42.887 INFO  [Thread-11] com.zaxxer.hikari.HikariDataSource - HikariPool-3 - Shutdown initiated...
2026-05-22 12:13:42.889 INFO  [Thread-11] com.zaxxer.hikari.HikariDataSource - HikariPool-3 - Shutdown completed.
2026-05-22 12:13:42.951 INFO  [restartedMain] c.k.a.AlgogaServerApplication - Starting AlgogaServerApplication using Java 17.0.18 with PID 18460 (C:\Algoga-backend\build\classes\java\main started by user in C:\Algoga-backend)
2026-05-22 12:13:42.951 INFO  [restartedMain] c.k.a.AlgogaServerApplication - No active profile set, falling back to 1 default profile: "default"
2026-05-22 12:13:43.123 INFO  [restartedMain] o.s.d.r.c.RepositoryConfigurationDelegate - Bootstrapping Spring Data JPA repositories in DEFAULT mode.
2026-05-22 12:13:43.143 INFO  [restartedMain] o.s.d.r.c.RepositoryConfigurationDelegate - Finished Spring Data repository scanning in 18 ms. Found 2 JPA repository interfaces.
2026-05-22 12:13:43.232 INFO  [restartedMain] o.s.b.w.embedded.tomcat.TomcatWebServer - Tomcat initialized with port 15000 (http)
2026-05-22 12:13:43.233 INFO  [restartedMain] o.a.coyote.http11.Http11NioProtocol - Initializing ProtocolHandler ["http-nio-15000"]
2026-05-22 12:13:43.233 INFO  [restartedMain] o.apache.catalina.core.StandardService - Starting service [Tomcat]
2026-05-22 12:13:43.234 INFO  [restartedMain] o.apache.catalina.core.StandardEngine - Starting Servlet engine: [Apache Tomcat/10.1.54]
2026-05-22 12:13:43.253 INFO  [restartedMain] o.a.c.c.C.[Tomcat].[localhost].[/] - Initializing Spring embedded WebApplicationContext
2026-05-22 12:13:43.253 INFO  [restartedMain] o.s.b.w.s.c.ServletWebServerApplicationContext - Root WebApplicationContext: initialization completed in 301 ms
2026-05-22 12:13:43.293 INFO  [restartedMain] o.hibernate.jpa.internal.util.LogHelper - HHH000204: Processing PersistenceUnitInfo [name: default]
2026-05-22 12:13:43.295 INFO  [restartedMain] o.h.c.internal.RegionFactoryInitiator - HHH000026: Second-level cache disabled
2026-05-22 12:13:43.300 INFO  [restartedMain] o.s.o.j.p.SpringPersistenceUnitInfo - No LoadTimeWeaver setup: ignoring JPA class transformer
2026-05-22 12:13:43.300 INFO  [restartedMain] com.zaxxer.hikari.HikariDataSource - HikariPool-4 - Starting...
2026-05-22 12:13:43.309 INFO  [restartedMain] com.zaxxer.hikari.pool.HikariPool - HikariPool-4 - Added connection com.mysql.cj.jdbc.ConnectionImpl@28c89f5d
2026-05-22 12:13:43.309 INFO  [restartedMain] com.zaxxer.hikari.HikariDataSource - HikariPool-4 - Start completed.
2026-05-22 12:13:43.310 INFO  [restartedMain] org.hibernate.orm.connections.pooling - HHH10001005: Database info:
	Database JDBC URL [Connecting through datasource 'HikariDataSource (HikariPool-4)']
	Database driver: undefined/unknown
	Database version: 8.4.8
	Autocommit mode: undefined/unknown
	Isolation level: undefined/unknown
	Minimum pool size: undefined/unknown
	Maximum pool size: undefined/unknown
2026-05-22 12:13:43.400 INFO  [restartedMain] o.h.e.t.j.p.i.JtaPlatformInitiator - HHH000489: No JTA platform available (set 'hibernate.transaction.jta.platform' to enable JTA platform integration)
2026-05-22 12:13:43.416 INFO  [restartedMain] o.s.o.j.LocalContainerEntityManagerFactoryBean - Initialized JPA EntityManagerFactory for persistence unit 'default'
2026-05-22 12:13:43.562 WARN  [restartedMain] o.s.b.a.o.j.JpaBaseConfiguration$JpaWebConfiguration - spring.jpa.open-in-view is enabled by default. Therefore, database queries may be performed during view rendering. Explicitly configure spring.jpa.open-in-view to disable this warning
2026-05-22 12:13:43.793 INFO  [restartedMain] o.s.b.d.a.OptionalLiveReloadServer - LiveReload server is running on port 35729
2026-05-22 12:13:43.803 INFO  [restartedMain] o.a.coyote.http11.Http11NioProtocol - Starting ProtocolHandler ["http-nio-15000"]
2026-05-22 12:13:43.805 INFO  [restartedMain] o.s.b.w.embedded.tomcat.TomcatWebServer - Tomcat started on port 15000 (http) with context path '/'
2026-05-22 12:13:43.808 INFO  [restartedMain] c.k.a.AlgogaServerApplication - Started AlgogaServerApplication in 0.875 seconds (process running for 418.259)
2026-05-22 12:13:43.809 WARN  [restartedMain] o.s.core.events.SpringDocAppInitializer - SpringDoc /v3/api-docs endpoint is enabled by default. To disable it in production, set the property 'springdoc.api-docs.enabled=false'
2026-05-22 12:13:43.809 WARN  [restartedMain] o.s.core.events.SpringDocAppInitializer - SpringDoc /swagger-ui.html endpoint is enabled by default. To disable it in production, set the property 'springdoc.swagger-ui.enabled=false'
2026-05-22 12:13:43.809 INFO  [restartedMain] o.s.b.d.a.ConditionEvaluationDeltaLoggingListener - Condition evaluation unchanged
2026-05-22 12:13:45.248 INFO  [File Watcher] o.s.b.d.a.LocalDevToolsAutoConfiguration$RestartingClassPathChangeChangedEventListener - Restarting due to 1 class path change (1 addition, 0 deletions, 0 modifications)
2026-05-22 12:13:45.250 INFO  [Thread-15] o.s.b.w.e.tomcat.GracefulShutdown - Commencing graceful shutdown. Waiting for active requests to complete
2026-05-22 12:13:45.250 INFO  [tomcat-shutdown] o.a.coyote.http11.Http11NioProtocol - Pausing ProtocolHandler ["http-nio-15000"]
2026-05-22 12:13:45.346 INFO  [tomcat-shutdown] o.s.b.w.e.tomcat.GracefulShutdown - Graceful shutdown complete
2026-05-22 12:13:45.346 INFO  [Thread-15] o.a.coyote.http11.Http11NioProtocol - Stopping ProtocolHandler ["http-nio-15000"]
2026-05-22 12:13:45.348 INFO  [Thread-15] o.s.o.j.LocalContainerEntityManagerFactoryBean - Closing JPA EntityManagerFactory for persistence unit 'default'
2026-05-22 12:13:45.348 INFO  [Thread-15] com.zaxxer.hikari.HikariDataSource - HikariPool-4 - Shutdown initiated...
2026-05-22 12:13:45.351 INFO  [Thread-15] com.zaxxer.hikari.HikariDataSource - HikariPool-4 - Shutdown completed.
2026-05-22 12:13:45.401 INFO  [restartedMain] c.k.a.AlgogaServerApplication - Starting AlgogaServerApplication using Java 17.0.18 with PID 18460 (C:\Algoga-backend\build\classes\java\main started by user in C:\Algoga-backend)
2026-05-22 12:13:45.401 INFO  [restartedMain] c.k.a.AlgogaServerApplication - No active profile set, falling back to 1 default profile: "default"
2026-05-22 12:13:45.554 INFO  [restartedMain] o.s.d.r.c.RepositoryConfigurationDelegate - Bootstrapping Spring Data JPA repositories in DEFAULT mode.
2026-05-22 12:13:45.574 INFO  [restartedMain] o.s.d.r.c.RepositoryConfigurationDelegate - Finished Spring Data repository scanning in 19 ms. Found 2 JPA repository interfaces.
2026-05-22 12:13:45.652 INFO  [restartedMain] o.s.b.w.embedded.tomcat.TomcatWebServer - Tomcat initialized with port 15000 (http)
2026-05-22 12:13:45.654 INFO  [restartedMain] o.a.coyote.http11.Http11NioProtocol - Initializing ProtocolHandler ["http-nio-15000"]
2026-05-22 12:13:45.654 INFO  [restartedMain] o.apache.catalina.core.StandardService - Starting service [Tomcat]
2026-05-22 12:13:45.654 INFO  [restartedMain] o.apache.catalina.core.StandardEngine - Starting Servlet engine: [Apache Tomcat/10.1.54]
2026-05-22 12:13:45.666 INFO  [restartedMain] o.a.c.c.C.[Tomcat].[localhost].[/] - Initializing Spring embedded WebApplicationContext
2026-05-22 12:13:45.666 INFO  [restartedMain] o.s.b.w.s.c.ServletWebServerApplicationContext - Root WebApplicationContext: initialization completed in 264 ms
2026-05-22 12:13:45.705 INFO  [restartedMain] o.hibernate.jpa.internal.util.LogHelper - HHH000204: Processing PersistenceUnitInfo [name: default]
2026-05-22 12:13:45.707 INFO  [restartedMain] o.h.c.internal.RegionFactoryInitiator - HHH000026: Second-level cache disabled
2026-05-22 12:13:45.712 INFO  [restartedMain] o.s.o.j.p.SpringPersistenceUnitInfo - No LoadTimeWeaver setup: ignoring JPA class transformer
2026-05-22 12:13:45.713 INFO  [restartedMain] com.zaxxer.hikari.HikariDataSource - HikariPool-5 - Starting...
2026-05-22 12:13:45.720 INFO  [restartedMain] com.zaxxer.hikari.pool.HikariPool - HikariPool-5 - Added connection com.mysql.cj.jdbc.ConnectionImpl@4788e98c
2026-05-22 12:13:45.720 INFO  [restartedMain] com.zaxxer.hikari.HikariDataSource - HikariPool-5 - Start completed.
2026-05-22 12:13:45.721 INFO  [restartedMain] org.hibernate.orm.connections.pooling - HHH10001005: Database info:
	Database JDBC URL [Connecting through datasource 'HikariDataSource (HikariPool-5)']
	Database driver: undefined/unknown
	Database version: 8.4.8
	Autocommit mode: undefined/unknown
	Isolation level: undefined/unknown
	Minimum pool size: undefined/unknown
	Maximum pool size: undefined/unknown
2026-05-22 12:13:45.768 INFO  [restartedMain] o.h.e.t.j.p.i.JtaPlatformInitiator - HHH000489: No JTA platform available (set 'hibernate.transaction.jta.platform' to enable JTA platform integration)
2026-05-22 12:13:45.780 INFO  [restartedMain] o.s.o.j.LocalContainerEntityManagerFactoryBean - Initialized JPA EntityManagerFactory for persistence unit 'default'
2026-05-22 12:13:45.889 WARN  [restartedMain] o.s.b.a.o.j.JpaBaseConfiguration$JpaWebConfiguration - spring.jpa.open-in-view is enabled by default. Therefore, database queries may be performed during view rendering. Explicitly configure spring.jpa.open-in-view to disable this warning
2026-05-22 12:13:46.092 INFO  [restartedMain] o.s.b.d.a.OptionalLiveReloadServer - LiveReload server is running on port 35729
2026-05-22 12:13:46.098 INFO  [restartedMain] o.a.coyote.http11.Http11NioProtocol - Starting ProtocolHandler ["http-nio-15000"]
2026-05-22 12:13:46.101 INFO  [restartedMain] o.s.b.w.embedded.tomcat.TomcatWebServer - Tomcat started on port 15000 (http) with context path '/'
2026-05-22 12:13:46.104 INFO  [restartedMain] c.k.a.AlgogaServerApplication - Started AlgogaServerApplication in 0.721 seconds (process running for 420.554)
2026-05-22 12:13:46.104 WARN  [restartedMain] o.s.core.events.SpringDocAppInitializer - SpringDoc /v3/api-docs endpoint is enabled by default. To disable it in production, set the property 'springdoc.api-docs.enabled=false'
2026-05-22 12:13:46.104 WARN  [restartedMain] o.s.core.events.SpringDocAppInitializer - SpringDoc /swagger-ui.html endpoint is enabled by default. To disable it in production, set the property 'springdoc.swagger-ui.enabled=false'
2026-05-22 12:13:46.105 INFO  [restartedMain] o.s.b.d.a.ConditionEvaluationDeltaLoggingListener - Condition evaluation unchanged
2026-05-22 12:14:30.896 INFO  [File Watcher] o.s.b.d.a.LocalDevToolsAutoConfiguration$RestartingClassPathChangeChangedEventListener - Restarting due to 1 class path change (0 additions, 1 deletion, 0 modifications)
2026-05-22 12:14:30.897 INFO  [Thread-19] o.s.b.w.e.tomcat.GracefulShutdown - Commencing graceful shutdown. Waiting for active requests to complete
2026-05-22 12:14:30.898 INFO  [tomcat-shutdown] o.a.coyote.http11.Http11NioProtocol - Pausing ProtocolHandler ["http-nio-15000"]
2026-05-22 12:14:30.998 INFO  [tomcat-shutdown] o.s.b.w.e.tomcat.GracefulShutdown - Graceful shutdown complete
2026-05-22 12:14:30.998 INFO  [Thread-19] o.a.coyote.http11.Http11NioProtocol - Stopping ProtocolHandler ["http-nio-15000"]
2026-05-22 12:14:31.000 INFO  [Thread-19] o.s.o.j.LocalContainerEntityManagerFactoryBean - Closing JPA EntityManagerFactory for persistence unit 'default'
2026-05-22 12:14:31.000 INFO  [Thread-19] com.zaxxer.hikari.HikariDataSource - HikariPool-5 - Shutdown initiated...
2026-05-22 12:14:31.002 INFO  [Thread-19] com.zaxxer.hikari.HikariDataSource - HikariPool-5 - Shutdown completed.
2026-05-22 12:14:31.063 INFO  [restartedMain] c.k.a.AlgogaServerApplication - Starting AlgogaServerApplication using Java 17.0.18 with PID 18460 (C:\Algoga-backend\build\classes\java\main started by user in C:\Algoga-backend)
2026-05-22 12:14:31.063 INFO  [restartedMain] c.k.a.AlgogaServerApplication - No active profile set, falling back to 1 default profile: "default"
2026-05-22 12:14:31.207 INFO  [restartedMain] o.s.d.r.c.RepositoryConfigurationDelegate - Bootstrapping Spring Data JPA repositories in DEFAULT mode.
2026-05-22 12:14:31.227 INFO  [restartedMain] o.s.d.r.c.RepositoryConfigurationDelegate - Finished Spring Data repository scanning in 20 ms. Found 2 JPA repository interfaces.
2026-05-22 12:14:31.340 INFO  [restartedMain] o.s.b.w.embedded.tomcat.TomcatWebServer - Tomcat initialized with port 15000 (http)
2026-05-22 12:14:31.341 INFO  [restartedMain] o.a.coyote.http11.Http11NioProtocol - Initializing ProtocolHandler ["http-nio-15000"]
2026-05-22 12:14:31.341 INFO  [restartedMain] o.apache.catalina.core.StandardService - Starting service [Tomcat]
2026-05-22 12:14:31.341 INFO  [restartedMain] o.apache.catalina.core.StandardEngine - Starting Servlet engine: [Apache Tomcat/10.1.54]
2026-05-22 12:14:31.354 INFO  [restartedMain] o.a.c.c.C.[Tomcat].[localhost].[/] - Initializing Spring embedded WebApplicationContext
2026-05-22 12:14:31.354 INFO  [restartedMain] o.s.b.w.s.c.ServletWebServerApplicationContext - Root WebApplicationContext: initialization completed in 290 ms
2026-05-22 12:14:31.393 INFO  [restartedMain] o.hibernate.jpa.internal.util.LogHelper - HHH000204: Processing PersistenceUnitInfo [name: default]
2026-05-22 12:14:31.395 INFO  [restartedMain] o.h.c.internal.RegionFactoryInitiator - HHH000026: Second-level cache disabled
2026-05-22 12:14:31.400 INFO  [restartedMain] o.s.o.j.p.SpringPersistenceUnitInfo - No LoadTimeWeaver setup: ignoring JPA class transformer
2026-05-22 12:14:31.401 INFO  [restartedMain] com.zaxxer.hikari.HikariDataSource - HikariPool-6 - Starting...
2026-05-22 12:14:31.410 INFO  [restartedMain] com.zaxxer.hikari.pool.HikariPool - HikariPool-6 - Added connection com.mysql.cj.jdbc.ConnectionImpl@77cb9448
2026-05-22 12:14:31.410 INFO  [restartedMain] com.zaxxer.hikari.HikariDataSource - HikariPool-6 - Start completed.
2026-05-22 12:14:31.411 INFO  [restartedMain] org.hibernate.orm.connections.pooling - HHH10001005: Database info:
	Database JDBC URL [Connecting through datasource 'HikariDataSource (HikariPool-6)']
	Database driver: undefined/unknown
	Database version: 8.4.8
	Autocommit mode: undefined/unknown
	Isolation level: undefined/unknown
	Minimum pool size: undefined/unknown
	Maximum pool size: undefined/unknown
2026-05-22 12:14:31.447 INFO  [restartedMain] o.h.e.t.j.p.i.JtaPlatformInitiator - HHH000489: No JTA platform available (set 'hibernate.transaction.jta.platform' to enable JTA platform integration)
2026-05-22 12:14:31.459 INFO  [restartedMain] o.s.o.j.LocalContainerEntityManagerFactoryBean - Initialized JPA EntityManagerFactory for persistence unit 'default'
2026-05-22 12:14:31.596 WARN  [restartedMain] o.s.b.a.o.j.JpaBaseConfiguration$JpaWebConfiguration - spring.jpa.open-in-view is enabled by default. Therefore, database queries may be performed during view rendering. Explicitly configure spring.jpa.open-in-view to disable this warning
2026-05-22 12:14:31.796 INFO  [restartedMain] o.s.b.d.a.OptionalLiveReloadServer - LiveReload server is running on port 35729
2026-05-22 12:14:31.802 INFO  [restartedMain] o.a.coyote.http11.Http11NioProtocol - Starting ProtocolHandler ["http-nio-15000"]
2026-05-22 12:14:31.805 INFO  [restartedMain] o.s.b.w.embedded.tomcat.TomcatWebServer - Tomcat started on port 15000 (http) with context path '/'
2026-05-22 12:14:31.808 INFO  [restartedMain] c.k.a.AlgogaServerApplication - Started AlgogaServerApplication in 0.762 seconds (process running for 466.258)
2026-05-22 12:14:31.808 WARN  [restartedMain] o.s.core.events.SpringDocAppInitializer - SpringDoc /v3/api-docs endpoint is enabled by default. To disable it in production, set the property 'springdoc.api-docs.enabled=false'
2026-05-22 12:14:31.808 WARN  [restartedMain] o.s.core.events.SpringDocAppInitializer - SpringDoc /swagger-ui.html endpoint is enabled by default. To disable it in production, set the property 'springdoc.swagger-ui.enabled=false'
2026-05-22 12:14:31.808 INFO  [restartedMain] o.s.b.d.a.ConditionEvaluationDeltaLoggingListener - Condition evaluation unchanged
2026-05-22 12:14:33.256 INFO  [File Watcher] o.s.b.d.a.LocalDevToolsAutoConfiguration$RestartingClassPathChangeChangedEventListener - Restarting due to 1 class path change (1 addition, 0 deletions, 0 modifications)
2026-05-22 12:14:33.257 INFO  [Thread-23] o.s.b.w.e.tomcat.GracefulShutdown - Commencing graceful shutdown. Waiting for active requests to complete
2026-05-22 12:14:33.257 INFO  [tomcat-shutdown] o.a.coyote.http11.Http11NioProtocol - Pausing ProtocolHandler ["http-nio-15000"]
2026-05-22 12:14:33.357 INFO  [tomcat-shutdown] o.s.b.w.e.tomcat.GracefulShutdown - Graceful shutdown complete
2026-05-22 12:14:33.358 INFO  [Thread-23] o.a.coyote.http11.Http11NioProtocol - Stopping ProtocolHandler ["http-nio-15000"]
2026-05-22 12:14:33.359 INFO  [Thread-23] o.s.o.j.LocalContainerEntityManagerFactoryBean - Closing JPA EntityManagerFactory for persistence unit 'default'
2026-05-22 12:14:33.359 INFO  [Thread-23] com.zaxxer.hikari.HikariDataSource - HikariPool-6 - Shutdown initiated...
2026-05-22 12:14:33.363 INFO  [Thread-23] com.zaxxer.hikari.HikariDataSource - HikariPool-6 - Shutdown completed.
2026-05-22 12:14:33.421 INFO  [restartedMain] c.k.a.AlgogaServerApplication - Starting AlgogaServerApplication using Java 17.0.18 with PID 18460 (C:\Algoga-backend\build\classes\java\main started by user in C:\Algoga-backend)
2026-05-22 12:14:33.421 INFO  [restartedMain] c.k.a.AlgogaServerApplication - No active profile set, falling back to 1 default profile: "default"
2026-05-22 12:14:33.571 INFO  [restartedMain] o.s.d.r.c.RepositoryConfigurationDelegate - Bootstrapping Spring Data JPA repositories in DEFAULT mode.
2026-05-22 12:14:33.592 INFO  [restartedMain] o.s.d.r.c.RepositoryConfigurationDelegate - Finished Spring Data repository scanning in 20 ms. Found 2 JPA repository interfaces.
2026-05-22 12:14:33.671 INFO  [restartedMain] o.s.b.w.embedded.tomcat.TomcatWebServer - Tomcat initialized with port 15000 (http)
2026-05-22 12:14:33.671 INFO  [restartedMain] o.a.coyote.http11.Http11NioProtocol - Initializing ProtocolHandler ["http-nio-15000"]
2026-05-22 12:14:33.671 INFO  [restartedMain] o.apache.catalina.core.StandardService - Starting service [Tomcat]
2026-05-22 12:14:33.671 INFO  [restartedMain] o.apache.catalina.core.StandardEngine - Starting Servlet engine: [Apache Tomcat/10.1.54]
2026-05-22 12:14:33.684 INFO  [restartedMain] o.a.c.c.C.[Tomcat].[localhost].[/] - Initializing Spring embedded WebApplicationContext
2026-05-22 12:14:33.684 INFO  [restartedMain] o.s.b.w.s.c.ServletWebServerApplicationContext - Root WebApplicationContext: initialization completed in 262 ms
2026-05-22 12:14:33.720 INFO  [restartedMain] o.hibernate.jpa.internal.util.LogHelper - HHH000204: Processing PersistenceUnitInfo [name: default]
2026-05-22 12:14:33.722 INFO  [restartedMain] o.h.c.internal.RegionFactoryInitiator - HHH000026: Second-level cache disabled
2026-05-22 12:14:33.727 INFO  [restartedMain] o.s.o.j.p.SpringPersistenceUnitInfo - No LoadTimeWeaver setup: ignoring JPA class transformer
2026-05-22 12:14:33.728 INFO  [restartedMain] com.zaxxer.hikari.HikariDataSource - HikariPool-7 - Starting...
2026-05-22 12:14:33.736 INFO  [restartedMain] com.zaxxer.hikari.pool.HikariPool - HikariPool-7 - Added connection com.mysql.cj.jdbc.ConnectionImpl@58fc014b
2026-05-22 12:14:33.736 INFO  [restartedMain] com.zaxxer.hikari.HikariDataSource - HikariPool-7 - Start completed.
2026-05-22 12:14:33.737 INFO  [restartedMain] org.hibernate.orm.connections.pooling - HHH10001005: Database info:
	Database JDBC URL [Connecting through datasource 'HikariDataSource (HikariPool-7)']
	Database driver: undefined/unknown
	Database version: 8.4.8
	Autocommit mode: undefined/unknown
	Isolation level: undefined/unknown
	Minimum pool size: undefined/unknown
	Maximum pool size: undefined/unknown
2026-05-22 12:14:33.775 INFO  [restartedMain] o.h.e.t.j.p.i.JtaPlatformInitiator - HHH000489: No JTA platform available (set 'hibernate.transaction.jta.platform' to enable JTA platform integration)
2026-05-22 12:14:33.795 INFO  [restartedMain] o.s.o.j.LocalContainerEntityManagerFactoryBean - Initialized JPA EntityManagerFactory for persistence unit 'default'
2026-05-22 12:14:33.952 WARN  [restartedMain] o.s.b.a.o.j.JpaBaseConfiguration$JpaWebConfiguration - spring.jpa.open-in-view is enabled by default. Therefore, database queries may be performed during view rendering. Explicitly configure spring.jpa.open-in-view to disable this warning
2026-05-22 12:14:34.180 INFO  [restartedMain] o.s.b.d.a.OptionalLiveReloadServer - LiveReload server is running on port 35729
2026-05-22 12:14:34.189 INFO  [restartedMain] o.a.coyote.http11.Http11NioProtocol - Starting ProtocolHandler ["http-nio-15000"]
2026-05-22 12:14:34.191 INFO  [restartedMain] o.s.b.w.embedded.tomcat.TomcatWebServer - Tomcat started on port 15000 (http) with context path '/'
2026-05-22 12:14:34.194 INFO  [restartedMain] c.k.a.AlgogaServerApplication - Started AlgogaServerApplication in 0.793 seconds (process running for 468.645)
2026-05-22 12:14:34.195 WARN  [restartedMain] o.s.core.events.SpringDocAppInitializer - SpringDoc /v3/api-docs endpoint is enabled by default. To disable it in production, set the property 'springdoc.api-docs.enabled=false'
2026-05-22 12:14:34.195 WARN  [restartedMain] o.s.core.events.SpringDocAppInitializer - SpringDoc /swagger-ui.html endpoint is enabled by default. To disable it in production, set the property 'springdoc.swagger-ui.enabled=false'
2026-05-22 12:14:34.196 INFO  [restartedMain] o.s.b.d.a.ConditionEvaluationDeltaLoggingListener - Condition evaluation unchanged
2026-05-22 12:15:09.693 INFO  [File Watcher] o.s.b.d.a.LocalDevToolsAutoConfiguration$RestartingClassPathChangeChangedEventListener - Restarting due to 2 class path changes (0 additions, 2 deletions, 0 modifications)
2026-05-22 12:15:09.694 INFO  [Thread-27] o.s.b.w.e.tomcat.GracefulShutdown - Commencing graceful shutdown. Waiting for active requests to complete
2026-05-22 12:15:09.694 INFO  [tomcat-shutdown] o.a.coyote.http11.Http11NioProtocol - Pausing ProtocolHandler ["http-nio-15000"]
2026-05-22 12:15:09.792 INFO  [tomcat-shutdown] o.s.b.w.e.tomcat.GracefulShutdown - Graceful shutdown complete
2026-05-22 12:15:09.793 INFO  [Thread-27] o.a.coyote.http11.Http11NioProtocol - Stopping ProtocolHandler ["http-nio-15000"]
2026-05-22 12:15:09.794 INFO  [Thread-27] o.s.o.j.LocalContainerEntityManagerFactoryBean - Closing JPA EntityManagerFactory for persistence unit 'default'
2026-05-22 12:15:09.795 INFO  [Thread-27] com.zaxxer.hikari.HikariDataSource - HikariPool-7 - Shutdown initiated...
2026-05-22 12:15:09.797 INFO  [Thread-27] com.zaxxer.hikari.HikariDataSource - HikariPool-7 - Shutdown completed.
2026-05-22 12:15:09.852 INFO  [restartedMain] c.k.a.AlgogaServerApplication - Starting AlgogaServerApplication using Java 17.0.18 with PID 18460 (C:\Algoga-backend\build\classes\java\main started by user in C:\Algoga-backend)
2026-05-22 12:15:09.852 INFO  [restartedMain] c.k.a.AlgogaServerApplication - No active profile set, falling back to 1 default profile: "default"
2026-05-22 12:15:10.003 INFO  [restartedMain] o.s.d.r.c.RepositoryConfigurationDelegate - Bootstrapping Spring Data JPA repositories in DEFAULT mode.
2026-05-22 12:15:10.031 INFO  [restartedMain] o.s.d.r.c.RepositoryConfigurationDelegate - Finished Spring Data repository scanning in 26 ms. Found 2 JPA repository interfaces.
2026-05-22 12:15:10.104 INFO  [restartedMain] o.s.b.w.embedded.tomcat.TomcatWebServer - Tomcat initialized with port 15000 (http)
2026-05-22 12:15:10.104 INFO  [restartedMain] o.a.coyote.http11.Http11NioProtocol - Initializing ProtocolHandler ["http-nio-15000"]
2026-05-22 12:15:10.104 INFO  [restartedMain] o.apache.catalina.core.StandardService - Starting service [Tomcat]
2026-05-22 12:15:10.104 INFO  [restartedMain] o.apache.catalina.core.StandardEngine - Starting Servlet engine: [Apache Tomcat/10.1.54]
2026-05-22 12:15:10.123 INFO  [restartedMain] o.a.c.c.C.[Tomcat].[localhost].[/] - Initializing Spring embedded WebApplicationContext
2026-05-22 12:15:10.123 INFO  [restartedMain] o.s.b.w.s.c.ServletWebServerApplicationContext - Root WebApplicationContext: initialization completed in 270 ms
2026-05-22 12:15:10.202 INFO  [restartedMain] o.hibernate.jpa.internal.util.LogHelper - HHH000204: Processing PersistenceUnitInfo [name: default]
2026-05-22 12:15:10.205 INFO  [restartedMain] o.h.c.internal.RegionFactoryInitiator - HHH000026: Second-level cache disabled
2026-05-22 12:15:10.212 INFO  [restartedMain] o.s.o.j.p.SpringPersistenceUnitInfo - No LoadTimeWeaver setup: ignoring JPA class transformer
2026-05-22 12:15:10.213 INFO  [restartedMain] com.zaxxer.hikari.HikariDataSource - HikariPool-8 - Starting...
2026-05-22 12:15:10.225 INFO  [restartedMain] com.zaxxer.hikari.pool.HikariPool - HikariPool-8 - Added connection com.mysql.cj.jdbc.ConnectionImpl@1f559735
2026-05-22 12:15:10.226 INFO  [restartedMain] com.zaxxer.hikari.HikariDataSource - HikariPool-8 - Start completed.
2026-05-22 12:15:10.227 INFO  [restartedMain] org.hibernate.orm.connections.pooling - HHH10001005: Database info:
	Database JDBC URL [Connecting through datasource 'HikariDataSource (HikariPool-8)']
	Database driver: undefined/unknown
	Database version: 8.4.8
	Autocommit mode: undefined/unknown
	Isolation level: undefined/unknown
	Minimum pool size: undefined/unknown
	Maximum pool size: undefined/unknown
2026-05-22 12:15:10.277 INFO  [restartedMain] o.h.e.t.j.p.i.JtaPlatformInitiator - HHH000489: No JTA platform available (set 'hibernate.transaction.jta.platform' to enable JTA platform integration)
2026-05-22 12:15:10.293 INFO  [restartedMain] o.s.o.j.LocalContainerEntityManagerFactoryBean - Initialized JPA EntityManagerFactory for persistence unit 'default'
2026-05-22 12:15:10.451 WARN  [restartedMain] o.s.b.a.o.j.JpaBaseConfiguration$JpaWebConfiguration - spring.jpa.open-in-view is enabled by default. Therefore, database queries may be performed during view rendering. Explicitly configure spring.jpa.open-in-view to disable this warning
2026-05-22 12:15:10.671 INFO  [restartedMain] o.s.b.d.a.OptionalLiveReloadServer - LiveReload server is running on port 35729
2026-05-22 12:15:10.678 INFO  [restartedMain] o.a.coyote.http11.Http11NioProtocol - Starting ProtocolHandler ["http-nio-15000"]
2026-05-22 12:15:10.680 INFO  [restartedMain] o.s.b.w.embedded.tomcat.TomcatWebServer - Tomcat started on port 15000 (http) with context path '/'
2026-05-22 12:15:10.683 INFO  [restartedMain] c.k.a.AlgogaServerApplication - Started AlgogaServerApplication in 0.851 seconds (process running for 505.134)
2026-05-22 12:15:10.684 WARN  [restartedMain] o.s.core.events.SpringDocAppInitializer - SpringDoc /v3/api-docs endpoint is enabled by default. To disable it in production, set the property 'springdoc.api-docs.enabled=false'
2026-05-22 12:15:10.684 WARN  [restartedMain] o.s.core.events.SpringDocAppInitializer - SpringDoc /swagger-ui.html endpoint is enabled by default. To disable it in production, set the property 'springdoc.swagger-ui.enabled=false'
2026-05-22 12:15:10.684 INFO  [restartedMain] o.s.b.d.a.ConditionEvaluationDeltaLoggingListener - Condition evaluation unchanged
2026-05-22 12:15:12.118 INFO  [File Watcher] o.s.b.d.a.LocalDevToolsAutoConfiguration$RestartingClassPathChangeChangedEventListener - Restarting due to 2 class path changes (2 additions, 0 deletions, 0 modifications)
2026-05-22 12:15:12.119 INFO  [Thread-31] o.s.b.w.e.tomcat.GracefulShutdown - Commencing graceful shutdown. Waiting for active requests to complete
2026-05-22 12:15:12.119 INFO  [tomcat-shutdown] o.a.coyote.http11.Http11NioProtocol - Pausing ProtocolHandler ["http-nio-15000"]
2026-05-22 12:15:12.227 INFO  [tomcat-shutdown] o.s.b.w.e.tomcat.GracefulShutdown - Graceful shutdown complete
2026-05-22 12:15:12.228 INFO  [Thread-31] o.a.coyote.http11.Http11NioProtocol - Stopping ProtocolHandler ["http-nio-15000"]
2026-05-22 12:15:12.229 INFO  [Thread-31] o.s.o.j.LocalContainerEntityManagerFactoryBean - Closing JPA EntityManagerFactory for persistence unit 'default'
2026-05-22 12:15:12.229 INFO  [Thread-31] com.zaxxer.hikari.HikariDataSource - HikariPool-8 - Shutdown initiated...
2026-05-22 12:15:12.232 INFO  [Thread-31] com.zaxxer.hikari.HikariDataSource - HikariPool-8 - Shutdown completed.
2026-05-22 12:15:12.282 INFO  [restartedMain] c.k.a.AlgogaServerApplication - Starting AlgogaServerApplication using Java 17.0.18 with PID 18460 (C:\Algoga-backend\build\classes\java\main started by user in C:\Algoga-backend)
2026-05-22 12:15:12.282 INFO  [restartedMain] c.k.a.AlgogaServerApplication - No active profile set, falling back to 1 default profile: "default"
2026-05-22 12:15:12.425 INFO  [restartedMain] o.s.d.r.c.RepositoryConfigurationDelegate - Bootstrapping Spring Data JPA repositories in DEFAULT mode.
2026-05-22 12:15:12.448 INFO  [restartedMain] o.s.d.r.c.RepositoryConfigurationDelegate - Finished Spring Data repository scanning in 22 ms. Found 2 JPA repository interfaces.
2026-05-22 12:15:12.526 INFO  [restartedMain] o.s.b.w.embedded.tomcat.TomcatWebServer - Tomcat initialized with port 15000 (http)
2026-05-22 12:15:12.527 INFO  [restartedMain] o.a.coyote.http11.Http11NioProtocol - Initializing ProtocolHandler ["http-nio-15000"]
2026-05-22 12:15:12.527 INFO  [restartedMain] o.apache.catalina.core.StandardService - Starting service [Tomcat]
2026-05-22 12:15:12.527 INFO  [restartedMain] o.apache.catalina.core.StandardEngine - Starting Servlet engine: [Apache Tomcat/10.1.54]
2026-05-22 12:15:12.540 INFO  [restartedMain] o.a.c.c.C.[Tomcat].[localhost].[/] - Initializing Spring embedded WebApplicationContext
2026-05-22 12:15:12.540 INFO  [restartedMain] o.s.b.w.s.c.ServletWebServerApplicationContext - Root WebApplicationContext: initialization completed in 257 ms
2026-05-22 12:15:12.576 INFO  [restartedMain] o.hibernate.jpa.internal.util.LogHelper - HHH000204: Processing PersistenceUnitInfo [name: default]
2026-05-22 12:15:12.578 INFO  [restartedMain] o.h.c.internal.RegionFactoryInitiator - HHH000026: Second-level cache disabled
2026-05-22 12:15:12.583 INFO  [restartedMain] o.s.o.j.p.SpringPersistenceUnitInfo - No LoadTimeWeaver setup: ignoring JPA class transformer
2026-05-22 12:15:12.583 INFO  [restartedMain] com.zaxxer.hikari.HikariDataSource - HikariPool-9 - Starting...
2026-05-22 12:15:12.592 INFO  [restartedMain] com.zaxxer.hikari.pool.HikariPool - HikariPool-9 - Added connection com.mysql.cj.jdbc.ConnectionImpl@24b2dcff
2026-05-22 12:15:12.592 INFO  [restartedMain] com.zaxxer.hikari.HikariDataSource - HikariPool-9 - Start completed.
2026-05-22 12:15:12.593 INFO  [restartedMain] org.hibernate.orm.connections.pooling - HHH10001005: Database info:
	Database JDBC URL [Connecting through datasource 'HikariDataSource (HikariPool-9)']
	Database driver: undefined/unknown
	Database version: 8.4.8
	Autocommit mode: undefined/unknown
	Isolation level: undefined/unknown
	Minimum pool size: undefined/unknown
	Maximum pool size: undefined/unknown
2026-05-22 12:15:12.627 INFO  [restartedMain] o.h.e.t.j.p.i.JtaPlatformInitiator - HHH000489: No JTA platform available (set 'hibernate.transaction.jta.platform' to enable JTA platform integration)
2026-05-22 12:15:12.639 INFO  [restartedMain] o.s.o.j.LocalContainerEntityManagerFactoryBean - Initialized JPA EntityManagerFactory for persistence unit 'default'
2026-05-22 12:15:12.759 WARN  [restartedMain] o.s.b.a.o.j.JpaBaseConfiguration$JpaWebConfiguration - spring.jpa.open-in-view is enabled by default. Therefore, database queries may be performed during view rendering. Explicitly configure spring.jpa.open-in-view to disable this warning
2026-05-22 12:15:12.987 INFO  [restartedMain] o.s.b.d.a.OptionalLiveReloadServer - LiveReload server is running on port 35729
2026-05-22 12:15:12.995 INFO  [restartedMain] o.a.coyote.http11.Http11NioProtocol - Starting ProtocolHandler ["http-nio-15000"]
2026-05-22 12:15:12.997 INFO  [restartedMain] o.s.b.w.embedded.tomcat.TomcatWebServer - Tomcat started on port 15000 (http) with context path '/'
2026-05-22 12:15:13.001 INFO  [restartedMain] c.k.a.AlgogaServerApplication - Started AlgogaServerApplication in 0.739 seconds (process running for 507.451)
2026-05-22 12:15:13.001 WARN  [restartedMain] o.s.core.events.SpringDocAppInitializer - SpringDoc /v3/api-docs endpoint is enabled by default. To disable it in production, set the property 'springdoc.api-docs.enabled=false'
2026-05-22 12:15:13.002 WARN  [restartedMain] o.s.core.events.SpringDocAppInitializer - SpringDoc /swagger-ui.html endpoint is enabled by default. To disable it in production, set the property 'springdoc.swagger-ui.enabled=false'
2026-05-22 12:15:13.002 INFO  [restartedMain] o.s.b.d.a.ConditionEvaluationDeltaLoggingListener - Condition evaluation unchanged
2026-05-22 12:15:40.214 INFO  [File Watcher] o.s.b.d.a.LocalDevToolsAutoConfiguration$RestartingClassPathChangeChangedEventListener - Restarting due to 2 class path changes (0 additions, 2 deletions, 0 modifications)
2026-05-22 12:15:40.215 INFO  [Thread-35] o.s.b.w.e.tomcat.GracefulShutdown - Commencing graceful shutdown. Waiting for active requests to complete
2026-05-22 12:15:40.215 INFO  [tomcat-shutdown] o.a.coyote.http11.Http11NioProtocol - Pausing ProtocolHandler ["http-nio-15000"]
2026-05-22 12:15:40.322 INFO  [tomcat-shutdown] o.s.b.w.e.tomcat.GracefulShutdown - Graceful shutdown complete
2026-05-22 12:15:40.322 INFO  [Thread-35] o.a.coyote.http11.Http11NioProtocol - Stopping ProtocolHandler ["http-nio-15000"]
2026-05-22 12:15:40.323 INFO  [Thread-35] o.s.o.j.LocalContainerEntityManagerFactoryBean - Closing JPA EntityManagerFactory for persistence unit 'default'
2026-05-22 12:15:40.323 INFO  [Thread-35] com.zaxxer.hikari.HikariDataSource - HikariPool-9 - Shutdown initiated...
2026-05-22 12:15:40.325 INFO  [Thread-35] com.zaxxer.hikari.HikariDataSource - HikariPool-9 - Shutdown completed.
2026-05-22 12:15:40.383 INFO  [restartedMain] c.k.a.AlgogaServerApplication - Starting AlgogaServerApplication using Java 17.0.18 with PID 18460 (C:\Algoga-backend\build\classes\java\main started by user in C:\Algoga-backend)
2026-05-22 12:15:40.383 INFO  [restartedMain] c.k.a.AlgogaServerApplication - No active profile set, falling back to 1 default profile: "default"
2026-05-22 12:15:40.520 INFO  [restartedMain] o.s.d.r.c.RepositoryConfigurationDelegate - Bootstrapping Spring Data JPA repositories in DEFAULT mode.
2026-05-22 12:15:40.539 INFO  [restartedMain] o.s.d.r.c.RepositoryConfigurationDelegate - Finished Spring Data repository scanning in 18 ms. Found 2 JPA repository interfaces.
2026-05-22 12:15:40.657 INFO  [restartedMain] o.s.b.w.embedded.tomcat.TomcatWebServer - Tomcat initialized with port 15000 (http)
2026-05-22 12:15:40.658 INFO  [restartedMain] o.a.coyote.http11.Http11NioProtocol - Initializing ProtocolHandler ["http-nio-15000"]
2026-05-22 12:15:40.658 INFO  [restartedMain] o.apache.catalina.core.StandardService - Starting service [Tomcat]
2026-05-22 12:15:40.658 INFO  [restartedMain] o.apache.catalina.core.StandardEngine - Starting Servlet engine: [Apache Tomcat/10.1.54]
2026-05-22 12:15:40.671 INFO  [restartedMain] o.a.c.c.C.[Tomcat].[localhost].[/] - Initializing Spring embedded WebApplicationContext
2026-05-22 12:15:40.671 INFO  [restartedMain] o.s.b.w.s.c.ServletWebServerApplicationContext - Root WebApplicationContext: initialization completed in 287 ms
2026-05-22 12:15:40.715 INFO  [restartedMain] o.hibernate.jpa.internal.util.LogHelper - HHH000204: Processing PersistenceUnitInfo [name: default]
2026-05-22 12:15:40.717 INFO  [restartedMain] o.h.c.internal.RegionFactoryInitiator - HHH000026: Second-level cache disabled
2026-05-22 12:15:40.722 INFO  [restartedMain] o.s.o.j.p.SpringPersistenceUnitInfo - No LoadTimeWeaver setup: ignoring JPA class transformer
2026-05-22 12:15:40.723 INFO  [restartedMain] com.zaxxer.hikari.HikariDataSource - HikariPool-10 - Starting...
2026-05-22 12:15:40.731 INFO  [restartedMain] com.zaxxer.hikari.pool.HikariPool - HikariPool-10 - Added connection com.mysql.cj.jdbc.ConnectionImpl@1390a11
2026-05-22 12:15:40.731 INFO  [restartedMain] com.zaxxer.hikari.HikariDataSource - HikariPool-10 - Start completed.
2026-05-22 12:15:40.731 INFO  [restartedMain] org.hibernate.orm.connections.pooling - HHH10001005: Database info:
	Database JDBC URL [Connecting through datasource 'HikariDataSource (HikariPool-10)']
	Database driver: undefined/unknown
	Database version: 8.4.8
	Autocommit mode: undefined/unknown
	Isolation level: undefined/unknown
	Minimum pool size: undefined/unknown
	Maximum pool size: undefined/unknown
2026-05-22 12:15:40.762 INFO  [restartedMain] o.h.e.t.j.p.i.JtaPlatformInitiator - HHH000489: No JTA platform available (set 'hibernate.transaction.jta.platform' to enable JTA platform integration)
2026-05-22 12:15:40.772 INFO  [restartedMain] o.s.o.j.LocalContainerEntityManagerFactoryBean - Initialized JPA EntityManagerFactory for persistence unit 'default'
2026-05-22 12:15:40.877 WARN  [restartedMain] o.s.b.a.o.j.JpaBaseConfiguration$JpaWebConfiguration - spring.jpa.open-in-view is enabled by default. Therefore, database queries may be performed during view rendering. Explicitly configure spring.jpa.open-in-view to disable this warning
2026-05-22 12:15:41.071 INFO  [restartedMain] o.s.b.d.a.OptionalLiveReloadServer - LiveReload server is running on port 35729
2026-05-22 12:15:41.077 INFO  [restartedMain] o.a.coyote.http11.Http11NioProtocol - Starting ProtocolHandler ["http-nio-15000"]
2026-05-22 12:15:41.079 INFO  [restartedMain] o.s.b.w.embedded.tomcat.TomcatWebServer - Tomcat started on port 15000 (http) with context path '/'
2026-05-22 12:15:41.082 INFO  [restartedMain] c.k.a.AlgogaServerApplication - Started AlgogaServerApplication in 0.715 seconds (process running for 535.532)
2026-05-22 12:15:41.082 WARN  [restartedMain] o.s.core.events.SpringDocAppInitializer - SpringDoc /v3/api-docs endpoint is enabled by default. To disable it in production, set the property 'springdoc.api-docs.enabled=false'
2026-05-22 12:15:41.082 WARN  [restartedMain] o.s.core.events.SpringDocAppInitializer - SpringDoc /swagger-ui.html endpoint is enabled by default. To disable it in production, set the property 'springdoc.swagger-ui.enabled=false'
2026-05-22 12:15:41.082 INFO  [restartedMain] o.s.b.d.a.ConditionEvaluationDeltaLoggingListener - Condition evaluation unchanged
2026-05-22 12:15:42.524 INFO  [File Watcher] o.s.b.d.a.LocalDevToolsAutoConfiguration$RestartingClassPathChangeChangedEventListener - Restarting due to 2 class path changes (2 additions, 0 deletions, 0 modifications)
2026-05-22 12:15:42.525 INFO  [Thread-39] o.s.b.w.e.tomcat.GracefulShutdown - Commencing graceful shutdown. Waiting for active requests to complete
2026-05-22 12:15:42.525 INFO  [tomcat-shutdown] o.a.coyote.http11.Http11NioProtocol - Pausing ProtocolHandler ["http-nio-15000"]
2026-05-22 12:15:42.633 INFO  [tomcat-shutdown] o.s.b.w.e.tomcat.GracefulShutdown - Graceful shutdown complete
2026-05-22 12:15:42.633 INFO  [Thread-39] o.a.coyote.http11.Http11NioProtocol - Stopping ProtocolHandler ["http-nio-15000"]
2026-05-22 12:15:42.635 INFO  [Thread-39] o.s.o.j.LocalContainerEntityManagerFactoryBean - Closing JPA EntityManagerFactory for persistence unit 'default'
2026-05-22 12:15:42.635 INFO  [Thread-39] com.zaxxer.hikari.HikariDataSource - HikariPool-10 - Shutdown initiated...
2026-05-22 12:15:42.637 INFO  [Thread-39] com.zaxxer.hikari.HikariDataSource - HikariPool-10 - Shutdown completed.
2026-05-22 12:15:42.700 INFO  [restartedMain] c.k.a.AlgogaServerApplication - Starting AlgogaServerApplication using Java 17.0.18 with PID 18460 (C:\Algoga-backend\build\classes\java\main started by user in C:\Algoga-backend)
2026-05-22 12:15:42.700 INFO  [restartedMain] c.k.a.AlgogaServerApplication - No active profile set, falling back to 1 default profile: "default"
2026-05-22 12:15:42.837 INFO  [restartedMain] o.s.d.r.c.RepositoryConfigurationDelegate - Bootstrapping Spring Data JPA repositories in DEFAULT mode.
2026-05-22 12:15:42.858 INFO  [restartedMain] o.s.d.r.c.RepositoryConfigurationDelegate - Finished Spring Data repository scanning in 20 ms. Found 2 JPA repository interfaces.
2026-05-22 12:15:42.932 INFO  [restartedMain] o.s.b.w.embedded.tomcat.TomcatWebServer - Tomcat initialized with port 15000 (http)
2026-05-22 12:15:42.932 INFO  [restartedMain] o.a.coyote.http11.Http11NioProtocol - Initializing ProtocolHandler ["http-nio-15000"]
2026-05-22 12:15:42.932 INFO  [restartedMain] o.apache.catalina.core.StandardService - Starting service [Tomcat]
2026-05-22 12:15:42.932 INFO  [restartedMain] o.apache.catalina.core.StandardEngine - Starting Servlet engine: [Apache Tomcat/10.1.54]
2026-05-22 12:15:42.945 INFO  [restartedMain] o.a.c.c.C.[Tomcat].[localhost].[/] - Initializing Spring embedded WebApplicationContext
2026-05-22 12:15:42.945 INFO  [restartedMain] o.s.b.w.s.c.ServletWebServerApplicationContext - Root WebApplicationContext: initialization completed in 244 ms
2026-05-22 12:15:42.988 INFO  [restartedMain] o.hibernate.jpa.internal.util.LogHelper - HHH000204: Processing PersistenceUnitInfo [name: default]
2026-05-22 12:15:42.991 INFO  [restartedMain] o.h.c.internal.RegionFactoryInitiator - HHH000026: Second-level cache disabled
2026-05-22 12:15:42.994 INFO  [restartedMain] o.s.o.j.p.SpringPersistenceUnitInfo - No LoadTimeWeaver setup: ignoring JPA class transformer
2026-05-22 12:15:42.994 INFO  [restartedMain] com.zaxxer.hikari.HikariDataSource - HikariPool-11 - Starting...
2026-05-22 12:15:43.002 INFO  [restartedMain] com.zaxxer.hikari.pool.HikariPool - HikariPool-11 - Added connection com.mysql.cj.jdbc.ConnectionImpl@72a75c2
2026-05-22 12:15:43.002 INFO  [restartedMain] com.zaxxer.hikari.HikariDataSource - HikariPool-11 - Start completed.
2026-05-22 12:15:43.004 INFO  [restartedMain] org.hibernate.orm.connections.pooling - HHH10001005: Database info:
	Database JDBC URL [Connecting through datasource 'HikariDataSource (HikariPool-11)']
	Database driver: undefined/unknown
	Database version: 8.4.8
	Autocommit mode: undefined/unknown
	Isolation level: undefined/unknown
	Minimum pool size: undefined/unknown
	Maximum pool size: undefined/unknown
2026-05-22 12:15:43.034 INFO  [restartedMain] o.h.e.t.j.p.i.JtaPlatformInitiator - HHH000489: No JTA platform available (set 'hibernate.transaction.jta.platform' to enable JTA platform integration)
2026-05-22 12:15:43.045 INFO  [restartedMain] o.s.o.j.LocalContainerEntityManagerFactoryBean - Initialized JPA EntityManagerFactory for persistence unit 'default'
2026-05-22 12:15:43.153 WARN  [restartedMain] o.s.b.a.o.j.JpaBaseConfiguration$JpaWebConfiguration - spring.jpa.open-in-view is enabled by default. Therefore, database queries may be performed during view rendering. Explicitly configure spring.jpa.open-in-view to disable this warning
2026-05-22 12:15:43.363 INFO  [restartedMain] o.s.b.d.a.OptionalLiveReloadServer - LiveReload server is running on port 35729
2026-05-22 12:15:43.370 INFO  [restartedMain] o.a.coyote.http11.Http11NioProtocol - Starting ProtocolHandler ["http-nio-15000"]
2026-05-22 12:15:43.372 INFO  [restartedMain] o.s.b.w.embedded.tomcat.TomcatWebServer - Tomcat started on port 15000 (http) with context path '/'
2026-05-22 12:15:43.375 INFO  [restartedMain] c.k.a.AlgogaServerApplication - Started AlgogaServerApplication in 0.692 seconds (process running for 537.825)
2026-05-22 12:15:43.375 WARN  [restartedMain] o.s.core.events.SpringDocAppInitializer - SpringDoc /v3/api-docs endpoint is enabled by default. To disable it in production, set the property 'springdoc.api-docs.enabled=false'
2026-05-22 12:15:43.375 WARN  [restartedMain] o.s.core.events.SpringDocAppInitializer - SpringDoc /swagger-ui.html endpoint is enabled by default. To disable it in production, set the property 'springdoc.swagger-ui.enabled=false'
2026-05-22 12:15:43.376 INFO  [restartedMain] o.s.b.d.a.ConditionEvaluationDeltaLoggingListener - Condition evaluation unchanged
2026-05-22 12:15:59.266 INFO  [File Watcher] o.s.b.d.a.LocalDevToolsAutoConfiguration$RestartingClassPathChangeChangedEventListener - Restarting due to 2 class path changes (0 additions, 2 deletions, 0 modifications)
2026-05-22 12:15:59.267 INFO  [Thread-43] o.s.b.w.e.tomcat.GracefulShutdown - Commencing graceful shutdown. Waiting for active requests to complete
2026-05-22 12:15:59.268 INFO  [tomcat-shutdown] o.a.coyote.http11.Http11NioProtocol - Pausing ProtocolHandler ["http-nio-15000"]
2026-05-22 12:15:59.407 INFO  [tomcat-shutdown] o.s.b.w.e.tomcat.GracefulShutdown - Graceful shutdown complete
2026-05-22 12:15:59.408 INFO  [Thread-43] o.a.coyote.http11.Http11NioProtocol - Stopping ProtocolHandler ["http-nio-15000"]
2026-05-22 12:15:59.409 INFO  [Thread-43] o.s.o.j.LocalContainerEntityManagerFactoryBean - Closing JPA EntityManagerFactory for persistence unit 'default'
2026-05-22 12:15:59.409 INFO  [Thread-43] com.zaxxer.hikari.HikariDataSource - HikariPool-11 - Shutdown initiated...
2026-05-22 12:15:59.411 INFO  [Thread-43] com.zaxxer.hikari.HikariDataSource - HikariPool-11 - Shutdown completed.
2026-05-22 12:15:59.461 INFO  [restartedMain] c.k.a.AlgogaServerApplication - Starting AlgogaServerApplication using Java 17.0.18 with PID 18460 (C:\Algoga-backend\build\classes\java\main started by user in C:\Algoga-backend)
2026-05-22 12:15:59.461 INFO  [restartedMain] c.k.a.AlgogaServerApplication - No active profile set, falling back to 1 default profile: "default"
2026-05-22 12:15:59.608 INFO  [restartedMain] o.s.d.r.c.RepositoryConfigurationDelegate - Bootstrapping Spring Data JPA repositories in DEFAULT mode.
2026-05-22 12:15:59.660 INFO  [restartedMain] o.s.d.r.c.RepositoryConfigurationDelegate - Finished Spring Data repository scanning in 51 ms. Found 2 JPA repository interfaces.
2026-05-22 12:15:59.751 INFO  [restartedMain] o.s.b.w.embedded.tomcat.TomcatWebServer - Tomcat initialized with port 15000 (http)
2026-05-22 12:15:59.751 INFO  [restartedMain] o.a.coyote.http11.Http11NioProtocol - Initializing ProtocolHandler ["http-nio-15000"]
2026-05-22 12:15:59.752 INFO  [restartedMain] o.apache.catalina.core.StandardService - Starting service [Tomcat]
2026-05-22 12:15:59.752 INFO  [restartedMain] o.apache.catalina.core.StandardEngine - Starting Servlet engine: [Apache Tomcat/10.1.54]
2026-05-22 12:15:59.781 INFO  [restartedMain] o.a.c.c.C.[Tomcat].[localhost].[/] - Initializing Spring embedded WebApplicationContext
2026-05-22 12:15:59.781 INFO  [restartedMain] o.s.b.w.s.c.ServletWebServerApplicationContext - Root WebApplicationContext: initialization completed in 319 ms
2026-05-22 12:15:59.820 INFO  [restartedMain] o.hibernate.jpa.internal.util.LogHelper - HHH000204: Processing PersistenceUnitInfo [name: default]
2026-05-22 12:15:59.822 INFO  [restartedMain] o.h.c.internal.RegionFactoryInitiator - HHH000026: Second-level cache disabled
2026-05-22 12:15:59.826 INFO  [restartedMain] o.s.o.j.p.SpringPersistenceUnitInfo - No LoadTimeWeaver setup: ignoring JPA class transformer
2026-05-22 12:15:59.826 INFO  [restartedMain] com.zaxxer.hikari.HikariDataSource - HikariPool-12 - Starting...
2026-05-22 12:15:59.835 INFO  [restartedMain] com.zaxxer.hikari.pool.HikariPool - HikariPool-12 - Added connection com.mysql.cj.jdbc.ConnectionImpl@7406f70b
2026-05-22 12:15:59.836 INFO  [restartedMain] com.zaxxer.hikari.HikariDataSource - HikariPool-12 - Start completed.
2026-05-22 12:15:59.836 INFO  [restartedMain] org.hibernate.orm.connections.pooling - HHH10001005: Database info:
	Database JDBC URL [Connecting through datasource 'HikariDataSource (HikariPool-12)']
	Database driver: undefined/unknown
	Database version: 8.4.8
	Autocommit mode: undefined/unknown
	Isolation level: undefined/unknown
	Minimum pool size: undefined/unknown
	Maximum pool size: undefined/unknown
2026-05-22 12:15:59.864 INFO  [restartedMain] o.h.e.t.j.p.i.JtaPlatformInitiator - HHH000489: No JTA platform available (set 'hibernate.transaction.jta.platform' to enable JTA platform integration)
2026-05-22 12:15:59.873 INFO  [restartedMain] o.s.o.j.LocalContainerEntityManagerFactoryBean - Initialized JPA EntityManagerFactory for persistence unit 'default'
2026-05-22 12:15:59.991 WARN  [restartedMain] o.s.b.a.o.j.JpaBaseConfiguration$JpaWebConfiguration - spring.jpa.open-in-view is enabled by default. Therefore, database queries may be performed during view rendering. Explicitly configure spring.jpa.open-in-view to disable this warning
2026-05-22 12:16:00.195 INFO  [restartedMain] o.s.b.d.a.OptionalLiveReloadServer - LiveReload server is running on port 35729
2026-05-22 12:16:00.201 INFO  [restartedMain] o.a.coyote.http11.Http11NioProtocol - Starting ProtocolHandler ["http-nio-15000"]
2026-05-22 12:16:00.203 INFO  [restartedMain] o.s.b.w.embedded.tomcat.TomcatWebServer - Tomcat started on port 15000 (http) with context path '/'
2026-05-22 12:16:00.205 INFO  [restartedMain] c.k.a.AlgogaServerApplication - Started AlgogaServerApplication in 0.761 seconds (process running for 554.655)
2026-05-22 12:16:00.206 WARN  [restartedMain] o.s.core.events.SpringDocAppInitializer - SpringDoc /v3/api-docs endpoint is enabled by default. To disable it in production, set the property 'springdoc.api-docs.enabled=false'
2026-05-22 12:16:00.206 WARN  [restartedMain] o.s.core.events.SpringDocAppInitializer - SpringDoc /swagger-ui.html endpoint is enabled by default. To disable it in production, set the property 'springdoc.swagger-ui.enabled=false'
2026-05-22 12:16:00.206 INFO  [restartedMain] o.s.b.d.a.ConditionEvaluationDeltaLoggingListener - Condition evaluation unchanged
2026-05-22 12:16:01.650 INFO  [File Watcher] o.s.b.d.a.LocalDevToolsAutoConfiguration$RestartingClassPathChangeChangedEventListener - Restarting due to 2 class path changes (2 additions, 0 deletions, 0 modifications)
2026-05-22 12:16:01.651 INFO  [Thread-47] o.s.b.w.e.tomcat.GracefulShutdown - Commencing graceful shutdown. Waiting for active requests to complete
2026-05-22 12:16:01.651 INFO  [tomcat-shutdown] o.a.coyote.http11.Http11NioProtocol - Pausing ProtocolHandler ["http-nio-15000"]
2026-05-22 12:16:01.750 INFO  [tomcat-shutdown] o.s.b.w.e.tomcat.GracefulShutdown - Graceful shutdown complete
2026-05-22 12:16:01.750 INFO  [Thread-47] o.a.coyote.http11.Http11NioProtocol - Stopping ProtocolHandler ["http-nio-15000"]
2026-05-22 12:16:01.751 INFO  [Thread-47] o.s.o.j.LocalContainerEntityManagerFactoryBean - Closing JPA EntityManagerFactory for persistence unit 'default'
2026-05-22 12:16:01.752 INFO  [Thread-47] com.zaxxer.hikari.HikariDataSource - HikariPool-12 - Shutdown initiated...
2026-05-22 12:16:01.753 INFO  [Thread-47] com.zaxxer.hikari.HikariDataSource - HikariPool-12 - Shutdown completed.
2026-05-22 12:16:01.805 INFO  [restartedMain] c.k.a.AlgogaServerApplication - Starting AlgogaServerApplication using Java 17.0.18 with PID 18460 (C:\Algoga-backend\build\classes\java\main started by user in C:\Algoga-backend)
2026-05-22 12:16:01.805 INFO  [restartedMain] c.k.a.AlgogaServerApplication - No active profile set, falling back to 1 default profile: "default"
2026-05-22 12:16:01.943 INFO  [restartedMain] o.s.d.r.c.RepositoryConfigurationDelegate - Bootstrapping Spring Data JPA repositories in DEFAULT mode.
2026-05-22 12:16:01.963 INFO  [restartedMain] o.s.d.r.c.RepositoryConfigurationDelegate - Finished Spring Data repository scanning in 19 ms. Found 2 JPA repository interfaces.
2026-05-22 12:16:02.038 INFO  [restartedMain] o.s.b.w.embedded.tomcat.TomcatWebServer - Tomcat initialized with port 15000 (http)
2026-05-22 12:16:02.039 INFO  [restartedMain] o.a.coyote.http11.Http11NioProtocol - Initializing ProtocolHandler ["http-nio-15000"]
2026-05-22 12:16:02.039 INFO  [restartedMain] o.apache.catalina.core.StandardService - Starting service [Tomcat]
2026-05-22 12:16:02.039 INFO  [restartedMain] o.apache.catalina.core.StandardEngine - Starting Servlet engine: [Apache Tomcat/10.1.54]
2026-05-22 12:16:02.051 INFO  [restartedMain] o.a.c.c.C.[Tomcat].[localhost].[/] - Initializing Spring embedded WebApplicationContext
2026-05-22 12:16:02.051 INFO  [restartedMain] o.s.b.w.s.c.ServletWebServerApplicationContext - Root WebApplicationContext: initialization completed in 245 ms
2026-05-22 12:16:02.091 INFO  [restartedMain] o.hibernate.jpa.internal.util.LogHelper - HHH000204: Processing PersistenceUnitInfo [name: default]
2026-05-22 12:16:02.093 INFO  [restartedMain] o.h.c.internal.RegionFactoryInitiator - HHH000026: Second-level cache disabled
2026-05-22 12:16:02.098 INFO  [restartedMain] o.s.o.j.p.SpringPersistenceUnitInfo - No LoadTimeWeaver setup: ignoring JPA class transformer
2026-05-22 12:16:02.098 INFO  [restartedMain] com.zaxxer.hikari.HikariDataSource - HikariPool-13 - Starting...
2026-05-22 12:16:02.106 INFO  [restartedMain] com.zaxxer.hikari.pool.HikariPool - HikariPool-13 - Added connection com.mysql.cj.jdbc.ConnectionImpl@270e3bd7
2026-05-22 12:16:02.106 INFO  [restartedMain] com.zaxxer.hikari.HikariDataSource - HikariPool-13 - Start completed.
2026-05-22 12:16:02.107 INFO  [restartedMain] org.hibernate.orm.connections.pooling - HHH10001005: Database info:
	Database JDBC URL [Connecting through datasource 'HikariDataSource (HikariPool-13)']
	Database driver: undefined/unknown
	Database version: 8.4.8
	Autocommit mode: undefined/unknown
	Isolation level: undefined/unknown
	Minimum pool size: undefined/unknown
	Maximum pool size: undefined/unknown
2026-05-22 12:16:02.135 INFO  [restartedMain] o.h.e.t.j.p.i.JtaPlatformInitiator - HHH000489: No JTA platform available (set 'hibernate.transaction.jta.platform' to enable JTA platform integration)
2026-05-22 12:16:02.145 INFO  [restartedMain] o.s.o.j.LocalContainerEntityManagerFactoryBean - Initialized JPA EntityManagerFactory for persistence unit 'default'
2026-05-22 12:16:02.253 WARN  [restartedMain] o.s.b.a.o.j.JpaBaseConfiguration$JpaWebConfiguration - spring.jpa.open-in-view is enabled by default. Therefore, database queries may be performed during view rendering. Explicitly configure spring.jpa.open-in-view to disable this warning
2026-05-22 12:16:02.463 INFO  [restartedMain] o.s.b.d.a.OptionalLiveReloadServer - LiveReload server is running on port 35729
2026-05-22 12:16:02.470 INFO  [restartedMain] o.a.coyote.http11.Http11NioProtocol - Starting ProtocolHandler ["http-nio-15000"]
2026-05-22 12:16:02.472 INFO  [restartedMain] o.s.b.w.embedded.tomcat.TomcatWebServer - Tomcat started on port 15000 (http) with context path '/'
2026-05-22 12:16:02.475 INFO  [restartedMain] c.k.a.AlgogaServerApplication - Started AlgogaServerApplication in 0.687 seconds (process running for 556.926)
2026-05-22 12:16:02.475 WARN  [restartedMain] o.s.core.events.SpringDocAppInitializer - SpringDoc /v3/api-docs endpoint is enabled by default. To disable it in production, set the property 'springdoc.api-docs.enabled=false'
2026-05-22 12:16:02.476 WARN  [restartedMain] o.s.core.events.SpringDocAppInitializer - SpringDoc /swagger-ui.html endpoint is enabled by default. To disable it in production, set the property 'springdoc.swagger-ui.enabled=false'
2026-05-22 12:16:02.476 INFO  [restartedMain] o.s.b.d.a.ConditionEvaluationDeltaLoggingListener - Condition evaluation unchanged
2026-05-22 12:44:56.332 INFO  [File Watcher] o.s.b.d.a.LocalDevToolsAutoConfiguration$RestartingClassPathChangeChangedEventListener - Restarting due to 7 class path changes (0 additions, 7 deletions, 0 modifications)
2026-05-22 12:44:56.333 INFO  [Thread-51] o.s.b.w.e.tomcat.GracefulShutdown - Commencing graceful shutdown. Waiting for active requests to complete
2026-05-22 12:44:56.334 INFO  [tomcat-shutdown] o.a.coyote.http11.Http11NioProtocol - Pausing ProtocolHandler ["http-nio-15000"]
2026-05-22 12:44:56.434 INFO  [tomcat-shutdown] o.s.b.w.e.tomcat.GracefulShutdown - Graceful shutdown complete
2026-05-22 12:44:56.434 INFO  [Thread-51] o.a.coyote.http11.Http11NioProtocol - Stopping ProtocolHandler ["http-nio-15000"]
2026-05-22 12:44:56.435 INFO  [Thread-51] o.s.o.j.LocalContainerEntityManagerFactoryBean - Closing JPA EntityManagerFactory for persistence unit 'default'
2026-05-22 12:44:56.436 INFO  [Thread-51] com.zaxxer.hikari.HikariDataSource - HikariPool-13 - Shutdown initiated...
2026-05-22 12:44:56.437 INFO  [Thread-51] com.zaxxer.hikari.HikariDataSource - HikariPool-13 - Shutdown completed.
2026-05-22 12:44:56.493 INFO  [restartedMain] c.k.a.AlgogaServerApplication - Starting AlgogaServerApplication using Java 17.0.18 with PID 18460 (C:\Algoga-backend\build\classes\java\main started by user in C:\Algoga-backend)
2026-05-22 12:44:56.493 INFO  [restartedMain] c.k.a.AlgogaServerApplication - No active profile set, falling back to 1 default profile: "default"
2026-05-22 12:44:56.640 INFO  [restartedMain] o.s.d.r.c.RepositoryConfigurationDelegate - Bootstrapping Spring Data JPA repositories in DEFAULT mode.
2026-05-22 12:44:56.664 INFO  [restartedMain] o.s.d.r.c.RepositoryConfigurationDelegate - Finished Spring Data repository scanning in 24 ms. Found 2 JPA repository interfaces.
2026-05-22 12:44:56.763 INFO  [restartedMain] o.s.b.w.embedded.tomcat.TomcatWebServer - Tomcat initialized with port 15000 (http)
2026-05-22 12:44:56.764 INFO  [restartedMain] o.a.coyote.http11.Http11NioProtocol - Initializing ProtocolHandler ["http-nio-15000"]
2026-05-22 12:44:56.765 INFO  [restartedMain] o.apache.catalina.core.StandardService - Starting service [Tomcat]
2026-05-22 12:44:56.765 INFO  [restartedMain] o.apache.catalina.core.StandardEngine - Starting Servlet engine: [Apache Tomcat/10.1.54]
2026-05-22 12:44:56.793 INFO  [restartedMain] o.a.c.c.C.[Tomcat].[localhost].[/] - Initializing Spring embedded WebApplicationContext
2026-05-22 12:44:56.793 INFO  [restartedMain] o.s.b.w.s.c.ServletWebServerApplicationContext - Root WebApplicationContext: initialization completed in 299 ms
2026-05-22 12:44:56.835 INFO  [restartedMain] o.hibernate.jpa.internal.util.LogHelper - HHH000204: Processing PersistenceUnitInfo [name: default]
2026-05-22 12:44:56.837 INFO  [restartedMain] o.h.c.internal.RegionFactoryInitiator - HHH000026: Second-level cache disabled
2026-05-22 12:44:56.842 INFO  [restartedMain] o.s.o.j.p.SpringPersistenceUnitInfo - No LoadTimeWeaver setup: ignoring JPA class transformer
2026-05-22 12:44:56.842 INFO  [restartedMain] com.zaxxer.hikari.HikariDataSource - HikariPool-14 - Starting...
2026-05-22 12:44:56.850 INFO  [restartedMain] com.zaxxer.hikari.pool.HikariPool - HikariPool-14 - Added connection com.mysql.cj.jdbc.ConnectionImpl@5a21d79c
2026-05-22 12:44:56.850 INFO  [restartedMain] com.zaxxer.hikari.HikariDataSource - HikariPool-14 - Start completed.
2026-05-22 12:44:56.851 INFO  [restartedMain] org.hibernate.orm.connections.pooling - HHH10001005: Database info:
	Database JDBC URL [Connecting through datasource 'HikariDataSource (HikariPool-14)']
	Database driver: undefined/unknown
	Database version: 8.4.8
	Autocommit mode: undefined/unknown
	Isolation level: undefined/unknown
	Minimum pool size: undefined/unknown
	Maximum pool size: undefined/unknown
2026-05-22 12:44:56.878 INFO  [restartedMain] o.h.e.t.j.p.i.JtaPlatformInitiator - HHH000489: No JTA platform available (set 'hibernate.transaction.jta.platform' to enable JTA platform integration)
2026-05-22 12:44:56.888 INFO  [restartedMain] o.s.o.j.LocalContainerEntityManagerFactoryBean - Initialized JPA EntityManagerFactory for persistence unit 'default'
2026-05-22 12:44:57.002 WARN  [restartedMain] o.s.b.a.o.j.JpaBaseConfiguration$JpaWebConfiguration - spring.jpa.open-in-view is enabled by default. Therefore, database queries may be performed during view rendering. Explicitly configure spring.jpa.open-in-view to disable this warning
2026-05-22 12:44:57.309 INFO  [restartedMain] o.s.b.d.a.OptionalLiveReloadServer - LiveReload server is running on port 35729
2026-05-22 12:44:57.318 INFO  [restartedMain] o.a.coyote.http11.Http11NioProtocol - Starting ProtocolHandler ["http-nio-15000"]
2026-05-22 12:44:57.320 INFO  [restartedMain] o.s.b.w.embedded.tomcat.TomcatWebServer - Tomcat started on port 15000 (http) with context path '/'
2026-05-22 12:44:57.324 INFO  [restartedMain] c.k.a.AlgogaServerApplication - Started AlgogaServerApplication in 0.848 seconds (process running for 2291.751)
2026-05-22 12:44:57.324 WARN  [restartedMain] o.s.core.events.SpringDocAppInitializer - SpringDoc /v3/api-docs endpoint is enabled by default. To disable it in production, set the property 'springdoc.api-docs.enabled=false'
2026-05-22 12:44:57.324 WARN  [restartedMain] o.s.core.events.SpringDocAppInitializer - SpringDoc /swagger-ui.html endpoint is enabled by default. To disable it in production, set the property 'springdoc.swagger-ui.enabled=false'
2026-05-22 12:44:57.325 INFO  [restartedMain] o.s.b.d.a.ConditionEvaluationDeltaLoggingListener - Condition evaluation unchanged
2026-05-22 12:44:58.770 INFO  [File Watcher] o.s.b.d.a.LocalDevToolsAutoConfiguration$RestartingClassPathChangeChangedEventListener - Restarting due to 7 class path changes (7 additions, 0 deletions, 0 modifications)
2026-05-22 12:44:58.771 INFO  [Thread-55] o.s.b.w.e.tomcat.GracefulShutdown - Commencing graceful shutdown. Waiting for active requests to complete
2026-05-22 12:44:58.771 INFO  [tomcat-shutdown] o.a.coyote.http11.Http11NioProtocol - Pausing ProtocolHandler ["http-nio-15000"]
2026-05-22 12:44:58.884 INFO  [tomcat-shutdown] o.s.b.w.e.tomcat.GracefulShutdown - Graceful shutdown complete
2026-05-22 12:44:58.885 INFO  [Thread-55] o.a.coyote.http11.Http11NioProtocol - Stopping ProtocolHandler ["http-nio-15000"]
2026-05-22 12:44:58.888 INFO  [Thread-55] o.s.o.j.LocalContainerEntityManagerFactoryBean - Closing JPA EntityManagerFactory for persistence unit 'default'
2026-05-22 12:44:58.889 INFO  [Thread-55] com.zaxxer.hikari.HikariDataSource - HikariPool-14 - Shutdown initiated...
2026-05-22 12:44:58.892 INFO  [Thread-55] com.zaxxer.hikari.HikariDataSource - HikariPool-14 - Shutdown completed.
2026-05-22 12:44:58.960 INFO  [restartedMain] c.k.a.AlgogaServerApplication - Starting AlgogaServerApplication using Java 17.0.18 with PID 18460 (C:\Algoga-backend\build\classes\java\main started by user in C:\Algoga-backend)
2026-05-22 12:44:58.960 INFO  [restartedMain] c.k.a.AlgogaServerApplication - No active profile set, falling back to 1 default profile: "default"
2026-05-22 12:44:59.112 INFO  [restartedMain] o.s.d.r.c.RepositoryConfigurationDelegate - Bootstrapping Spring Data JPA repositories in DEFAULT mode.
2026-05-22 12:44:59.130 INFO  [restartedMain] o.s.d.r.c.RepositoryConfigurationDelegate - Finished Spring Data repository scanning in 17 ms. Found 2 JPA repository interfaces.
2026-05-22 12:44:59.207 INFO  [restartedMain] o.s.b.w.embedded.tomcat.TomcatWebServer - Tomcat initialized with port 15000 (http)
2026-05-22 12:44:59.208 INFO  [restartedMain] o.a.coyote.http11.Http11NioProtocol - Initializing ProtocolHandler ["http-nio-15000"]
2026-05-22 12:44:59.208 INFO  [restartedMain] o.apache.catalina.core.StandardService - Starting service [Tomcat]
2026-05-22 12:44:59.208 INFO  [restartedMain] o.apache.catalina.core.StandardEngine - Starting Servlet engine: [Apache Tomcat/10.1.54]
2026-05-22 12:44:59.220 INFO  [restartedMain] o.a.c.c.C.[Tomcat].[localhost].[/] - Initializing Spring embedded WebApplicationContext
2026-05-22 12:44:59.220 INFO  [restartedMain] o.s.b.w.s.c.ServletWebServerApplicationContext - Root WebApplicationContext: initialization completed in 259 ms
2026-05-22 12:44:59.252 INFO  [restartedMain] o.hibernate.jpa.internal.util.LogHelper - HHH000204: Processing PersistenceUnitInfo [name: default]
2026-05-22 12:44:59.253 INFO  [restartedMain] o.h.c.internal.RegionFactoryInitiator - HHH000026: Second-level cache disabled
2026-05-22 12:44:59.257 INFO  [restartedMain] o.s.o.j.p.SpringPersistenceUnitInfo - No LoadTimeWeaver setup: ignoring JPA class transformer
2026-05-22 12:44:59.258 INFO  [restartedMain] com.zaxxer.hikari.HikariDataSource - HikariPool-15 - Starting...
2026-05-22 12:44:59.265 INFO  [restartedMain] com.zaxxer.hikari.pool.HikariPool - HikariPool-15 - Added connection com.mysql.cj.jdbc.ConnectionImpl@25865519
2026-05-22 12:44:59.265 INFO  [restartedMain] com.zaxxer.hikari.HikariDataSource - HikariPool-15 - Start completed.
2026-05-22 12:44:59.266 INFO  [restartedMain] org.hibernate.orm.connections.pooling - HHH10001005: Database info:
	Database JDBC URL [Connecting through datasource 'HikariDataSource (HikariPool-15)']
	Database driver: undefined/unknown
	Database version: 8.4.8
	Autocommit mode: undefined/unknown
	Isolation level: undefined/unknown
	Minimum pool size: undefined/unknown
	Maximum pool size: undefined/unknown
2026-05-22 12:44:59.293 INFO  [restartedMain] o.h.e.t.j.p.i.JtaPlatformInitiator - HHH000489: No JTA platform available (set 'hibernate.transaction.jta.platform' to enable JTA platform integration)
2026-05-22 12:44:59.302 INFO  [restartedMain] o.s.o.j.LocalContainerEntityManagerFactoryBean - Initialized JPA EntityManagerFactory for persistence unit 'default'
2026-05-22 12:44:59.419 WARN  [restartedMain] o.s.b.a.o.j.JpaBaseConfiguration$JpaWebConfiguration - spring.jpa.open-in-view is enabled by default. Therefore, database queries may be performed during view rendering. Explicitly configure spring.jpa.open-in-view to disable this warning
2026-05-22 12:44:59.628 INFO  [restartedMain] o.s.b.d.a.OptionalLiveReloadServer - LiveReload server is running on port 35729
2026-05-22 12:44:59.635 INFO  [restartedMain] o.a.coyote.http11.Http11NioProtocol - Starting ProtocolHandler ["http-nio-15000"]
2026-05-22 12:44:59.637 INFO  [restartedMain] o.s.b.w.embedded.tomcat.TomcatWebServer - Tomcat started on port 15000 (http) with context path '/'
2026-05-22 12:44:59.640 INFO  [restartedMain] c.k.a.AlgogaServerApplication - Started AlgogaServerApplication in 0.695 seconds (process running for 2294.067)
2026-05-22 12:44:59.640 WARN  [restartedMain] o.s.core.events.SpringDocAppInitializer - SpringDoc /v3/api-docs endpoint is enabled by default. To disable it in production, set the property 'springdoc.api-docs.enabled=false'
2026-05-22 12:44:59.640 WARN  [restartedMain] o.s.core.events.SpringDocAppInitializer - SpringDoc /swagger-ui.html endpoint is enabled by default. To disable it in production, set the property 'springdoc.swagger-ui.enabled=false'
2026-05-22 12:44:59.641 INFO  [restartedMain] o.s.b.d.a.ConditionEvaluationDeltaLoggingListener - Condition evaluation unchanged
2026-05-22 12:50:22.143 INFO  [File Watcher] o.s.b.d.a.LocalDevToolsAutoConfiguration$RestartingClassPathChangeChangedEventListener - Restarting due to 9 class path changes (0 additions, 9 deletions, 0 modifications)
2026-05-22 12:50:22.144 INFO  [Thread-59] o.s.b.w.e.tomcat.GracefulShutdown - Commencing graceful shutdown. Waiting for active requests to complete
2026-05-22 12:50:22.145 INFO  [tomcat-shutdown] o.a.coyote.http11.Http11NioProtocol - Pausing ProtocolHandler ["http-nio-15000"]
2026-05-22 12:50:22.244 INFO  [tomcat-shutdown] o.s.b.w.e.tomcat.GracefulShutdown - Graceful shutdown complete
2026-05-22 12:50:22.245 INFO  [Thread-59] o.a.coyote.http11.Http11NioProtocol - Stopping ProtocolHandler ["http-nio-15000"]
2026-05-22 12:50:22.246 INFO  [Thread-59] o.s.o.j.LocalContainerEntityManagerFactoryBean - Closing JPA EntityManagerFactory for persistence unit 'default'
2026-05-22 12:50:22.246 INFO  [Thread-59] com.zaxxer.hikari.HikariDataSource - HikariPool-15 - Shutdown initiated...
2026-05-22 12:50:22.249 INFO  [Thread-59] com.zaxxer.hikari.HikariDataSource - HikariPool-15 - Shutdown completed.
2026-05-22 12:50:22.313 INFO  [restartedMain] c.k.a.AlgogaServerApplication - Starting AlgogaServerApplication using Java 17.0.18 with PID 18460 (C:\Algoga-backend\build\classes\java\main started by user in C:\Algoga-backend)
2026-05-22 12:50:22.313 INFO  [restartedMain] c.k.a.AlgogaServerApplication - No active profile set, falling back to 1 default profile: "default"
2026-05-22 12:50:22.473 INFO  [restartedMain] o.s.d.r.c.RepositoryConfigurationDelegate - Bootstrapping Spring Data JPA repositories in DEFAULT mode.
2026-05-22 12:50:22.491 INFO  [restartedMain] o.s.d.r.c.RepositoryConfigurationDelegate - Finished Spring Data repository scanning in 18 ms. Found 2 JPA repository interfaces.
2026-05-22 12:50:22.570 INFO  [restartedMain] o.s.b.w.embedded.tomcat.TomcatWebServer - Tomcat initialized with port 15000 (http)
2026-05-22 12:50:22.571 INFO  [restartedMain] o.a.coyote.http11.Http11NioProtocol - Initializing ProtocolHandler ["http-nio-15000"]
2026-05-22 12:50:22.571 INFO  [restartedMain] o.apache.catalina.core.StandardService - Starting service [Tomcat]
2026-05-22 12:50:22.571 INFO  [restartedMain] o.apache.catalina.core.StandardEngine - Starting Servlet engine: [Apache Tomcat/10.1.54]
2026-05-22 12:50:22.584 INFO  [restartedMain] o.a.c.c.C.[Tomcat].[localhost].[/] - Initializing Spring embedded WebApplicationContext
2026-05-22 12:50:22.584 INFO  [restartedMain] o.s.b.w.s.c.ServletWebServerApplicationContext - Root WebApplicationContext: initialization completed in 269 ms
2026-05-22 12:50:22.625 INFO  [restartedMain] o.hibernate.jpa.internal.util.LogHelper - HHH000204: Processing PersistenceUnitInfo [name: default]
2026-05-22 12:50:22.627 INFO  [restartedMain] o.h.c.internal.RegionFactoryInitiator - HHH000026: Second-level cache disabled
2026-05-22 12:50:22.631 INFO  [restartedMain] o.s.o.j.p.SpringPersistenceUnitInfo - No LoadTimeWeaver setup: ignoring JPA class transformer
2026-05-22 12:50:22.632 INFO  [restartedMain] com.zaxxer.hikari.HikariDataSource - HikariPool-16 - Starting...
2026-05-22 12:50:22.640 INFO  [restartedMain] com.zaxxer.hikari.pool.HikariPool - HikariPool-16 - Added connection com.mysql.cj.jdbc.ConnectionImpl@37f822ae
2026-05-22 12:50:22.640 INFO  [restartedMain] com.zaxxer.hikari.HikariDataSource - HikariPool-16 - Start completed.
2026-05-22 12:50:22.640 INFO  [restartedMain] org.hibernate.orm.connections.pooling - HHH10001005: Database info:
	Database JDBC URL [Connecting through datasource 'HikariDataSource (HikariPool-16)']
	Database driver: undefined/unknown
	Database version: 8.4.8
	Autocommit mode: undefined/unknown
	Isolation level: undefined/unknown
	Minimum pool size: undefined/unknown
	Maximum pool size: undefined/unknown
2026-05-22 12:50:22.705 INFO  [restartedMain] o.h.e.t.j.p.i.JtaPlatformInitiator - HHH000489: No JTA platform available (set 'hibernate.transaction.jta.platform' to enable JTA platform integration)
2026-05-22 12:50:22.717 INFO  [restartedMain] o.s.o.j.LocalContainerEntityManagerFactoryBean - Initialized JPA EntityManagerFactory for persistence unit 'default'
2026-05-22 12:50:22.830 WARN  [restartedMain] o.s.b.a.o.j.JpaBaseConfiguration$JpaWebConfiguration - spring.jpa.open-in-view is enabled by default. Therefore, database queries may be performed during view rendering. Explicitly configure spring.jpa.open-in-view to disable this warning
2026-05-22 12:50:23.037 INFO  [restartedMain] o.s.b.d.a.OptionalLiveReloadServer - LiveReload server is running on port 35729
2026-05-22 12:50:23.044 INFO  [restartedMain] o.a.coyote.http11.Http11NioProtocol - Starting ProtocolHandler ["http-nio-15000"]
2026-05-22 12:50:23.046 INFO  [restartedMain] o.s.b.w.embedded.tomcat.TomcatWebServer - Tomcat started on port 15000 (http) with context path '/'
2026-05-22 12:50:23.049 INFO  [restartedMain] c.k.a.AlgogaServerApplication - Started AlgogaServerApplication in 0.757 seconds (process running for 2617.476)
2026-05-22 12:50:23.049 WARN  [restartedMain] o.s.core.events.SpringDocAppInitializer - SpringDoc /v3/api-docs endpoint is enabled by default. To disable it in production, set the property 'springdoc.api-docs.enabled=false'
2026-05-22 12:50:23.049 WARN  [restartedMain] o.s.core.events.SpringDocAppInitializer - SpringDoc /swagger-ui.html endpoint is enabled by default. To disable it in production, set the property 'springdoc.swagger-ui.enabled=false'
2026-05-22 12:50:23.050 INFO  [restartedMain] o.s.b.d.a.ConditionEvaluationDeltaLoggingListener - Condition evaluation unchanged
2026-05-22 12:50:24.491 INFO  [File Watcher] o.s.b.d.a.LocalDevToolsAutoConfiguration$RestartingClassPathChangeChangedEventListener - Restarting due to 9 class path changes (9 additions, 0 deletions, 0 modifications)
2026-05-22 12:50:24.492 INFO  [Thread-63] o.s.b.w.e.tomcat.GracefulShutdown - Commencing graceful shutdown. Waiting for active requests to complete
2026-05-22 12:50:24.492 INFO  [tomcat-shutdown] o.a.coyote.http11.Http11NioProtocol - Pausing ProtocolHandler ["http-nio-15000"]
2026-05-22 12:50:24.594 INFO  [tomcat-shutdown] o.s.b.w.e.tomcat.GracefulShutdown - Graceful shutdown complete
2026-05-22 12:50:24.594 INFO  [Thread-63] o.a.coyote.http11.Http11NioProtocol - Stopping ProtocolHandler ["http-nio-15000"]
2026-05-22 12:50:24.596 INFO  [Thread-63] o.s.o.j.LocalContainerEntityManagerFactoryBean - Closing JPA EntityManagerFactory for persistence unit 'default'
2026-05-22 12:50:24.596 INFO  [Thread-63] com.zaxxer.hikari.HikariDataSource - HikariPool-16 - Shutdown initiated...
2026-05-22 12:50:24.599 INFO  [Thread-63] com.zaxxer.hikari.HikariDataSource - HikariPool-16 - Shutdown completed.
2026-05-22 12:50:24.660 INFO  [restartedMain] c.k.a.AlgogaServerApplication - Starting AlgogaServerApplication using Java 17.0.18 with PID 18460 (C:\Algoga-backend\build\classes\java\main started by user in C:\Algoga-backend)
2026-05-22 12:50:24.660 INFO  [restartedMain] c.k.a.AlgogaServerApplication - No active profile set, falling back to 1 default profile: "default"
2026-05-22 12:50:24.801 INFO  [restartedMain] o.s.d.r.c.RepositoryConfigurationDelegate - Bootstrapping Spring Data JPA repositories in DEFAULT mode.
2026-05-22 12:50:24.821 INFO  [restartedMain] o.s.d.r.c.RepositoryConfigurationDelegate - Finished Spring Data repository scanning in 18 ms. Found 2 JPA repository interfaces.
2026-05-22 12:50:24.891 INFO  [restartedMain] o.s.b.w.embedded.tomcat.TomcatWebServer - Tomcat initialized with port 15000 (http)
2026-05-22 12:50:24.891 INFO  [restartedMain] o.a.coyote.http11.Http11NioProtocol - Initializing ProtocolHandler ["http-nio-15000"]
2026-05-22 12:50:24.891 INFO  [restartedMain] o.apache.catalina.core.StandardService - Starting service [Tomcat]
2026-05-22 12:50:24.891 INFO  [restartedMain] o.apache.catalina.core.StandardEngine - Starting Servlet engine: [Apache Tomcat/10.1.54]
2026-05-22 12:50:24.903 INFO  [restartedMain] o.a.c.c.C.[Tomcat].[localhost].[/] - Initializing Spring embedded WebApplicationContext
2026-05-22 12:50:24.903 INFO  [restartedMain] o.s.b.w.s.c.ServletWebServerApplicationContext - Root WebApplicationContext: initialization completed in 241 ms
2026-05-22 12:50:24.941 INFO  [restartedMain] o.hibernate.jpa.internal.util.LogHelper - HHH000204: Processing PersistenceUnitInfo [name: default]
2026-05-22 12:50:24.943 INFO  [restartedMain] o.h.c.internal.RegionFactoryInitiator - HHH000026: Second-level cache disabled
2026-05-22 12:50:24.947 INFO  [restartedMain] o.s.o.j.p.SpringPersistenceUnitInfo - No LoadTimeWeaver setup: ignoring JPA class transformer
2026-05-22 12:50:24.947 INFO  [restartedMain] com.zaxxer.hikari.HikariDataSource - HikariPool-17 - Starting...
2026-05-22 12:50:24.954 INFO  [restartedMain] com.zaxxer.hikari.pool.HikariPool - HikariPool-17 - Added connection com.mysql.cj.jdbc.ConnectionImpl@5926b436
2026-05-22 12:50:24.954 INFO  [restartedMain] com.zaxxer.hikari.HikariDataSource - HikariPool-17 - Start completed.
2026-05-22 12:50:24.954 INFO  [restartedMain] org.hibernate.orm.connections.pooling - HHH10001005: Database info:
	Database JDBC URL [Connecting through datasource 'HikariDataSource (HikariPool-17)']
	Database driver: undefined/unknown
	Database version: 8.4.8
	Autocommit mode: undefined/unknown
	Isolation level: undefined/unknown
	Minimum pool size: undefined/unknown
	Maximum pool size: undefined/unknown
2026-05-22 12:50:24.982 INFO  [restartedMain] o.h.e.t.j.p.i.JtaPlatformInitiator - HHH000489: No JTA platform available (set 'hibernate.transaction.jta.platform' to enable JTA platform integration)
2026-05-22 12:50:24.991 INFO  [restartedMain] o.s.o.j.LocalContainerEntityManagerFactoryBean - Initialized JPA EntityManagerFactory for persistence unit 'default'
2026-05-22 12:50:25.100 WARN  [restartedMain] o.s.b.a.o.j.JpaBaseConfiguration$JpaWebConfiguration - spring.jpa.open-in-view is enabled by default. Therefore, database queries may be performed during view rendering. Explicitly configure spring.jpa.open-in-view to disable this warning
2026-05-22 12:50:25.293 INFO  [restartedMain] o.s.b.d.a.OptionalLiveReloadServer - LiveReload server is running on port 35729
2026-05-22 12:50:25.299 INFO  [restartedMain] o.a.coyote.http11.Http11NioProtocol - Starting ProtocolHandler ["http-nio-15000"]
2026-05-22 12:50:25.301 INFO  [restartedMain] o.s.b.w.embedded.tomcat.TomcatWebServer - Tomcat started on port 15000 (http) with context path '/'
2026-05-22 12:50:25.304 INFO  [restartedMain] c.k.a.AlgogaServerApplication - Started AlgogaServerApplication in 0.658 seconds (process running for 2619.731)
2026-05-22 12:50:25.305 WARN  [restartedMain] o.s.core.events.SpringDocAppInitializer - SpringDoc /v3/api-docs endpoint is enabled by default. To disable it in production, set the property 'springdoc.api-docs.enabled=false'
2026-05-22 12:50:25.305 WARN  [restartedMain] o.s.core.events.SpringDocAppInitializer - SpringDoc /swagger-ui.html endpoint is enabled by default. To disable it in production, set the property 'springdoc.swagger-ui.enabled=false'
2026-05-22 12:50:25.305 INFO  [restartedMain] o.s.b.d.a.ConditionEvaluationDeltaLoggingListener - Condition evaluation unchanged
2026-05-22 12:57:07.637 INFO  [File Watcher] o.s.b.d.a.LocalDevToolsAutoConfiguration$RestartingClassPathChangeChangedEventListener - Restarting due to 9 class path changes (0 additions, 9 deletions, 0 modifications)
2026-05-22 12:57:07.638 INFO  [Thread-67] o.s.b.w.e.tomcat.GracefulShutdown - Commencing graceful shutdown. Waiting for active requests to complete
2026-05-22 12:57:07.639 INFO  [tomcat-shutdown] o.a.coyote.http11.Http11NioProtocol - Pausing ProtocolHandler ["http-nio-15000"]
2026-05-22 12:57:07.738 INFO  [tomcat-shutdown] o.s.b.w.e.tomcat.GracefulShutdown - Graceful shutdown complete
2026-05-22 12:57:07.739 INFO  [Thread-67] o.a.coyote.http11.Http11NioProtocol - Stopping ProtocolHandler ["http-nio-15000"]
2026-05-22 12:57:07.740 INFO  [Thread-67] o.s.o.j.LocalContainerEntityManagerFactoryBean - Closing JPA EntityManagerFactory for persistence unit 'default'
2026-05-22 12:57:07.740 INFO  [Thread-67] com.zaxxer.hikari.HikariDataSource - HikariPool-17 - Shutdown initiated...
2026-05-22 12:57:07.744 INFO  [Thread-67] com.zaxxer.hikari.HikariDataSource - HikariPool-17 - Shutdown completed.
2026-05-22 12:57:07.800 INFO  [restartedMain] c.k.a.AlgogaServerApplication - Starting AlgogaServerApplication using Java 17.0.18 with PID 18460 (C:\Algoga-backend\build\classes\java\main started by user in C:\Algoga-backend)
2026-05-22 12:57:07.800 INFO  [restartedMain] c.k.a.AlgogaServerApplication - No active profile set, falling back to 1 default profile: "default"
2026-05-22 12:57:07.951 INFO  [restartedMain] o.s.d.r.c.RepositoryConfigurationDelegate - Bootstrapping Spring Data JPA repositories in DEFAULT mode.
2026-05-22 12:57:07.971 INFO  [restartedMain] o.s.d.r.c.RepositoryConfigurationDelegate - Finished Spring Data repository scanning in 19 ms. Found 2 JPA repository interfaces.
2026-05-22 12:57:08.050 INFO  [restartedMain] o.s.b.w.embedded.tomcat.TomcatWebServer - Tomcat initialized with port 15000 (http)
2026-05-22 12:57:08.050 INFO  [restartedMain] o.a.coyote.http11.Http11NioProtocol - Initializing ProtocolHandler ["http-nio-15000"]
2026-05-22 12:57:08.051 INFO  [restartedMain] o.apache.catalina.core.StandardService - Starting service [Tomcat]
2026-05-22 12:57:08.051 INFO  [restartedMain] o.apache.catalina.core.StandardEngine - Starting Servlet engine: [Apache Tomcat/10.1.54]
2026-05-22 12:57:08.068 INFO  [restartedMain] o.a.c.c.C.[Tomcat].[localhost].[/] - Initializing Spring embedded WebApplicationContext
2026-05-22 12:57:08.068 INFO  [restartedMain] o.s.b.w.s.c.ServletWebServerApplicationContext - Root WebApplicationContext: initialization completed in 267 ms
2026-05-22 12:57:08.105 INFO  [restartedMain] o.hibernate.jpa.internal.util.LogHelper - HHH000204: Processing PersistenceUnitInfo [name: default]
2026-05-22 12:57:08.107 INFO  [restartedMain] o.h.c.internal.RegionFactoryInitiator - HHH000026: Second-level cache disabled
2026-05-22 12:57:08.112 INFO  [restartedMain] o.s.o.j.p.SpringPersistenceUnitInfo - No LoadTimeWeaver setup: ignoring JPA class transformer
2026-05-22 12:57:08.112 INFO  [restartedMain] com.zaxxer.hikari.HikariDataSource - HikariPool-18 - Starting...
2026-05-22 12:57:08.120 INFO  [restartedMain] com.zaxxer.hikari.pool.HikariPool - HikariPool-18 - Added connection com.mysql.cj.jdbc.ConnectionImpl@658c2066
2026-05-22 12:57:08.120 INFO  [restartedMain] com.zaxxer.hikari.HikariDataSource - HikariPool-18 - Start completed.
2026-05-22 12:57:08.121 INFO  [restartedMain] org.hibernate.orm.connections.pooling - HHH10001005: Database info:
	Database JDBC URL [Connecting through datasource 'HikariDataSource (HikariPool-18)']
	Database driver: undefined/unknown
	Database version: 8.4.8
	Autocommit mode: undefined/unknown
	Isolation level: undefined/unknown
	Minimum pool size: undefined/unknown
	Maximum pool size: undefined/unknown
2026-05-22 12:57:08.148 INFO  [restartedMain] o.h.e.t.j.p.i.JtaPlatformInitiator - HHH000489: No JTA platform available (set 'hibernate.transaction.jta.platform' to enable JTA platform integration)
2026-05-22 12:57:08.165 INFO  [restartedMain] o.s.o.j.LocalContainerEntityManagerFactoryBean - Initialized JPA EntityManagerFactory for persistence unit 'default'
2026-05-22 12:57:08.297 WARN  [restartedMain] o.s.b.a.o.j.JpaBaseConfiguration$JpaWebConfiguration - spring.jpa.open-in-view is enabled by default. Therefore, database queries may be performed during view rendering. Explicitly configure spring.jpa.open-in-view to disable this warning
2026-05-22 12:57:08.516 INFO  [restartedMain] o.s.b.d.a.OptionalLiveReloadServer - LiveReload server is running on port 35729
2026-05-22 12:57:08.522 INFO  [restartedMain] o.a.coyote.http11.Http11NioProtocol - Starting ProtocolHandler ["http-nio-15000"]
2026-05-22 12:57:08.525 INFO  [restartedMain] o.s.b.w.embedded.tomcat.TomcatWebServer - Tomcat started on port 15000 (http) with context path '/'
2026-05-22 12:57:08.529 INFO  [restartedMain] c.k.a.AlgogaServerApplication - Started AlgogaServerApplication in 0.745 seconds (process running for 3022.956)
2026-05-22 12:57:08.529 WARN  [restartedMain] o.s.core.events.SpringDocAppInitializer - SpringDoc /v3/api-docs endpoint is enabled by default. To disable it in production, set the property 'springdoc.api-docs.enabled=false'
2026-05-22 12:57:08.530 WARN  [restartedMain] o.s.core.events.SpringDocAppInitializer - SpringDoc /swagger-ui.html endpoint is enabled by default. To disable it in production, set the property 'springdoc.swagger-ui.enabled=false'
2026-05-22 12:57:08.530 INFO  [restartedMain] o.s.b.d.a.ConditionEvaluationDeltaLoggingListener - Condition evaluation unchanged
2026-05-22 12:57:09.971 INFO  [File Watcher] o.s.b.d.a.LocalDevToolsAutoConfiguration$RestartingClassPathChangeChangedEventListener - Restarting due to 9 class path changes (9 additions, 0 deletions, 0 modifications)
2026-05-22 12:57:09.972 INFO  [Thread-71] o.s.b.w.e.tomcat.GracefulShutdown - Commencing graceful shutdown. Waiting for active requests to complete
2026-05-22 12:57:09.972 INFO  [tomcat-shutdown] o.a.coyote.http11.Http11NioProtocol - Pausing ProtocolHandler ["http-nio-15000"]
2026-05-22 12:57:10.071 INFO  [tomcat-shutdown] o.s.b.w.e.tomcat.GracefulShutdown - Graceful shutdown complete
2026-05-22 12:57:10.072 INFO  [Thread-71] o.a.coyote.http11.Http11NioProtocol - Stopping ProtocolHandler ["http-nio-15000"]
2026-05-22 12:57:10.073 INFO  [Thread-71] o.s.o.j.LocalContainerEntityManagerFactoryBean - Closing JPA EntityManagerFactory for persistence unit 'default'
2026-05-22 12:57:10.073 INFO  [Thread-71] com.zaxxer.hikari.HikariDataSource - HikariPool-18 - Shutdown initiated...
2026-05-22 12:57:10.076 INFO  [Thread-71] com.zaxxer.hikari.HikariDataSource - HikariPool-18 - Shutdown completed.
2026-05-22 12:57:10.128 INFO  [restartedMain] c.k.a.AlgogaServerApplication - Starting AlgogaServerApplication using Java 17.0.18 with PID 18460 (C:\Algoga-backend\build\classes\java\main started by user in C:\Algoga-backend)
2026-05-22 12:57:10.128 INFO  [restartedMain] c.k.a.AlgogaServerApplication - No active profile set, falling back to 1 default profile: "default"
2026-05-22 12:57:10.267 INFO  [restartedMain] o.s.d.r.c.RepositoryConfigurationDelegate - Bootstrapping Spring Data JPA repositories in DEFAULT mode.
2026-05-22 12:57:10.285 INFO  [restartedMain] o.s.d.r.c.RepositoryConfigurationDelegate - Finished Spring Data repository scanning in 17 ms. Found 2 JPA repository interfaces.
2026-05-22 12:57:10.359 INFO  [restartedMain] o.s.b.w.embedded.tomcat.TomcatWebServer - Tomcat initialized with port 15000 (http)
2026-05-22 12:57:10.359 INFO  [restartedMain] o.a.coyote.http11.Http11NioProtocol - Initializing ProtocolHandler ["http-nio-15000"]
2026-05-22 12:57:10.359 INFO  [restartedMain] o.apache.catalina.core.StandardService - Starting service [Tomcat]
2026-05-22 12:57:10.359 INFO  [restartedMain] o.apache.catalina.core.StandardEngine - Starting Servlet engine: [Apache Tomcat/10.1.54]
2026-05-22 12:57:10.371 INFO  [restartedMain] o.a.c.c.C.[Tomcat].[localhost].[/] - Initializing Spring embedded WebApplicationContext
2026-05-22 12:57:10.371 INFO  [restartedMain] o.s.b.w.s.c.ServletWebServerApplicationContext - Root WebApplicationContext: initialization completed in 242 ms
2026-05-22 12:57:10.408 INFO  [restartedMain] o.hibernate.jpa.internal.util.LogHelper - HHH000204: Processing PersistenceUnitInfo [name: default]
2026-05-22 12:57:10.410 INFO  [restartedMain] o.h.c.internal.RegionFactoryInitiator - HHH000026: Second-level cache disabled
2026-05-22 12:57:10.414 INFO  [restartedMain] o.s.o.j.p.SpringPersistenceUnitInfo - No LoadTimeWeaver setup: ignoring JPA class transformer
2026-05-22 12:57:10.414 INFO  [restartedMain] com.zaxxer.hikari.HikariDataSource - HikariPool-19 - Starting...
2026-05-22 12:57:10.421 INFO  [restartedMain] com.zaxxer.hikari.pool.HikariPool - HikariPool-19 - Added connection com.mysql.cj.jdbc.ConnectionImpl@17ed2ecf
2026-05-22 12:57:10.421 INFO  [restartedMain] com.zaxxer.hikari.HikariDataSource - HikariPool-19 - Start completed.
2026-05-22 12:57:10.421 INFO  [restartedMain] org.hibernate.orm.connections.pooling - HHH10001005: Database info:
	Database JDBC URL [Connecting through datasource 'HikariDataSource (HikariPool-19)']
	Database driver: undefined/unknown
	Database version: 8.4.8
	Autocommit mode: undefined/unknown
	Isolation level: undefined/unknown
	Minimum pool size: undefined/unknown
	Maximum pool size: undefined/unknown
2026-05-22 12:57:10.451 INFO  [restartedMain] o.h.e.t.j.p.i.JtaPlatformInitiator - HHH000489: No JTA platform available (set 'hibernate.transaction.jta.platform' to enable JTA platform integration)
2026-05-22 12:57:10.461 INFO  [restartedMain] o.s.o.j.LocalContainerEntityManagerFactoryBean - Initialized JPA EntityManagerFactory for persistence unit 'default'
2026-05-22 12:57:10.575 WARN  [restartedMain] o.s.b.a.o.j.JpaBaseConfiguration$JpaWebConfiguration - spring.jpa.open-in-view is enabled by default. Therefore, database queries may be performed during view rendering. Explicitly configure spring.jpa.open-in-view to disable this warning
2026-05-22 12:57:10.765 INFO  [restartedMain] o.s.b.d.a.OptionalLiveReloadServer - LiveReload server is running on port 35729
2026-05-22 12:57:10.774 INFO  [restartedMain] o.a.coyote.http11.Http11NioProtocol - Starting ProtocolHandler ["http-nio-15000"]
2026-05-22 12:57:10.777 INFO  [restartedMain] o.s.b.w.embedded.tomcat.TomcatWebServer - Tomcat started on port 15000 (http) with context path '/'
2026-05-22 12:57:10.780 INFO  [restartedMain] c.k.a.AlgogaServerApplication - Started AlgogaServerApplication in 0.668 seconds (process running for 3025.208)
2026-05-22 12:57:10.781 WARN  [restartedMain] o.s.core.events.SpringDocAppInitializer - SpringDoc /v3/api-docs endpoint is enabled by default. To disable it in production, set the property 'springdoc.api-docs.enabled=false'
2026-05-22 12:57:10.781 WARN  [restartedMain] o.s.core.events.SpringDocAppInitializer - SpringDoc /swagger-ui.html endpoint is enabled by default. To disable it in production, set the property 'springdoc.swagger-ui.enabled=false'
2026-05-22 12:57:10.782 INFO  [restartedMain] o.s.b.d.a.ConditionEvaluationDeltaLoggingListener - Condition evaluation unchanged
2026-05-22 13:00:14.719 INFO  [File Watcher] o.s.b.d.a.LocalDevToolsAutoConfiguration$RestartingClassPathChangeChangedEventListener - Restarting due to 9 class path changes (0 additions, 9 deletions, 0 modifications)
2026-05-22 13:00:14.720 INFO  [Thread-75] o.s.b.w.e.tomcat.GracefulShutdown - Commencing graceful shutdown. Waiting for active requests to complete
2026-05-22 13:00:14.720 INFO  [tomcat-shutdown] o.a.coyote.http11.Http11NioProtocol - Pausing ProtocolHandler ["http-nio-15000"]
2026-05-22 13:00:14.824 INFO  [tomcat-shutdown] o.s.b.w.e.tomcat.GracefulShutdown - Graceful shutdown complete
2026-05-22 13:00:14.824 INFO  [Thread-75] o.a.coyote.http11.Http11NioProtocol - Stopping ProtocolHandler ["http-nio-15000"]
2026-05-22 13:00:14.825 INFO  [Thread-75] o.s.o.j.LocalContainerEntityManagerFactoryBean - Closing JPA EntityManagerFactory for persistence unit 'default'
2026-05-22 13:00:14.826 INFO  [Thread-75] com.zaxxer.hikari.HikariDataSource - HikariPool-19 - Shutdown initiated...
2026-05-22 13:00:14.827 INFO  [Thread-75] com.zaxxer.hikari.HikariDataSource - HikariPool-19 - Shutdown completed.
2026-05-22 13:00:14.897 INFO  [restartedMain] c.k.a.AlgogaServerApplication - Starting AlgogaServerApplication using Java 17.0.18 with PID 18460 (C:\Algoga-backend\build\classes\java\main started by user in C:\Algoga-backend)
2026-05-22 13:00:14.897 INFO  [restartedMain] c.k.a.AlgogaServerApplication - No active profile set, falling back to 1 default profile: "default"
2026-05-22 13:00:15.039 INFO  [restartedMain] o.s.d.r.c.RepositoryConfigurationDelegate - Bootstrapping Spring Data JPA repositories in DEFAULT mode.
2026-05-22 13:00:15.059 INFO  [restartedMain] o.s.d.r.c.RepositoryConfigurationDelegate - Finished Spring Data repository scanning in 19 ms. Found 2 JPA repository interfaces.
2026-05-22 13:00:15.135 INFO  [restartedMain] o.s.b.w.embedded.tomcat.TomcatWebServer - Tomcat initialized with port 15000 (http)
2026-05-22 13:00:15.135 INFO  [restartedMain] o.a.coyote.http11.Http11NioProtocol - Initializing ProtocolHandler ["http-nio-15000"]
2026-05-22 13:00:15.135 INFO  [restartedMain] o.apache.catalina.core.StandardService - Starting service [Tomcat]
2026-05-22 13:00:15.135 INFO  [restartedMain] o.apache.catalina.core.StandardEngine - Starting Servlet engine: [Apache Tomcat/10.1.54]
2026-05-22 13:00:15.148 INFO  [restartedMain] o.a.c.c.C.[Tomcat].[localhost].[/] - Initializing Spring embedded WebApplicationContext
2026-05-22 13:00:15.148 INFO  [restartedMain] o.s.b.w.s.c.ServletWebServerApplicationContext - Root WebApplicationContext: initialization completed in 250 ms
2026-05-22 13:00:15.187 INFO  [restartedMain] o.hibernate.jpa.internal.util.LogHelper - HHH000204: Processing PersistenceUnitInfo [name: default]
2026-05-22 13:00:15.189 INFO  [restartedMain] o.h.c.internal.RegionFactoryInitiator - HHH000026: Second-level cache disabled
2026-05-22 13:00:15.193 INFO  [restartedMain] o.s.o.j.p.SpringPersistenceUnitInfo - No LoadTimeWeaver setup: ignoring JPA class transformer
2026-05-22 13:00:15.194 INFO  [restartedMain] com.zaxxer.hikari.HikariDataSource - HikariPool-20 - Starting...
2026-05-22 13:00:15.202 INFO  [restartedMain] com.zaxxer.hikari.pool.HikariPool - HikariPool-20 - Added connection com.mysql.cj.jdbc.ConnectionImpl@e9da36a
2026-05-22 13:00:15.202 INFO  [restartedMain] com.zaxxer.hikari.HikariDataSource - HikariPool-20 - Start completed.
2026-05-22 13:00:15.203 INFO  [restartedMain] org.hibernate.orm.connections.pooling - HHH10001005: Database info:
	Database JDBC URL [Connecting through datasource 'HikariDataSource (HikariPool-20)']
	Database driver: undefined/unknown
	Database version: 8.4.8
	Autocommit mode: undefined/unknown
	Isolation level: undefined/unknown
	Minimum pool size: undefined/unknown
	Maximum pool size: undefined/unknown
2026-05-22 13:00:15.231 INFO  [restartedMain] o.h.e.t.j.p.i.JtaPlatformInitiator - HHH000489: No JTA platform available (set 'hibernate.transaction.jta.platform' to enable JTA platform integration)
2026-05-22 13:00:15.241 INFO  [restartedMain] o.s.o.j.LocalContainerEntityManagerFactoryBean - Initialized JPA EntityManagerFactory for persistence unit 'default'
2026-05-22 13:00:15.343 WARN  [restartedMain] o.s.b.a.o.j.JpaBaseConfiguration$JpaWebConfiguration - spring.jpa.open-in-view is enabled by default. Therefore, database queries may be performed during view rendering. Explicitly configure spring.jpa.open-in-view to disable this warning
2026-05-22 13:00:15.558 INFO  [restartedMain] o.s.b.d.a.OptionalLiveReloadServer - LiveReload server is running on port 35729
2026-05-22 13:00:15.566 INFO  [restartedMain] o.a.coyote.http11.Http11NioProtocol - Starting ProtocolHandler ["http-nio-15000"]
2026-05-22 13:00:15.568 INFO  [restartedMain] o.s.b.w.embedded.tomcat.TomcatWebServer - Tomcat started on port 15000 (http) with context path '/'
2026-05-22 13:00:15.571 INFO  [restartedMain] c.k.a.AlgogaServerApplication - Started AlgogaServerApplication in 0.692 seconds (process running for 3209.999)
2026-05-22 13:00:15.572 WARN  [restartedMain] o.s.core.events.SpringDocAppInitializer - SpringDoc /v3/api-docs endpoint is enabled by default. To disable it in production, set the property 'springdoc.api-docs.enabled=false'
2026-05-22 13:00:15.572 WARN  [restartedMain] o.s.core.events.SpringDocAppInitializer - SpringDoc /swagger-ui.html endpoint is enabled by default. To disable it in production, set the property 'springdoc.swagger-ui.enabled=false'
2026-05-22 13:00:15.572 INFO  [restartedMain] o.s.b.d.a.ConditionEvaluationDeltaLoggingListener - Condition evaluation unchanged
2026-05-22 13:00:17.007 INFO  [File Watcher] o.s.b.d.a.LocalDevToolsAutoConfiguration$RestartingClassPathChangeChangedEventListener - Restarting due to 9 class path changes (9 additions, 0 deletions, 0 modifications)
2026-05-22 13:00:17.008 INFO  [Thread-79] o.s.b.w.e.tomcat.GracefulShutdown - Commencing graceful shutdown. Waiting for active requests to complete
2026-05-22 13:00:17.009 INFO  [tomcat-shutdown] o.a.coyote.http11.Http11NioProtocol - Pausing ProtocolHandler ["http-nio-15000"]
2026-05-22 13:00:17.113 INFO  [tomcat-shutdown] o.s.b.w.e.tomcat.GracefulShutdown - Graceful shutdown complete
2026-05-22 13:00:17.113 INFO  [Thread-79] o.a.coyote.http11.Http11NioProtocol - Stopping ProtocolHandler ["http-nio-15000"]
2026-05-22 13:00:17.114 INFO  [Thread-79] o.s.o.j.LocalContainerEntityManagerFactoryBean - Closing JPA EntityManagerFactory for persistence unit 'default'
2026-05-22 13:00:17.115 INFO  [Thread-79] com.zaxxer.hikari.HikariDataSource - HikariPool-20 - Shutdown initiated...
2026-05-22 13:00:17.116 INFO  [Thread-79] com.zaxxer.hikari.HikariDataSource - HikariPool-20 - Shutdown completed.
2026-05-22 13:00:17.171 INFO  [restartedMain] c.k.a.AlgogaServerApplication - Starting AlgogaServerApplication using Java 17.0.18 with PID 18460 (C:\Algoga-backend\build\classes\java\main started by user in C:\Algoga-backend)
2026-05-22 13:00:17.171 INFO  [restartedMain] c.k.a.AlgogaServerApplication - No active profile set, falling back to 1 default profile: "default"
2026-05-22 13:00:17.322 INFO  [restartedMain] o.s.d.r.c.RepositoryConfigurationDelegate - Bootstrapping Spring Data JPA repositories in DEFAULT mode.
2026-05-22 13:00:17.342 INFO  [restartedMain] o.s.d.r.c.RepositoryConfigurationDelegate - Finished Spring Data repository scanning in 20 ms. Found 2 JPA repository interfaces.
2026-05-22 13:00:17.416 INFO  [restartedMain] o.s.b.w.embedded.tomcat.TomcatWebServer - Tomcat initialized with port 15000 (http)
2026-05-22 13:00:17.416 INFO  [restartedMain] o.a.coyote.http11.Http11NioProtocol - Initializing ProtocolHandler ["http-nio-15000"]
2026-05-22 13:00:17.416 INFO  [restartedMain] o.apache.catalina.core.StandardService - Starting service [Tomcat]
2026-05-22 13:00:17.416 INFO  [restartedMain] o.apache.catalina.core.StandardEngine - Starting Servlet engine: [Apache Tomcat/10.1.54]
2026-05-22 13:00:17.428 INFO  [restartedMain] o.a.c.c.C.[Tomcat].[localhost].[/] - Initializing Spring embedded WebApplicationContext
2026-05-22 13:00:17.428 INFO  [restartedMain] o.s.b.w.s.c.ServletWebServerApplicationContext - Root WebApplicationContext: initialization completed in 256 ms
2026-05-22 13:00:17.467 INFO  [restartedMain] o.hibernate.jpa.internal.util.LogHelper - HHH000204: Processing PersistenceUnitInfo [name: default]
2026-05-22 13:00:17.469 INFO  [restartedMain] o.h.c.internal.RegionFactoryInitiator - HHH000026: Second-level cache disabled
2026-05-22 13:00:17.474 INFO  [restartedMain] o.s.o.j.p.SpringPersistenceUnitInfo - No LoadTimeWeaver setup: ignoring JPA class transformer
2026-05-22 13:00:17.474 INFO  [restartedMain] com.zaxxer.hikari.HikariDataSource - HikariPool-21 - Starting...
2026-05-22 13:00:17.481 INFO  [restartedMain] com.zaxxer.hikari.pool.HikariPool - HikariPool-21 - Added connection com.mysql.cj.jdbc.ConnectionImpl@5d80c08a
2026-05-22 13:00:17.481 INFO  [restartedMain] com.zaxxer.hikari.HikariDataSource - HikariPool-21 - Start completed.
2026-05-22 13:00:17.482 INFO  [restartedMain] org.hibernate.orm.connections.pooling - HHH10001005: Database info:
	Database JDBC URL [Connecting through datasource 'HikariDataSource (HikariPool-21)']
	Database driver: undefined/unknown
	Database version: 8.4.8
	Autocommit mode: undefined/unknown
	Isolation level: undefined/unknown
	Minimum pool size: undefined/unknown
	Maximum pool size: undefined/unknown
2026-05-22 13:00:17.509 INFO  [restartedMain] o.h.e.t.j.p.i.JtaPlatformInitiator - HHH000489: No JTA platform available (set 'hibernate.transaction.jta.platform' to enable JTA platform integration)
2026-05-22 13:00:17.523 INFO  [restartedMain] o.s.o.j.LocalContainerEntityManagerFactoryBean - Initialized JPA EntityManagerFactory for persistence unit 'default'
2026-05-22 13:00:17.644 WARN  [restartedMain] o.s.b.a.o.j.JpaBaseConfiguration$JpaWebConfiguration - spring.jpa.open-in-view is enabled by default. Therefore, database queries may be performed during view rendering. Explicitly configure spring.jpa.open-in-view to disable this warning
2026-05-22 13:00:17.848 INFO  [restartedMain] o.s.b.d.a.OptionalLiveReloadServer - LiveReload server is running on port 35729
2026-05-22 13:00:17.854 INFO  [restartedMain] o.a.coyote.http11.Http11NioProtocol - Starting ProtocolHandler ["http-nio-15000"]
2026-05-22 13:00:17.856 INFO  [restartedMain] o.s.b.w.embedded.tomcat.TomcatWebServer - Tomcat started on port 15000 (http) with context path '/'
2026-05-22 13:00:17.859 INFO  [restartedMain] c.k.a.AlgogaServerApplication - Started AlgogaServerApplication in 0.707 seconds (process running for 3212.286)
2026-05-22 13:00:17.860 WARN  [restartedMain] o.s.core.events.SpringDocAppInitializer - SpringDoc /v3/api-docs endpoint is enabled by default. To disable it in production, set the property 'springdoc.api-docs.enabled=false'
2026-05-22 13:00:17.860 WARN  [restartedMain] o.s.core.events.SpringDocAppInitializer - SpringDoc /swagger-ui.html endpoint is enabled by default. To disable it in production, set the property 'springdoc.swagger-ui.enabled=false'
2026-05-22 13:00:17.860 INFO  [restartedMain] o.s.b.d.a.ConditionEvaluationDeltaLoggingListener - Condition evaluation unchanged
2026-05-22 13:18:53.243 INFO  [SpringApplicationShutdownHook] o.s.b.w.e.tomcat.GracefulShutdown - Commencing graceful shutdown. Waiting for active requests to complete
2026-05-22 13:18:53.343 INFO  [tomcat-shutdown] o.s.b.w.e.tomcat.GracefulShutdown - Graceful shutdown complete
2026-05-22 13:18:53.344 INFO  [SpringApplicationShutdownHook] o.s.o.j.LocalContainerEntityManagerFactoryBean - Closing JPA EntityManagerFactory for persistence unit 'default'
2026-05-22 13:18:53.345 INFO  [SpringApplicationShutdownHook] com.zaxxer.hikari.HikariDataSource - HikariPool-21 - Shutdown initiated...
2026-05-22 13:18:53.346 INFO  [SpringApplicationShutdownHook] com.zaxxer.hikari.HikariDataSource - HikariPool-21 - Shutdown completed.
2026-05-22 14:17:10.203 INFO  [background-preinit] o.h.validator.internal.util.Version - HV000001: Hibernate Validator 8.0.3.Final
2026-05-22 14:17:10.236 INFO  [restartedMain] c.k.a.AlgogaServerApplication - Starting AlgogaServerApplication using Java 17.0.18 with PID 17400 (C:\Algoga-backend\build\classes\java\main started by user in C:\Algoga-backend)
2026-05-22 14:17:10.237 INFO  [restartedMain] c.k.a.AlgogaServerApplication - No active profile set, falling back to 1 default profile: "default"
2026-05-22 14:17:10.268 INFO  [restartedMain] o.s.b.d.e.DevToolsPropertyDefaultsPostProcessor - Devtools property defaults active! Set 'spring.devtools.add-properties' to 'false' to disable
2026-05-22 14:17:10.268 INFO  [restartedMain] o.s.b.d.e.DevToolsPropertyDefaultsPostProcessor - For additional web related logging consider setting the 'logging.level.web' property to 'DEBUG'
2026-05-22 14:17:10.906 INFO  [restartedMain] o.s.d.r.c.RepositoryConfigurationDelegate - Bootstrapping Spring Data JPA repositories in DEFAULT mode.
2026-05-22 14:17:10.957 INFO  [restartedMain] o.s.d.r.c.RepositoryConfigurationDelegate - Finished Spring Data repository scanning in 44 ms. Found 2 JPA repository interfaces.
2026-05-22 14:17:11.442 INFO  [restartedMain] o.s.b.w.embedded.tomcat.TomcatWebServer - Tomcat initialized with port 15000 (http)
2026-05-22 14:17:11.450 INFO  [restartedMain] o.a.coyote.http11.Http11NioProtocol - Initializing ProtocolHandler ["http-nio-15000"]
2026-05-22 14:17:11.452 INFO  [restartedMain] o.apache.catalina.core.StandardService - Starting service [Tomcat]
2026-05-22 14:17:11.452 INFO  [restartedMain] o.apache.catalina.core.StandardEngine - Starting Servlet engine: [Apache Tomcat/10.1.54]
2026-05-22 14:17:11.491 INFO  [restartedMain] o.a.c.c.C.[Tomcat].[localhost].[/] - Initializing Spring embedded WebApplicationContext
2026-05-22 14:17:11.491 INFO  [restartedMain] o.s.b.w.s.c.ServletWebServerApplicationContext - Root WebApplicationContext: initialization completed in 1223 ms
2026-05-22 14:17:11.607 INFO  [restartedMain] o.hibernate.jpa.internal.util.LogHelper - HHH000204: Processing PersistenceUnitInfo [name: default]
2026-05-22 14:17:11.639 INFO  [restartedMain] org.hibernate.Version - HHH000412: Hibernate ORM core version 6.6.49.Final
2026-05-22 14:17:11.667 INFO  [restartedMain] o.h.c.internal.RegionFactoryInitiator - HHH000026: Second-level cache disabled
2026-05-22 14:17:11.857 INFO  [restartedMain] o.s.o.j.p.SpringPersistenceUnitInfo - No LoadTimeWeaver setup: ignoring JPA class transformer
2026-05-22 14:17:11.878 INFO  [restartedMain] com.zaxxer.hikari.HikariDataSource - HikariPool-1 - Starting...
2026-05-22 14:17:12.073 INFO  [restartedMain] com.zaxxer.hikari.pool.HikariPool - HikariPool-1 - Added connection com.mysql.cj.jdbc.ConnectionImpl@3d2be67e
2026-05-22 14:17:12.076 INFO  [restartedMain] com.zaxxer.hikari.HikariDataSource - HikariPool-1 - Start completed.
2026-05-22 14:17:12.137 INFO  [restartedMain] org.hibernate.orm.connections.pooling - HHH10001005: Database info:
	Database JDBC URL [Connecting through datasource 'HikariDataSource (HikariPool-1)']
	Database driver: undefined/unknown
	Database version: 8.4.8
	Autocommit mode: undefined/unknown
	Isolation level: undefined/unknown
	Minimum pool size: undefined/unknown
	Maximum pool size: undefined/unknown
2026-05-22 14:17:12.746 INFO  [restartedMain] o.h.e.t.j.p.i.JtaPlatformInitiator - HHH000489: No JTA platform available (set 'hibernate.transaction.jta.platform' to enable JTA platform integration)
2026-05-22 14:17:12.786 DEBUG [restartedMain] org.hibernate.SQL - 
    alter table chapters 
       modify column video_url varchar(255)
2026-05-22 14:17:12.836 DEBUG [restartedMain] org.hibernate.SQL - 
    alter table lectures 
       modify column description varchar(255)
2026-05-22 14:17:12.876 DEBUG [restartedMain] org.hibernate.SQL - 
    alter table lectures 
       modify column file_url varchar(255)
2026-05-22 14:17:12.915 DEBUG [restartedMain] org.hibernate.SQL - 
    alter table lectures 
       modify column thumbnail_url varchar(255)
2026-05-22 14:17:12.957 INFO  [restartedMain] o.s.o.j.LocalContainerEntityManagerFactoryBean - Initialized JPA EntityManagerFactory for persistence unit 'default'
2026-05-22 14:17:13.265 WARN  [restartedMain] o.s.b.a.o.j.JpaBaseConfiguration$JpaWebConfiguration - spring.jpa.open-in-view is enabled by default. Therefore, database queries may be performed during view rendering. Explicitly configure spring.jpa.open-in-view to disable this warning
2026-05-22 14:17:13.783 INFO  [restartedMain] o.s.b.d.a.OptionalLiveReloadServer - LiveReload server is running on port 35729
2026-05-22 14:17:13.802 INFO  [restartedMain] o.a.coyote.http11.Http11NioProtocol - Starting ProtocolHandler ["http-nio-15000"]
2026-05-22 14:17:13.816 INFO  [restartedMain] o.s.b.w.embedded.tomcat.TomcatWebServer - Tomcat started on port 15000 (http) with context path '/'
2026-05-22 14:17:13.823 INFO  [restartedMain] c.k.a.AlgogaServerApplication - Started AlgogaServerApplication in 3.975 seconds (process running for 4.397)
2026-05-22 14:17:13.825 WARN  [restartedMain] o.s.core.events.SpringDocAppInitializer - SpringDoc /v3/api-docs endpoint is enabled by default. To disable it in production, set the property 'springdoc.api-docs.enabled=false'
2026-05-22 14:17:13.825 WARN  [restartedMain] o.s.core.events.SpringDocAppInitializer - SpringDoc /swagger-ui.html endpoint is enabled by default. To disable it in production, set the property 'springdoc.swagger-ui.enabled=false'
2026-05-22 14:18:09.455 INFO  [http-nio-15000-exec-1] o.a.c.c.C.[Tomcat].[localhost].[/] - Initializing Spring DispatcherServlet 'dispatcherServlet'
2026-05-22 14:18:09.456 INFO  [http-nio-15000-exec-1] o.s.web.servlet.DispatcherServlet - Initializing Servlet 'dispatcherServlet'
2026-05-22 14:18:09.457 INFO  [http-nio-15000-exec-1] o.s.web.servlet.DispatcherServlet - Completed initialization in 1 ms
2026-05-22 14:18:09.630 INFO  [http-nio-15000-exec-1] c.k.a.global.aop.ApiLoggingAop - [API Request] POST /api/admin/courses | Controller: AdminCourseController.createCourse()
2026-05-22 14:18:09.662 DEBUG [http-nio-15000-exec-1] org.hibernate.SQL - 
    insert 
    into
        lectures
        (country_id, description, file_url, manager_id, status, thumbnail_url, title) 
    values
        (?, ?, ?, ?, ?, ?, ?)
2026-05-22 14:18:09.700 INFO  [http-nio-15000-exec-1] c.k.a.global.aop.ApiLoggingAop - [API Response] POST /api/admin/courses | Time: 69ms
2026-05-22 14:18:13.362 INFO  [http-nio-15000-exec-2] c.k.a.global.aop.ApiLoggingAop - [API Request] POST /api/admin/courses | Controller: AdminCourseController.createCourse()
2026-05-22 14:18:13.365 DEBUG [http-nio-15000-exec-2] org.hibernate.SQL - 
    insert 
    into
        lectures
        (country_id, description, file_url, manager_id, status, thumbnail_url, title) 
    values
        (?, ?, ?, ?, ?, ?, ?)
2026-05-22 14:18:13.369 INFO  [http-nio-15000-exec-2] c.k.a.global.aop.ApiLoggingAop - [API Response] POST /api/admin/courses | Time: 7ms
2026-05-22 14:18:24.042 INFO  [File Watcher] o.s.b.d.a.LocalDevToolsAutoConfiguration$RestartingClassPathChangeChangedEventListener - Restarting due to 90 class path changes (0 additions, 90 deletions, 0 modifications)
2026-05-22 14:18:24.046 INFO  [Thread-5] o.s.b.w.e.tomcat.GracefulShutdown - Commencing graceful shutdown. Waiting for active requests to complete
2026-05-22 14:18:24.047 INFO  [tomcat-shutdown] o.a.coyote.http11.Http11NioProtocol - Pausing ProtocolHandler ["http-nio-15000"]
2026-05-22 14:18:24.178 INFO  [tomcat-shutdown] o.s.b.w.e.tomcat.GracefulShutdown - Graceful shutdown complete
2026-05-22 14:18:24.179 INFO  [Thread-5] o.a.coyote.http11.Http11NioProtocol - Stopping ProtocolHandler ["http-nio-15000"]
2026-05-22 14:18:24.183 INFO  [Thread-5] o.s.o.j.LocalContainerEntityManagerFactoryBean - Closing JPA EntityManagerFactory for persistence unit 'default'
2026-05-22 14:18:24.186 INFO  [Thread-5] com.zaxxer.hikari.HikariDataSource - HikariPool-1 - Shutdown initiated...
2026-05-22 14:18:24.191 INFO  [Thread-5] com.zaxxer.hikari.HikariDataSource - HikariPool-1 - Shutdown completed.
2026-05-22 14:18:24.267 INFO  [restartedMain] c.k.a.AlgogaServerApplication - Starting AlgogaServerApplication using Java 17.0.18 with PID 17400 (C:\Algoga-backend\build\classes\java\main started by user in C:\Algoga-backend)
2026-05-22 14:18:24.268 INFO  [restartedMain] c.k.a.AlgogaServerApplication - No active profile set, falling back to 1 default profile: "default"
2026-05-22 14:18:24.406 INFO  [restartedMain] o.s.d.r.c.RepositoryConfigurationDelegate - Bootstrapping Spring Data JPA repositories in DEFAULT mode.
2026-05-22 14:18:24.407 INFO  [restartedMain] o.s.d.r.c.RepositoryConfigurationDelegate - Finished Spring Data repository scanning in 0 ms. Found 0 JPA repository interfaces.
2026-05-22 14:18:24.470 INFO  [restartedMain] o.s.b.w.embedded.tomcat.TomcatWebServer - Tomcat initialized with port 15000 (http)
2026-05-22 14:18:24.471 INFO  [restartedMain] o.a.coyote.http11.Http11NioProtocol - Initializing ProtocolHandler ["http-nio-15000"]
2026-05-22 14:18:24.471 INFO  [restartedMain] o.apache.catalina.core.StandardService - Starting service [Tomcat]
2026-05-22 14:18:24.471 INFO  [restartedMain] o.apache.catalina.core.StandardEngine - Starting Servlet engine: [Apache Tomcat/10.1.54]
2026-05-22 14:18:24.493 INFO  [restartedMain] o.a.c.c.C.[Tomcat].[localhost].[/] - Initializing Spring embedded WebApplicationContext
2026-05-22 14:18:24.493 INFO  [restartedMain] o.s.b.w.s.c.ServletWebServerApplicationContext - Root WebApplicationContext: initialization completed in 224 ms
2026-05-22 14:18:24.520 INFO  [restartedMain] o.hibernate.jpa.internal.util.LogHelper - HHH000204: Processing PersistenceUnitInfo [name: default]
2026-05-22 14:18:24.525 INFO  [restartedMain] o.h.c.internal.RegionFactoryInitiator - HHH000026: Second-level cache disabled
2026-05-22 14:18:24.536 INFO  [restartedMain] o.s.o.j.p.SpringPersistenceUnitInfo - No LoadTimeWeaver setup: ignoring JPA class transformer
2026-05-22 14:18:24.537 INFO  [restartedMain] com.zaxxer.hikari.HikariDataSource - HikariPool-2 - Starting...
2026-05-22 14:18:24.549 INFO  [restartedMain] com.zaxxer.hikari.pool.HikariPool - HikariPool-2 - Added connection com.mysql.cj.jdbc.ConnectionImpl@6053351b
2026-05-22 14:18:24.549 INFO  [restartedMain] com.zaxxer.hikari.HikariDataSource - HikariPool-2 - Start completed.
2026-05-22 14:18:24.550 INFO  [restartedMain] org.hibernate.orm.connections.pooling - HHH10001005: Database info:
	Database JDBC URL [Connecting through datasource 'HikariDataSource (HikariPool-2)']
	Database driver: undefined/unknown
	Database version: 8.4.8
	Autocommit mode: undefined/unknown
	Isolation level: undefined/unknown
	Minimum pool size: undefined/unknown
	Maximum pool size: undefined/unknown
2026-05-22 14:18:24.576 INFO  [restartedMain] o.h.e.t.j.p.i.JtaPlatformInitiator - HHH000489: No JTA platform available (set 'hibernate.transaction.jta.platform' to enable JTA platform integration)
2026-05-22 14:18:24.577 INFO  [restartedMain] o.s.o.j.LocalContainerEntityManagerFactoryBean - Initialized JPA EntityManagerFactory for persistence unit 'default'
2026-05-22 14:18:24.597 WARN  [restartedMain] o.s.b.a.o.j.JpaBaseConfiguration$JpaWebConfiguration - spring.jpa.open-in-view is enabled by default. Therefore, database queries may be performed during view rendering. Explicitly configure spring.jpa.open-in-view to disable this warning
2026-05-22 14:18:24.707 INFO  [restartedMain] o.s.b.d.a.OptionalLiveReloadServer - LiveReload server is running on port 35729
2026-05-22 14:18:24.714 INFO  [restartedMain] o.a.coyote.http11.Http11NioProtocol - Starting ProtocolHandler ["http-nio-15000"]
2026-05-22 14:18:24.716 INFO  [restartedMain] o.s.b.w.embedded.tomcat.TomcatWebServer - Tomcat started on port 15000 (http) with context path '/'
2026-05-22 14:18:24.721 INFO  [restartedMain] c.k.a.AlgogaServerApplication - Started AlgogaServerApplication in 0.48 seconds (process running for 75.295)
2026-05-22 14:18:24.721 WARN  [restartedMain] o.s.core.events.SpringDocAppInitializer - SpringDoc /v3/api-docs endpoint is enabled by default. To disable it in production, set the property 'springdoc.api-docs.enabled=false'
2026-05-22 14:18:24.722 WARN  [restartedMain] o.s.core.events.SpringDocAppInitializer - SpringDoc /swagger-ui.html endpoint is enabled by default. To disable it in production, set the property 'springdoc.swagger-ui.enabled=false'
2026-05-22 14:18:24.724 INFO  [restartedMain] o.s.b.d.a.ConditionEvaluationDeltaLoggingListener - Condition evaluation delta:


==========================
CONDITION EVALUATION DELTA
==========================


Positive matches:
-----------------

   SpringBootWebSecurityConfiguration.SecurityFilterChainConfiguration matched:
      - AllNestedConditions 2 matched 0 did not; NestedCondition on DefaultWebSecurityCondition.Beans @ConditionalOnMissingBean (types: org.springframework.security.web.SecurityFilterChain; SearchStrategy: all) did not find any beans; NestedCondition on DefaultWebSecurityCondition.Classes @ConditionalOnClass found required classes 'org.springframework.security.web.SecurityFilterChain', 'org.springframework.security.config.annotation.web.builders.HttpSecurity' (DefaultWebSecurityCondition)

   SpringBootWebSecurityConfiguration.WebSecurityEnablerConfiguration matched:
      - @ConditionalOnClass found required class 'org.springframework.security.config.annotation.web.configuration.EnableWebSecurity' (OnClassCondition)
      - @ConditionalOnMissingBean (names: springSecurityFilterChain; SearchStrategy: all) did not find any beans (OnBeanCondition)

   TaskExecutorConfigurations.AsyncConfigurerConfiguration matched:
      - @ConditionalOnMissingBean (types: org.springframework.scheduling.annotation.AsyncConfigurer; SearchStrategy: all) did not find any beans (OnBeanCondition)

   TaskExecutorConfigurations.AsyncConfigurerConfiguration#applicationTaskExecutorAsyncConfigurer matched:
      - @ConditionalOnMissingBean (types: org.springframework.scheduling.annotation.AsyncConfigurer; SearchStrategy: all) did not find any beans (OnBeanCondition)

   TaskExecutorConfigurations.TaskExecutorConfiguration matched:
      - AnyNestedCondition 1 matched 1 did not; NestedCondition on TaskExecutorConfigurations.OnExecutorCondition.ModelCondition @ConditionalOnProperty (spring.task.execution.mode=force) did not find property 'spring.task.execution.mode'; NestedCondition on TaskExecutorConfigurations.OnExecutorCondition.ExecutorBeanCondition @ConditionalOnMissingBean (types: java.util.concurrent.Executor; SearchStrategy: all) did not find any beans (TaskExecutorConfigurations.OnExecutorCondition)

   TaskExecutorConfigurations.TaskExecutorConfiguration#applicationTaskExecutor matched:
      - @ConditionalOnThreading found PLATFORM (OnThreadingCondition)


Negative matches:
-----------------

   TaskExecutorConfigurations.TaskExecutorConfiguration#applicationTaskExecutorVirtualThreads:
      Did not match:
         - @ConditionalOnThreading did not find VIRTUAL (OnThreadingCondition)


Exclusions:
-----------

    None


Unconditional classes:
----------------------

    None



2026-05-22 14:18:26.149 INFO  [File Watcher] o.s.b.d.a.LocalDevToolsAutoConfiguration$RestartingClassPathChangeChangedEventListener - Restarting due to 90 class path changes (90 additions, 0 deletions, 0 modifications)
2026-05-22 14:18:26.150 INFO  [Thread-7] o.s.b.w.e.tomcat.GracefulShutdown - Commencing graceful shutdown. Waiting for active requests to complete
2026-05-22 14:18:26.151 INFO  [tomcat-shutdown] o.a.coyote.http11.Http11NioProtocol - Pausing ProtocolHandler ["http-nio-15000"]
2026-05-22 14:18:26.248 INFO  [tomcat-shutdown] o.s.b.w.e.tomcat.GracefulShutdown - Graceful shutdown complete
2026-05-22 14:18:26.249 INFO  [Thread-7] o.a.coyote.http11.Http11NioProtocol - Stopping ProtocolHandler ["http-nio-15000"]
2026-05-22 14:18:26.251 INFO  [Thread-7] o.s.o.j.LocalContainerEntityManagerFactoryBean - Closing JPA EntityManagerFactory for persistence unit 'default'
2026-05-22 14:18:26.251 INFO  [Thread-7] com.zaxxer.hikari.HikariDataSource - HikariPool-2 - Shutdown initiated...
2026-05-22 14:18:26.255 INFO  [Thread-7] com.zaxxer.hikari.HikariDataSource - HikariPool-2 - Shutdown completed.
2026-05-22 14:18:26.318 INFO  [restartedMain] c.k.a.AlgogaServerApplication - Starting AlgogaServerApplication using Java 17.0.18 with PID 17400 (C:\Algoga-backend\build\classes\java\main started by user in C:\Algoga-backend)
2026-05-22 14:18:26.318 INFO  [restartedMain] c.k.a.AlgogaServerApplication - No active profile set, falling back to 1 default profile: "default"
2026-05-22 14:18:26.566 INFO  [restartedMain] o.s.d.r.c.RepositoryConfigurationDelegate - Bootstrapping Spring Data JPA repositories in DEFAULT mode.
2026-05-22 14:18:26.586 INFO  [restartedMain] o.s.d.r.c.RepositoryConfigurationDelegate - Finished Spring Data repository scanning in 19 ms. Found 2 JPA repository interfaces.
2026-05-22 14:18:26.668 INFO  [restartedMain] o.s.b.w.embedded.tomcat.TomcatWebServer - Tomcat initialized with port 15000 (http)
2026-05-22 14:18:26.668 INFO  [restartedMain] o.a.coyote.http11.Http11NioProtocol - Initializing ProtocolHandler ["http-nio-15000"]
2026-05-22 14:18:26.668 INFO  [restartedMain] o.apache.catalina.core.StandardService - Starting service [Tomcat]
2026-05-22 14:18:26.668 INFO  [restartedMain] o.apache.catalina.core.StandardEngine - Starting Servlet engine: [Apache Tomcat/10.1.54]
2026-05-22 14:18:26.680 INFO  [restartedMain] o.a.c.c.C.[Tomcat].[localhost].[/] - Initializing Spring embedded WebApplicationContext
2026-05-22 14:18:26.681 INFO  [restartedMain] o.s.b.w.s.c.ServletWebServerApplicationContext - Root WebApplicationContext: initialization completed in 362 ms
2026-05-22 14:18:26.716 INFO  [restartedMain] o.hibernate.jpa.internal.util.LogHelper - HHH000204: Processing PersistenceUnitInfo [name: default]
2026-05-22 14:18:26.719 INFO  [restartedMain] o.h.c.internal.RegionFactoryInitiator - HHH000026: Second-level cache disabled
2026-05-22 14:18:26.724 INFO  [restartedMain] o.s.o.j.p.SpringPersistenceUnitInfo - No LoadTimeWeaver setup: ignoring JPA class transformer
2026-05-22 14:18:26.724 INFO  [restartedMain] com.zaxxer.hikari.HikariDataSource - HikariPool-3 - Starting...
2026-05-22 14:18:26.732 INFO  [restartedMain] com.zaxxer.hikari.pool.HikariPool - HikariPool-3 - Added connection com.mysql.cj.jdbc.ConnectionImpl@7f038371
2026-05-22 14:18:26.733 INFO  [restartedMain] com.zaxxer.hikari.HikariDataSource - HikariPool-3 - Start completed.
2026-05-22 14:18:26.733 INFO  [restartedMain] org.hibernate.orm.connections.pooling - HHH10001005: Database info:
	Database JDBC URL [Connecting through datasource 'HikariDataSource (HikariPool-3)']
	Database driver: undefined/unknown
	Database version: 8.4.8
	Autocommit mode: undefined/unknown
	Isolation level: undefined/unknown
	Minimum pool size: undefined/unknown
	Maximum pool size: undefined/unknown
2026-05-22 14:18:26.784 INFO  [restartedMain] o.h.e.t.j.p.i.JtaPlatformInitiator - HHH000489: No JTA platform available (set 'hibernate.transaction.jta.platform' to enable JTA platform integration)
2026-05-22 14:18:26.807 INFO  [restartedMain] o.s.o.j.LocalContainerEntityManagerFactoryBean - Initialized JPA EntityManagerFactory for persistence unit 'default'
2026-05-22 14:18:26.985 WARN  [restartedMain] o.s.b.a.o.j.JpaBaseConfiguration$JpaWebConfiguration - spring.jpa.open-in-view is enabled by default. Therefore, database queries may be performed during view rendering. Explicitly configure spring.jpa.open-in-view to disable this warning
2026-05-22 14:18:27.213 INFO  [restartedMain] o.s.b.d.a.OptionalLiveReloadServer - LiveReload server is running on port 35729
2026-05-22 14:18:27.220 INFO  [restartedMain] o.a.coyote.http11.Http11NioProtocol - Starting ProtocolHandler ["http-nio-15000"]
2026-05-22 14:18:27.223 INFO  [restartedMain] o.s.b.w.embedded.tomcat.TomcatWebServer - Tomcat started on port 15000 (http) with context path '/'
2026-05-22 14:18:27.226 INFO  [restartedMain] c.k.a.AlgogaServerApplication - Started AlgogaServerApplication in 0.927 seconds (process running for 77.8)
2026-05-22 14:18:27.227 WARN  [restartedMain] o.s.core.events.SpringDocAppInitializer - SpringDoc /v3/api-docs endpoint is enabled by default. To disable it in production, set the property 'springdoc.api-docs.enabled=false'
2026-05-22 14:18:27.227 WARN  [restartedMain] o.s.core.events.SpringDocAppInitializer - SpringDoc /swagger-ui.html endpoint is enabled by default. To disable it in production, set the property 'springdoc.swagger-ui.enabled=false'
2026-05-22 14:18:27.227 INFO  [restartedMain] o.s.b.d.a.ConditionEvaluationDeltaLoggingListener - Condition evaluation delta:


==========================
CONDITION EVALUATION DELTA
==========================


Positive matches:
-----------------

    None


Negative matches:
-----------------

   SpringBootWebSecurityConfiguration.SecurityFilterChainConfiguration:
      Did not match:
         - AllNestedConditions 1 matched 1 did not; NestedCondition on DefaultWebSecurityCondition.Beans @ConditionalOnMissingBean (types: org.springframework.security.web.SecurityFilterChain; SearchStrategy: all) found beans of type 'org.springframework.security.web.SecurityFilterChain' securityFilterChain; NestedCondition on DefaultWebSecurityCondition.Classes @ConditionalOnClass found required classes 'org.springframework.security.web.SecurityFilterChain', 'org.springframework.security.config.annotation.web.builders.HttpSecurity' (DefaultWebSecurityCondition)

   SpringBootWebSecurityConfiguration.WebSecurityEnablerConfiguration:
      Did not match:
         - @ConditionalOnMissingBean (names: springSecurityFilterChain; SearchStrategy: all) found beans named springSecurityFilterChain (OnBeanCondition)
      Matched:
         - @ConditionalOnClass found required class 'org.springframework.security.config.annotation.web.configuration.EnableWebSecurity' (OnClassCondition)

   TaskExecutorConfigurations.TaskExecutorConfiguration:
      Did not match:
         - AnyNestedCondition 0 matched 2 did not; NestedCondition on TaskExecutorConfigurations.OnExecutorCondition.ModelCondition @ConditionalOnProperty (spring.task.execution.mode=force) did not find property 'spring.task.execution.mode'; NestedCondition on TaskExecutorConfigurations.OnExecutorCondition.ExecutorBeanCondition @ConditionalOnMissingBean (types: java.util.concurrent.Executor; SearchStrategy: all) found beans of type 'java.util.concurrent.Executor' taskExecutor (TaskExecutorConfigurations.OnExecutorCondition)


Exclusions:
-----------

    None


Unconditional classes:
----------------------

    None



2026-05-22 14:22:37.833 INFO  [File Watcher] o.s.b.d.a.LocalDevToolsAutoConfiguration$RestartingClassPathChangeChangedEventListener - Restarting due to 4 class path changes (0 additions, 4 deletions, 0 modifications)
2026-05-22 14:22:37.834 INFO  [Thread-11] o.s.b.w.e.tomcat.GracefulShutdown - Commencing graceful shutdown. Waiting for active requests to complete
2026-05-22 14:22:37.835 INFO  [tomcat-shutdown] o.a.coyote.http11.Http11NioProtocol - Pausing ProtocolHandler ["http-nio-15000"]
2026-05-22 14:22:37.939 INFO  [tomcat-shutdown] o.s.b.w.e.tomcat.GracefulShutdown - Graceful shutdown complete
2026-05-22 14:22:37.940 INFO  [Thread-11] o.a.coyote.http11.Http11NioProtocol - Stopping ProtocolHandler ["http-nio-15000"]
2026-05-22 14:22:37.941 INFO  [Thread-11] o.s.o.j.LocalContainerEntityManagerFactoryBean - Closing JPA EntityManagerFactory for persistence unit 'default'
2026-05-22 14:22:37.942 INFO  [Thread-11] com.zaxxer.hikari.HikariDataSource - HikariPool-3 - Shutdown initiated...
2026-05-22 14:22:37.944 INFO  [Thread-11] com.zaxxer.hikari.HikariDataSource - HikariPool-3 - Shutdown completed.
2026-05-22 14:22:38.001 INFO  [restartedMain] c.k.a.AlgogaServerApplication - Starting AlgogaServerApplication using Java 17.0.18 with PID 17400 (C:\Algoga-backend\build\classes\java\main started by user in C:\Algoga-backend)
2026-05-22 14:22:38.001 INFO  [restartedMain] c.k.a.AlgogaServerApplication - No active profile set, falling back to 1 default profile: "default"
2026-05-22 14:22:38.178 INFO  [restartedMain] o.s.d.r.c.RepositoryConfigurationDelegate - Bootstrapping Spring Data JPA repositories in DEFAULT mode.
2026-05-22 14:22:38.207 INFO  [restartedMain] o.s.d.r.c.RepositoryConfigurationDelegate - Finished Spring Data repository scanning in 28 ms. Found 2 JPA repository interfaces.
2026-05-22 14:22:38.299 INFO  [restartedMain] o.s.b.w.embedded.tomcat.TomcatWebServer - Tomcat initialized with port 15000 (http)
2026-05-22 14:22:38.300 INFO  [restartedMain] o.a.coyote.http11.Http11NioProtocol - Initializing ProtocolHandler ["http-nio-15000"]
2026-05-22 14:22:38.300 INFO  [restartedMain] o.apache.catalina.core.StandardService - Starting service [Tomcat]
2026-05-22 14:22:38.301 INFO  [restartedMain] o.apache.catalina.core.StandardEngine - Starting Servlet engine: [Apache Tomcat/10.1.54]
2026-05-22 14:22:38.330 INFO  [restartedMain] o.a.c.c.C.[Tomcat].[localhost].[/] - Initializing Spring embedded WebApplicationContext
2026-05-22 14:22:38.330 INFO  [restartedMain] o.s.b.w.s.c.ServletWebServerApplicationContext - Root WebApplicationContext: initialization completed in 327 ms
2026-05-22 14:22:38.388 INFO  [restartedMain] o.hibernate.jpa.internal.util.LogHelper - HHH000204: Processing PersistenceUnitInfo [name: default]
2026-05-22 14:22:38.391 INFO  [restartedMain] o.h.c.internal.RegionFactoryInitiator - HHH000026: Second-level cache disabled
2026-05-22 14:22:38.401 INFO  [restartedMain] o.s.o.j.p.SpringPersistenceUnitInfo - No LoadTimeWeaver setup: ignoring JPA class transformer
2026-05-22 14:22:38.402 INFO  [restartedMain] com.zaxxer.hikari.HikariDataSource - HikariPool-4 - Starting...
2026-05-22 14:22:38.415 INFO  [restartedMain] com.zaxxer.hikari.pool.HikariPool - HikariPool-4 - Added connection com.mysql.cj.jdbc.ConnectionImpl@6e3f60f7
2026-05-22 14:22:38.415 INFO  [restartedMain] com.zaxxer.hikari.HikariDataSource - HikariPool-4 - Start completed.
2026-05-22 14:22:38.416 INFO  [restartedMain] org.hibernate.orm.connections.pooling - HHH10001005: Database info:
	Database JDBC URL [Connecting through datasource 'HikariDataSource (HikariPool-4)']
	Database driver: undefined/unknown
	Database version: 8.4.8
	Autocommit mode: undefined/unknown
	Isolation level: undefined/unknown
	Minimum pool size: undefined/unknown
	Maximum pool size: undefined/unknown
2026-05-22 14:22:38.480 INFO  [restartedMain] o.h.e.t.j.p.i.JtaPlatformInitiator - HHH000489: No JTA platform available (set 'hibernate.transaction.jta.platform' to enable JTA platform integration)
2026-05-22 14:22:38.489 DEBUG [restartedMain] org.hibernate.SQL - 
    alter table lectures 
       modify column description tinytext not null
2026-05-22 14:22:38.542 INFO  [restartedMain] o.s.o.j.LocalContainerEntityManagerFactoryBean - Initialized JPA EntityManagerFactory for persistence unit 'default'
2026-05-22 14:22:38.714 WARN  [restartedMain] o.s.b.a.o.j.JpaBaseConfiguration$JpaWebConfiguration - spring.jpa.open-in-view is enabled by default. Therefore, database queries may be performed during view rendering. Explicitly configure spring.jpa.open-in-view to disable this warning
2026-05-22 14:22:38.916 INFO  [restartedMain] o.s.b.d.a.OptionalLiveReloadServer - LiveReload server is running on port 35729
2026-05-22 14:22:38.924 INFO  [restartedMain] o.a.coyote.http11.Http11NioProtocol - Starting ProtocolHandler ["http-nio-15000"]
2026-05-22 14:22:38.926 INFO  [restartedMain] o.s.b.w.embedded.tomcat.TomcatWebServer - Tomcat started on port 15000 (http) with context path '/'
2026-05-22 14:22:38.929 INFO  [restartedMain] c.k.a.AlgogaServerApplication - Started AlgogaServerApplication in 0.955 seconds (process running for 329.502)
2026-05-22 14:22:38.929 WARN  [restartedMain] o.s.core.events.SpringDocAppInitializer - SpringDoc /v3/api-docs endpoint is enabled by default. To disable it in production, set the property 'springdoc.api-docs.enabled=false'
2026-05-22 14:22:38.929 WARN  [restartedMain] o.s.core.events.SpringDocAppInitializer - SpringDoc /swagger-ui.html endpoint is enabled by default. To disable it in production, set the property 'springdoc.swagger-ui.enabled=false'
2026-05-22 14:22:38.930 INFO  [restartedMain] o.s.b.d.a.ConditionEvaluationDeltaLoggingListener - Condition evaluation unchanged
2026-05-22 14:22:40.376 INFO  [File Watcher] o.s.b.d.a.LocalDevToolsAutoConfiguration$RestartingClassPathChangeChangedEventListener - Restarting due to 4 class path changes (4 additions, 0 deletions, 0 modifications)
2026-05-22 14:22:40.378 INFO  [Thread-15] o.s.b.w.e.tomcat.GracefulShutdown - Commencing graceful shutdown. Waiting for active requests to complete
2026-05-22 14:22:40.378 INFO  [tomcat-shutdown] o.a.coyote.http11.Http11NioProtocol - Pausing ProtocolHandler ["http-nio-15000"]
2026-05-22 14:22:40.475 INFO  [tomcat-shutdown] o.s.b.w.e.tomcat.GracefulShutdown - Graceful shutdown complete
2026-05-22 14:22:40.476 INFO  [Thread-15] o.a.coyote.http11.Http11NioProtocol - Stopping ProtocolHandler ["http-nio-15000"]
2026-05-22 14:22:40.477 INFO  [Thread-15] o.s.o.j.LocalContainerEntityManagerFactoryBean - Closing JPA EntityManagerFactory for persistence unit 'default'
2026-05-22 14:22:40.478 INFO  [Thread-15] com.zaxxer.hikari.HikariDataSource - HikariPool-4 - Shutdown initiated...
2026-05-22 14:22:40.481 INFO  [Thread-15] com.zaxxer.hikari.HikariDataSource - HikariPool-4 - Shutdown completed.
2026-05-22 14:22:40.535 INFO  [restartedMain] c.k.a.AlgogaServerApplication - Starting AlgogaServerApplication using Java 17.0.18 with PID 17400 (C:\Algoga-backend\build\classes\java\main started by user in C:\Algoga-backend)
2026-05-22 14:22:40.535 INFO  [restartedMain] c.k.a.AlgogaServerApplication - No active profile set, falling back to 1 default profile: "default"
2026-05-22 14:22:40.678 INFO  [restartedMain] o.s.d.r.c.RepositoryConfigurationDelegate - Bootstrapping Spring Data JPA repositories in DEFAULT mode.
2026-05-22 14:22:40.697 INFO  [restartedMain] o.s.d.r.c.RepositoryConfigurationDelegate - Finished Spring Data repository scanning in 18 ms. Found 2 JPA repository interfaces.
2026-05-22 14:22:40.771 INFO  [restartedMain] o.s.b.w.embedded.tomcat.TomcatWebServer - Tomcat initialized with port 15000 (http)
2026-05-22 14:22:40.772 INFO  [restartedMain] o.a.coyote.http11.Http11NioProtocol - Initializing ProtocolHandler ["http-nio-15000"]
2026-05-22 14:22:40.772 INFO  [restartedMain] o.apache.catalina.core.StandardService - Starting service [Tomcat]
2026-05-22 14:22:40.772 INFO  [restartedMain] o.apache.catalina.core.StandardEngine - Starting Servlet engine: [Apache Tomcat/10.1.54]
2026-05-22 14:22:40.784 INFO  [restartedMain] o.a.c.c.C.[Tomcat].[localhost].[/] - Initializing Spring embedded WebApplicationContext
2026-05-22 14:22:40.784 INFO  [restartedMain] o.s.b.w.s.c.ServletWebServerApplicationContext - Root WebApplicationContext: initialization completed in 247 ms
2026-05-22 14:22:40.826 INFO  [restartedMain] o.hibernate.jpa.internal.util.LogHelper - HHH000204: Processing PersistenceUnitInfo [name: default]
2026-05-22 14:22:40.828 INFO  [restartedMain] o.h.c.internal.RegionFactoryInitiator - HHH000026: Second-level cache disabled
2026-05-22 14:22:40.833 INFO  [restartedMain] o.s.o.j.p.SpringPersistenceUnitInfo - No LoadTimeWeaver setup: ignoring JPA class transformer
2026-05-22 14:22:40.833 INFO  [restartedMain] com.zaxxer.hikari.HikariDataSource - HikariPool-5 - Starting...
2026-05-22 14:22:40.840 INFO  [restartedMain] com.zaxxer.hikari.pool.HikariPool - HikariPool-5 - Added connection com.mysql.cj.jdbc.ConnectionImpl@4d06bf9
2026-05-22 14:22:40.841 INFO  [restartedMain] com.zaxxer.hikari.HikariDataSource - HikariPool-5 - Start completed.
2026-05-22 14:22:40.841 INFO  [restartedMain] org.hibernate.orm.connections.pooling - HHH10001005: Database info:
	Database JDBC URL [Connecting through datasource 'HikariDataSource (HikariPool-5)']
	Database driver: undefined/unknown
	Database version: 8.4.8
	Autocommit mode: undefined/unknown
	Isolation level: undefined/unknown
	Minimum pool size: undefined/unknown
	Maximum pool size: undefined/unknown
2026-05-22 14:22:40.876 INFO  [restartedMain] o.h.e.t.j.p.i.JtaPlatformInitiator - HHH000489: No JTA platform available (set 'hibernate.transaction.jta.platform' to enable JTA platform integration)
2026-05-22 14:22:40.888 INFO  [restartedMain] o.s.o.j.LocalContainerEntityManagerFactoryBean - Initialized JPA EntityManagerFactory for persistence unit 'default'
2026-05-22 14:22:41.003 WARN  [restartedMain] o.s.b.a.o.j.JpaBaseConfiguration$JpaWebConfiguration - spring.jpa.open-in-view is enabled by default. Therefore, database queries may be performed during view rendering. Explicitly configure spring.jpa.open-in-view to disable this warning
2026-05-22 14:22:41.242 INFO  [restartedMain] o.s.b.d.a.OptionalLiveReloadServer - LiveReload server is running on port 35729
2026-05-22 14:22:41.254 INFO  [restartedMain] o.a.coyote.http11.Http11NioProtocol - Starting ProtocolHandler ["http-nio-15000"]
2026-05-22 14:22:41.257 INFO  [restartedMain] o.s.b.w.embedded.tomcat.TomcatWebServer - Tomcat started on port 15000 (http) with context path '/'
2026-05-22 14:22:41.262 INFO  [restartedMain] c.k.a.AlgogaServerApplication - Started AlgogaServerApplication in 0.747 seconds (process running for 331.836)
2026-05-22 14:22:41.262 WARN  [restartedMain] o.s.core.events.SpringDocAppInitializer - SpringDoc /v3/api-docs endpoint is enabled by default. To disable it in production, set the property 'springdoc.api-docs.enabled=false'
2026-05-22 14:22:41.262 WARN  [restartedMain] o.s.core.events.SpringDocAppInitializer - SpringDoc /swagger-ui.html endpoint is enabled by default. To disable it in production, set the property 'springdoc.swagger-ui.enabled=false'
2026-05-22 14:22:41.263 INFO  [restartedMain] o.s.b.d.a.ConditionEvaluationDeltaLoggingListener - Condition evaluation unchanged
2026-05-22 14:22:57.066 INFO  [File Watcher] o.s.b.d.a.LocalDevToolsAutoConfiguration$RestartingClassPathChangeChangedEventListener - Restarting due to 4 class path changes (0 additions, 0 deletions, 4 modifications)
2026-05-22 14:22:57.067 INFO  [Thread-19] o.s.b.w.e.tomcat.GracefulShutdown - Commencing graceful shutdown. Waiting for active requests to complete
2026-05-22 14:22:57.068 INFO  [tomcat-shutdown] o.a.coyote.http11.Http11NioProtocol - Pausing ProtocolHandler ["http-nio-15000"]
2026-05-22 14:22:57.167 INFO  [tomcat-shutdown] o.s.b.w.e.tomcat.GracefulShutdown - Graceful shutdown complete
2026-05-22 14:22:57.167 INFO  [Thread-19] o.a.coyote.http11.Http11NioProtocol - Stopping ProtocolHandler ["http-nio-15000"]
2026-05-22 14:22:57.168 INFO  [Thread-19] o.s.o.j.LocalContainerEntityManagerFactoryBean - Closing JPA EntityManagerFactory for persistence unit 'default'
2026-05-22 14:22:57.169 INFO  [Thread-19] com.zaxxer.hikari.HikariDataSource - HikariPool-5 - Shutdown initiated...
2026-05-22 14:22:57.171 INFO  [Thread-19] com.zaxxer.hikari.HikariDataSource - HikariPool-5 - Shutdown completed.
2026-05-22 14:22:57.240 INFO  [restartedMain] c.k.a.AlgogaServerApplication - Starting AlgogaServerApplication using Java 17.0.18 with PID 17400 (C:\Algoga-backend\build\classes\java\main started by user in C:\Algoga-backend)
2026-05-22 14:22:57.240 INFO  [restartedMain] c.k.a.AlgogaServerApplication - No active profile set, falling back to 1 default profile: "default"
2026-05-22 14:22:57.389 INFO  [restartedMain] o.s.d.r.c.RepositoryConfigurationDelegate - Bootstrapping Spring Data JPA repositories in DEFAULT mode.
2026-05-22 14:22:57.411 INFO  [restartedMain] o.s.d.r.c.RepositoryConfigurationDelegate - Finished Spring Data repository scanning in 21 ms. Found 2 JPA repository interfaces.
2026-05-22 14:22:57.489 INFO  [restartedMain] o.s.b.w.embedded.tomcat.TomcatWebServer - Tomcat initialized with port 15000 (http)
2026-05-22 14:22:57.489 INFO  [restartedMain] o.a.coyote.http11.Http11NioProtocol - Initializing ProtocolHandler ["http-nio-15000"]
2026-05-22 14:22:57.489 INFO  [restartedMain] o.apache.catalina.core.StandardService - Starting service [Tomcat]
2026-05-22 14:22:57.489 INFO  [restartedMain] o.apache.catalina.core.StandardEngine - Starting Servlet engine: [Apache Tomcat/10.1.54]
2026-05-22 14:22:57.502 INFO  [restartedMain] o.a.c.c.C.[Tomcat].[localhost].[/] - Initializing Spring embedded WebApplicationContext
2026-05-22 14:22:57.502 INFO  [restartedMain] o.s.b.w.s.c.ServletWebServerApplicationContext - Root WebApplicationContext: initialization completed in 261 ms
2026-05-22 14:22:57.541 INFO  [restartedMain] o.hibernate.jpa.internal.util.LogHelper - HHH000204: Processing PersistenceUnitInfo [name: default]
2026-05-22 14:22:57.543 INFO  [restartedMain] o.h.c.internal.RegionFactoryInitiator - HHH000026: Second-level cache disabled
2026-05-22 14:22:57.549 INFO  [restartedMain] o.s.o.j.p.SpringPersistenceUnitInfo - No LoadTimeWeaver setup: ignoring JPA class transformer
2026-05-22 14:22:57.549 INFO  [restartedMain] com.zaxxer.hikari.HikariDataSource - HikariPool-6 - Starting...
2026-05-22 14:22:57.557 INFO  [restartedMain] com.zaxxer.hikari.pool.HikariPool - HikariPool-6 - Added connection com.mysql.cj.jdbc.ConnectionImpl@b3dfd2c
2026-05-22 14:22:57.557 INFO  [restartedMain] com.zaxxer.hikari.HikariDataSource - HikariPool-6 - Start completed.
2026-05-22 14:22:57.558 INFO  [restartedMain] org.hibernate.orm.connections.pooling - HHH10001005: Database info:
	Database JDBC URL [Connecting through datasource 'HikariDataSource (HikariPool-6)']
	Database driver: undefined/unknown
	Database version: 8.4.8
	Autocommit mode: undefined/unknown
	Isolation level: undefined/unknown
	Minimum pool size: undefined/unknown
	Maximum pool size: undefined/unknown
2026-05-22 14:22:57.592 INFO  [restartedMain] o.h.e.t.j.p.i.JtaPlatformInitiator - HHH000489: No JTA platform available (set 'hibernate.transaction.jta.platform' to enable JTA platform integration)
2026-05-22 14:22:57.600 DEBUG [restartedMain] org.hibernate.SQL - 
    alter table lectures 
       modify column file_url varchar(500)
2026-05-22 14:22:57.625 DEBUG [restartedMain] org.hibernate.SQL - 
    alter table lectures 
       modify column thumbnail_url varchar(500) not null
2026-05-22 14:22:57.691 INFO  [restartedMain] o.s.o.j.LocalContainerEntityManagerFactoryBean - Initialized JPA EntityManagerFactory for persistence unit 'default'
2026-05-22 14:22:57.808 WARN  [restartedMain] o.s.b.a.o.j.JpaBaseConfiguration$JpaWebConfiguration - spring.jpa.open-in-view is enabled by default. Therefore, database queries may be performed during view rendering. Explicitly configure spring.jpa.open-in-view to disable this warning
2026-05-22 14:22:58.020 INFO  [restartedMain] o.s.b.d.a.OptionalLiveReloadServer - LiveReload server is running on port 35729
2026-05-22 14:22:58.027 INFO  [restartedMain] o.a.coyote.http11.Http11NioProtocol - Starting ProtocolHandler ["http-nio-15000"]
2026-05-22 14:22:58.029 INFO  [restartedMain] o.s.b.w.embedded.tomcat.TomcatWebServer - Tomcat started on port 15000 (http) with context path '/'
2026-05-22 14:22:58.032 INFO  [restartedMain] c.k.a.AlgogaServerApplication - Started AlgogaServerApplication in 0.812 seconds (process running for 348.605)
2026-05-22 14:22:58.032 WARN  [restartedMain] o.s.core.events.SpringDocAppInitializer - SpringDoc /v3/api-docs endpoint is enabled by default. To disable it in production, set the property 'springdoc.api-docs.enabled=false'
2026-05-22 14:22:58.032 WARN  [restartedMain] o.s.core.events.SpringDocAppInitializer - SpringDoc /swagger-ui.html endpoint is enabled by default. To disable it in production, set the property 'springdoc.swagger-ui.enabled=false'
2026-05-22 14:22:58.033 INFO  [restartedMain] o.s.b.d.a.ConditionEvaluationDeltaLoggingListener - Condition evaluation unchanged
2026-05-22 14:23:06.681 INFO  [File Watcher] o.s.b.d.a.LocalDevToolsAutoConfiguration$RestartingClassPathChangeChangedEventListener - Restarting due to 5 class path changes (0 additions, 5 deletions, 0 modifications)
2026-05-22 14:23:06.683 INFO  [Thread-23] o.s.b.w.e.tomcat.GracefulShutdown - Commencing graceful shutdown. Waiting for active requests to complete
2026-05-22 14:23:06.683 INFO  [tomcat-shutdown] o.a.coyote.http11.Http11NioProtocol - Pausing ProtocolHandler ["http-nio-15000"]
2026-05-22 14:23:06.788 INFO  [tomcat-shutdown] o.s.b.w.e.tomcat.GracefulShutdown - Graceful shutdown complete
2026-05-22 14:23:06.789 INFO  [Thread-23] o.a.coyote.http11.Http11NioProtocol - Stopping ProtocolHandler ["http-nio-15000"]
2026-05-22 14:23:06.790 INFO  [Thread-23] o.s.o.j.LocalContainerEntityManagerFactoryBean - Closing JPA EntityManagerFactory for persistence unit 'default'
2026-05-22 14:23:06.790 INFO  [Thread-23] com.zaxxer.hikari.HikariDataSource - HikariPool-6 - Shutdown initiated...
2026-05-22 14:23:06.793 INFO  [Thread-23] com.zaxxer.hikari.HikariDataSource - HikariPool-6 - Shutdown completed.
2026-05-22 14:23:06.850 INFO  [restartedMain] c.k.a.AlgogaServerApplication - Starting AlgogaServerApplication using Java 17.0.18 with PID 17400 (C:\Algoga-backend\build\classes\java\main started by user in C:\Algoga-backend)
2026-05-22 14:23:06.850 INFO  [restartedMain] c.k.a.AlgogaServerApplication - No active profile set, falling back to 1 default profile: "default"
2026-05-22 14:23:07.042 INFO  [restartedMain] o.s.d.r.c.RepositoryConfigurationDelegate - Bootstrapping Spring Data JPA repositories in DEFAULT mode.
2026-05-22 14:23:07.061 INFO  [restartedMain] o.s.d.r.c.RepositoryConfigurationDelegate - Finished Spring Data repository scanning in 19 ms. Found 2 JPA repository interfaces.
2026-05-22 14:23:07.138 INFO  [restartedMain] o.s.b.w.embedded.tomcat.TomcatWebServer - Tomcat initialized with port 15000 (http)
2026-05-22 14:23:07.138 INFO  [restartedMain] o.a.coyote.http11.Http11NioProtocol - Initializing ProtocolHandler ["http-nio-15000"]
2026-05-22 14:23:07.139 INFO  [restartedMain] o.apache.catalina.core.StandardService - Starting service [Tomcat]
2026-05-22 14:23:07.139 INFO  [restartedMain] o.apache.catalina.core.StandardEngine - Starting Servlet engine: [Apache Tomcat/10.1.54]
2026-05-22 14:23:07.151 INFO  [restartedMain] o.a.c.c.C.[Tomcat].[localhost].[/] - Initializing Spring embedded WebApplicationContext
2026-05-22 14:23:07.151 INFO  [restartedMain] o.s.b.w.s.c.ServletWebServerApplicationContext - Root WebApplicationContext: initialization completed in 300 ms
2026-05-22 14:23:07.187 INFO  [restartedMain] o.hibernate.jpa.internal.util.LogHelper - HHH000204: Processing PersistenceUnitInfo [name: default]
2026-05-22 14:23:07.188 INFO  [restartedMain] o.h.c.internal.RegionFactoryInitiator - HHH000026: Second-level cache disabled
2026-05-22 14:23:07.193 INFO  [restartedMain] o.s.o.j.p.SpringPersistenceUnitInfo - No LoadTimeWeaver setup: ignoring JPA class transformer
2026-05-22 14:23:07.193 INFO  [restartedMain] com.zaxxer.hikari.HikariDataSource - HikariPool-7 - Starting...
2026-05-22 14:23:07.202 INFO  [restartedMain] com.zaxxer.hikari.pool.HikariPool - HikariPool-7 - Added connection com.mysql.cj.jdbc.ConnectionImpl@5ce363a8
2026-05-22 14:23:07.203 INFO  [restartedMain] com.zaxxer.hikari.HikariDataSource - HikariPool-7 - Start completed.
2026-05-22 14:23:07.203 INFO  [restartedMain] org.hibernate.orm.connections.pooling - HHH10001005: Database info:
	Database JDBC URL [Connecting through datasource 'HikariDataSource (HikariPool-7)']
	Database driver: undefined/unknown
	Database version: 8.4.8
	Autocommit mode: undefined/unknown
	Isolation level: undefined/unknown
	Minimum pool size: undefined/unknown
	Maximum pool size: undefined/unknown
2026-05-22 14:23:07.258 INFO  [restartedMain] o.h.e.t.j.p.i.JtaPlatformInitiator - HHH000489: No JTA platform available (set 'hibernate.transaction.jta.platform' to enable JTA platform integration)
2026-05-22 14:23:07.269 DEBUG [restartedMain] org.hibernate.SQL - 
    alter table chapters 
       modify column video_url varchar(500) not null
2026-05-22 14:23:07.318 INFO  [restartedMain] o.s.o.j.LocalContainerEntityManagerFactoryBean - Initialized JPA EntityManagerFactory for persistence unit 'default'
2026-05-22 14:23:07.510 WARN  [restartedMain] o.s.b.a.o.j.JpaBaseConfiguration$JpaWebConfiguration - spring.jpa.open-in-view is enabled by default. Therefore, database queries may be performed during view rendering. Explicitly configure spring.jpa.open-in-view to disable this warning
2026-05-22 14:23:07.757 INFO  [restartedMain] o.s.b.d.a.OptionalLiveReloadServer - LiveReload server is running on port 35729
2026-05-22 14:23:07.764 INFO  [restartedMain] o.a.coyote.http11.Http11NioProtocol - Starting ProtocolHandler ["http-nio-15000"]
2026-05-22 14:23:07.767 INFO  [restartedMain] o.s.b.w.embedded.tomcat.TomcatWebServer - Tomcat started on port 15000 (http) with context path '/'
2026-05-22 14:23:07.771 INFO  [restartedMain] c.k.a.AlgogaServerApplication - Started AlgogaServerApplication in 0.938 seconds (process running for 358.345)
2026-05-22 14:23:07.772 WARN  [restartedMain] o.s.core.events.SpringDocAppInitializer - SpringDoc /v3/api-docs endpoint is enabled by default. To disable it in production, set the property 'springdoc.api-docs.enabled=false'
2026-05-22 14:23:07.772 WARN  [restartedMain] o.s.core.events.SpringDocAppInitializer - SpringDoc /swagger-ui.html endpoint is enabled by default. To disable it in production, set the property 'springdoc.swagger-ui.enabled=false'
2026-05-22 14:23:07.773 INFO  [restartedMain] o.s.b.d.a.ConditionEvaluationDeltaLoggingListener - Condition evaluation unchanged
2026-05-22 14:23:09.205 INFO  [File Watcher] o.s.b.d.a.LocalDevToolsAutoConfiguration$RestartingClassPathChangeChangedEventListener - Restarting due to 5 class path changes (5 additions, 0 deletions, 0 modifications)
2026-05-22 14:23:09.206 INFO  [Thread-27] o.s.b.w.e.tomcat.GracefulShutdown - Commencing graceful shutdown. Waiting for active requests to complete
2026-05-22 14:23:09.207 INFO  [tomcat-shutdown] o.a.coyote.http11.Http11NioProtocol - Pausing ProtocolHandler ["http-nio-15000"]
2026-05-22 14:23:09.304 INFO  [tomcat-shutdown] o.s.b.w.e.tomcat.GracefulShutdown - Graceful shutdown complete
2026-05-22 14:23:09.305 INFO  [Thread-27] o.a.coyote.http11.Http11NioProtocol - Stopping ProtocolHandler ["http-nio-15000"]
2026-05-22 14:23:09.306 INFO  [Thread-27] o.s.o.j.LocalContainerEntityManagerFactoryBean - Closing JPA EntityManagerFactory for persistence unit 'default'
2026-05-22 14:23:09.306 INFO  [Thread-27] com.zaxxer.hikari.HikariDataSource - HikariPool-7 - Shutdown initiated...
2026-05-22 14:23:09.308 INFO  [Thread-27] com.zaxxer.hikari.HikariDataSource - HikariPool-7 - Shutdown completed.
2026-05-22 14:23:09.369 INFO  [restartedMain] c.k.a.AlgogaServerApplication - Starting AlgogaServerApplication using Java 17.0.18 with PID 17400 (C:\Algoga-backend\build\classes\java\main started by user in C:\Algoga-backend)
2026-05-22 14:23:09.370 INFO  [restartedMain] c.k.a.AlgogaServerApplication - No active profile set, falling back to 1 default profile: "default"
2026-05-22 14:23:09.512 INFO  [restartedMain] o.s.d.r.c.RepositoryConfigurationDelegate - Bootstrapping Spring Data JPA repositories in DEFAULT mode.
2026-05-22 14:23:09.532 INFO  [restartedMain] o.s.d.r.c.RepositoryConfigurationDelegate - Finished Spring Data repository scanning in 19 ms. Found 2 JPA repository interfaces.
2026-05-22 14:23:09.613 INFO  [restartedMain] o.s.b.w.embedded.tomcat.TomcatWebServer - Tomcat initialized with port 15000 (http)
2026-05-22 14:23:09.614 INFO  [restartedMain] o.a.coyote.http11.Http11NioProtocol - Initializing ProtocolHandler ["http-nio-15000"]
2026-05-22 14:23:09.614 INFO  [restartedMain] o.apache.catalina.core.StandardService - Starting service [Tomcat]
2026-05-22 14:23:09.614 INFO  [restartedMain] o.apache.catalina.core.StandardEngine - Starting Servlet engine: [Apache Tomcat/10.1.54]
2026-05-22 14:23:09.626 INFO  [restartedMain] o.a.c.c.C.[Tomcat].[localhost].[/] - Initializing Spring embedded WebApplicationContext
2026-05-22 14:23:09.626 INFO  [restartedMain] o.s.b.w.s.c.ServletWebServerApplicationContext - Root WebApplicationContext: initialization completed in 256 ms
2026-05-22 14:23:09.664 INFO  [restartedMain] o.hibernate.jpa.internal.util.LogHelper - HHH000204: Processing PersistenceUnitInfo [name: default]
2026-05-22 14:23:09.666 INFO  [restartedMain] o.h.c.internal.RegionFactoryInitiator - HHH000026: Second-level cache disabled
2026-05-22 14:23:09.672 INFO  [restartedMain] o.s.o.j.p.SpringPersistenceUnitInfo - No LoadTimeWeaver setup: ignoring JPA class transformer
2026-05-22 14:23:09.673 INFO  [restartedMain] com.zaxxer.hikari.HikariDataSource - HikariPool-8 - Starting...
2026-05-22 14:23:09.682 INFO  [restartedMain] com.zaxxer.hikari.pool.HikariPool - HikariPool-8 - Added connection com.mysql.cj.jdbc.ConnectionImpl@805b77
2026-05-22 14:23:09.682 INFO  [restartedMain] com.zaxxer.hikari.HikariDataSource - HikariPool-8 - Start completed.
2026-05-22 14:23:09.683 INFO  [restartedMain] org.hibernate.orm.connections.pooling - HHH10001005: Database info:
	Database JDBC URL [Connecting through datasource 'HikariDataSource (HikariPool-8)']
	Database driver: undefined/unknown
	Database version: 8.4.8
	Autocommit mode: undefined/unknown
	Isolation level: undefined/unknown
	Minimum pool size: undefined/unknown
	Maximum pool size: undefined/unknown
2026-05-22 14:23:09.716 INFO  [restartedMain] o.h.e.t.j.p.i.JtaPlatformInitiator - HHH000489: No JTA platform available (set 'hibernate.transaction.jta.platform' to enable JTA platform integration)
2026-05-22 14:23:09.727 INFO  [restartedMain] o.s.o.j.LocalContainerEntityManagerFactoryBean - Initialized JPA EntityManagerFactory for persistence unit 'default'
2026-05-22 14:23:09.848 WARN  [restartedMain] o.s.b.a.o.j.JpaBaseConfiguration$JpaWebConfiguration - spring.jpa.open-in-view is enabled by default. Therefore, database queries may be performed during view rendering. Explicitly configure spring.jpa.open-in-view to disable this warning
2026-05-22 14:23:10.047 INFO  [restartedMain] o.s.b.d.a.OptionalLiveReloadServer - LiveReload server is running on port 35729
2026-05-22 14:23:10.054 INFO  [restartedMain] o.a.coyote.http11.Http11NioProtocol - Starting ProtocolHandler ["http-nio-15000"]
2026-05-22 14:23:10.056 INFO  [restartedMain] o.s.b.w.embedded.tomcat.TomcatWebServer - Tomcat started on port 15000 (http) with context path '/'
2026-05-22 14:23:10.059 INFO  [restartedMain] c.k.a.AlgogaServerApplication - Started AlgogaServerApplication in 0.708 seconds (process running for 360.633)
2026-05-22 14:23:10.059 WARN  [restartedMain] o.s.core.events.SpringDocAppInitializer - SpringDoc /v3/api-docs endpoint is enabled by default. To disable it in production, set the property 'springdoc.api-docs.enabled=false'
2026-05-22 14:23:10.060 WARN  [restartedMain] o.s.core.events.SpringDocAppInitializer - SpringDoc /swagger-ui.html endpoint is enabled by default. To disable it in production, set the property 'springdoc.swagger-ui.enabled=false'
2026-05-22 14:23:10.060 INFO  [restartedMain] o.s.b.d.a.ConditionEvaluationDeltaLoggingListener - Condition evaluation unchanged
2026-05-22 14:23:10.611 INFO  [SpringApplicationShutdownHook] o.s.b.w.e.tomcat.GracefulShutdown - Commencing graceful shutdown. Waiting for active requests to complete
2026-05-22 14:23:10.708 INFO  [tomcat-shutdown] o.s.b.w.e.tomcat.GracefulShutdown - Graceful shutdown complete
2026-05-22 14:23:10.710 INFO  [SpringApplicationShutdownHook] o.s.o.j.LocalContainerEntityManagerFactoryBean - Closing JPA EntityManagerFactory for persistence unit 'default'
2026-05-22 14:23:10.710 INFO  [SpringApplicationShutdownHook] com.zaxxer.hikari.HikariDataSource - HikariPool-8 - Shutdown initiated...
2026-05-22 14:23:10.712 INFO  [SpringApplicationShutdownHook] com.zaxxer.hikari.HikariDataSource - HikariPool-8 - Shutdown completed.
2026-05-22 14:23:12.413 INFO  [background-preinit] o.h.validator.internal.util.Version - HV000001: Hibernate Validator 8.0.3.Final
2026-05-22 14:23:12.446 INFO  [restartedMain] c.k.a.AlgogaServerApplication - Starting AlgogaServerApplication using Java 17.0.18 with PID 2720 (C:\Algoga-backend\build\classes\java\main started by user in C:\Algoga-backend)
2026-05-22 14:23:12.446 INFO  [restartedMain] c.k.a.AlgogaServerApplication - No active profile set, falling back to 1 default profile: "default"
2026-05-22 14:23:12.475 INFO  [restartedMain] o.s.b.d.e.DevToolsPropertyDefaultsPostProcessor - Devtools property defaults active! Set 'spring.devtools.add-properties' to 'false' to disable
2026-05-22 14:23:12.475 INFO  [restartedMain] o.s.b.d.e.DevToolsPropertyDefaultsPostProcessor - For additional web related logging consider setting the 'logging.level.web' property to 'DEBUG'
2026-05-22 14:23:13.055 INFO  [restartedMain] o.s.d.r.c.RepositoryConfigurationDelegate - Bootstrapping Spring Data JPA repositories in DEFAULT mode.
2026-05-22 14:23:13.128 INFO  [restartedMain] o.s.d.r.c.RepositoryConfigurationDelegate - Finished Spring Data repository scanning in 61 ms. Found 2 JPA repository interfaces.
2026-05-22 14:23:13.588 INFO  [restartedMain] o.s.b.w.embedded.tomcat.TomcatWebServer - Tomcat initialized with port 15000 (http)
2026-05-22 14:23:13.597 INFO  [restartedMain] o.a.coyote.http11.Http11NioProtocol - Initializing ProtocolHandler ["http-nio-15000"]
2026-05-22 14:23:13.598 INFO  [restartedMain] o.apache.catalina.core.StandardService - Starting service [Tomcat]
2026-05-22 14:23:13.598 INFO  [restartedMain] o.apache.catalina.core.StandardEngine - Starting Servlet engine: [Apache Tomcat/10.1.54]
2026-05-22 14:23:13.635 INFO  [restartedMain] o.a.c.c.C.[Tomcat].[localhost].[/] - Initializing Spring embedded WebApplicationContext
2026-05-22 14:23:13.635 INFO  [restartedMain] o.s.b.w.s.c.ServletWebServerApplicationContext - Root WebApplicationContext: initialization completed in 1160 ms
2026-05-22 14:23:13.755 INFO  [restartedMain] o.hibernate.jpa.internal.util.LogHelper - HHH000204: Processing PersistenceUnitInfo [name: default]
2026-05-22 14:23:13.788 INFO  [restartedMain] org.hibernate.Version - HHH000412: Hibernate ORM core version 6.6.49.Final
2026-05-22 14:23:13.810 INFO  [restartedMain] o.h.c.internal.RegionFactoryInitiator - HHH000026: Second-level cache disabled
2026-05-22 14:23:14.001 INFO  [restartedMain] o.s.o.j.p.SpringPersistenceUnitInfo - No LoadTimeWeaver setup: ignoring JPA class transformer
2026-05-22 14:23:14.021 INFO  [restartedMain] com.zaxxer.hikari.HikariDataSource - HikariPool-1 - Starting...
2026-05-22 14:23:14.215 INFO  [restartedMain] com.zaxxer.hikari.pool.HikariPool - HikariPool-1 - Added connection com.mysql.cj.jdbc.ConnectionImpl@7ecc9fcc
2026-05-22 14:23:14.216 INFO  [restartedMain] com.zaxxer.hikari.HikariDataSource - HikariPool-1 - Start completed.
2026-05-22 14:23:14.278 INFO  [restartedMain] org.hibernate.orm.connections.pooling - HHH10001005: Database info:
	Database JDBC URL [Connecting through datasource 'HikariDataSource (HikariPool-1)']
	Database driver: undefined/unknown
	Database version: 8.4.8
	Autocommit mode: undefined/unknown
	Isolation level: undefined/unknown
	Minimum pool size: undefined/unknown
	Maximum pool size: undefined/unknown
2026-05-22 14:23:14.900 INFO  [restartedMain] o.h.e.t.j.p.i.JtaPlatformInitiator - HHH000489: No JTA platform available (set 'hibernate.transaction.jta.platform' to enable JTA platform integration)
2026-05-22 14:23:14.954 INFO  [restartedMain] o.s.o.j.LocalContainerEntityManagerFactoryBean - Initialized JPA EntityManagerFactory for persistence unit 'default'
2026-05-22 14:23:15.254 WARN  [restartedMain] o.s.b.a.o.j.JpaBaseConfiguration$JpaWebConfiguration - spring.jpa.open-in-view is enabled by default. Therefore, database queries may be performed during view rendering. Explicitly configure spring.jpa.open-in-view to disable this warning
2026-05-22 14:23:15.808 INFO  [restartedMain] o.s.b.d.a.OptionalLiveReloadServer - LiveReload server is running on port 35729
2026-05-22 14:23:15.825 INFO  [restartedMain] o.a.coyote.http11.Http11NioProtocol - Starting ProtocolHandler ["http-nio-15000"]
2026-05-22 14:23:15.838 INFO  [restartedMain] o.s.b.w.embedded.tomcat.TomcatWebServer - Tomcat started on port 15000 (http) with context path '/'
2026-05-22 14:23:15.843 INFO  [restartedMain] c.k.a.AlgogaServerApplication - Started AlgogaServerApplication in 3.772 seconds (process running for 4.174)
2026-05-22 14:23:15.845 WARN  [restartedMain] o.s.core.events.SpringDocAppInitializer - SpringDoc /v3/api-docs endpoint is enabled by default. To disable it in production, set the property 'springdoc.api-docs.enabled=false'
2026-05-22 14:23:15.845 WARN  [restartedMain] o.s.core.events.SpringDocAppInitializer - SpringDoc /swagger-ui.html endpoint is enabled by default. To disable it in production, set the property 'springdoc.swagger-ui.enabled=false'
2026-05-22 14:23:29.109 INFO  [http-nio-15000-exec-1] o.a.c.c.C.[Tomcat].[localhost].[/] - Initializing Spring DispatcherServlet 'dispatcherServlet'
2026-05-22 14:23:29.110 INFO  [http-nio-15000-exec-1] o.s.web.servlet.DispatcherServlet - Initializing Servlet 'dispatcherServlet'
2026-05-22 14:23:29.111 INFO  [http-nio-15000-exec-1] o.s.web.servlet.DispatcherServlet - Completed initialization in 1 ms
2026-05-22 14:23:29.267 INFO  [http-nio-15000-exec-1] c.k.a.global.aop.ApiLoggingAop - [API Request] POST /api/admin/courses | Controller: AdminCourseController.createCourse()
2026-05-22 14:23:29.300 DEBUG [http-nio-15000-exec-1] org.hibernate.SQL - 
    insert 
    into
        lectures
        (country_id, description, file_url, manager_id, status, thumbnail_url, title) 
    values
        (?, ?, ?, ?, ?, ?, ?)
2026-05-22 14:23:29.339 INFO  [http-nio-15000-exec-1] c.k.a.global.aop.ApiLoggingAop - [API Response] POST /api/admin/courses | Time: 72ms
